ISO-10303-21;
HEADER;
FILE_DESCRIPTION(('ViewDefinition[DesignTransferView]'),'2;1');
FILE_NAME('S03-DISCUSSION.ifc','2026-09-30T15:58:14+08:00',(''),(''),'IfcOpenShell 0.8.5-post1','Bonsai 0.8.5-post1','Nobody');
FILE_SCHEMA(('IFC4'));
ENDSEC;
DATA;
#1=IFCPROJECT('2GnHYbvof8KPkkQCN2cpak',$,'My Project',$,$,$,$,(#10,#22),#5);
#2=IFCSIUNIT(*,.LENGTHUNIT.,$,.METRE.);
#3=IFCSIUNIT(*,.AREAUNIT.,$,.SQUARE_METRE.);
#4=IFCSIUNIT(*,.VOLUMEUNIT.,$,.CUBIC_METRE.);
#5=IFCUNITASSIGNMENT((#3,#4,#2));
#6=IFCCARTESIANPOINT((0.,0.,0.));
#7=IFCDIRECTION((0.,0.,1.));
#8=IFCDIRECTION((1.,0.,0.));
#9=IFCAXIS2PLACEMENT3D(#6,#7,#8);
#10=IFCGEOMETRICREPRESENTATIONCONTEXT($,'Model',3,1.0000000000000001E-05,#9,$);
#11=IFCGEOMETRICREPRESENTATIONSUBCONTEXT('Body','Model',*,*,*,*,#10,$,.MODEL_VIEW.,$);
#12=IFCGEOMETRICREPRESENTATIONSUBCONTEXT('Axis','Model',*,*,*,*,#10,$,.GRAPH_VIEW.,$);
#13=IFCGEOMETRICREPRESENTATIONSUBCONTEXT('Box','Model',*,*,*,*,#10,$,.MODEL_VIEW.,$);
#14=IFCGEOMETRICREPRESENTATIONSUBCONTEXT('Annotation','Model',*,*,*,*,#10,$,.SECTION_VIEW.,$);
#15=IFCGEOMETRICREPRESENTATIONSUBCONTEXT('Annotation','Model',*,*,*,*,#10,$,.ELEVATION_VIEW.,$);
#16=IFCGEOMETRICREPRESENTATIONSUBCONTEXT('Annotation','Model',*,*,*,*,#10,$,.MODEL_VIEW.,$);
#17=IFCGEOMETRICREPRESENTATIONSUBCONTEXT('Annotation','Model',*,*,*,*,#10,$,.PLAN_VIEW.,$);
#18=IFCGEOMETRICREPRESENTATIONSUBCONTEXT('Profile','Model',*,*,*,*,#10,$,.ELEVATION_VIEW.,$);
#19=IFCCARTESIANPOINT((0.,0.));
#20=IFCDIRECTION((1.,0.));
#21=IFCAXIS2PLACEMENT2D(#19,#20);
#22=IFCGEOMETRICREPRESENTATIONCONTEXT($,'Plan',2,1.0000000000000001E-05,#21,$);
#23=IFCGEOMETRICREPRESENTATIONSUBCONTEXT('Axis','Plan',*,*,*,*,#22,$,.GRAPH_VIEW.,$);
#24=IFCGEOMETRICREPRESENTATIONSUBCONTEXT('Body','Plan',*,*,*,*,#22,$,.PLAN_VIEW.,$);
#25=IFCGEOMETRICREPRESENTATIONSUBCONTEXT('Annotation','Plan',*,*,*,*,#22,$,.PLAN_VIEW.,$);
#26=IFCGEOMETRICREPRESENTATIONSUBCONTEXT('Annotation','Plan',*,*,*,*,#22,$,.REFLECTED_PLAN_VIEW.,$);
#27=IFCSITE('1VLHuwOVH9mwMwtNVO9BPJ',$,'My Site',$,$,#50,$,$,$,$,$,$,$,$);
#33=IFCBUILDING('1OGkO44UjDJARiS_Fyj$Zj',$,'My Building',$,$,#56,$,$,$,$,$,$);
#39=IFCBUILDINGSTOREY('0agIcJK8f40P3akb4J$2zH',$,'2F',$,$,#8005,$,$,$,$);
#45=IFCRELAGGREGATES('09lVegemn4su8Rv5heswrn',$,$,$,#1,(#27));
#46=IFCCARTESIANPOINT((0.,0.,0.));
#47=IFCDIRECTION((0.,0.,1.));
#48=IFCDIRECTION((1.,0.,0.));
#49=IFCAXIS2PLACEMENT3D(#46,#47,#48);
#50=IFCLOCALPLACEMENT($,#49);
#51=IFCRELAGGREGATES('0JA53qpM9EDx3xCgidsXxu',$,$,$,#27,(#33));
#52=IFCCARTESIANPOINT((0.,0.,0.));
#53=IFCDIRECTION((0.,0.,1.));
#54=IFCDIRECTION((1.,0.,0.));
#55=IFCAXIS2PLACEMENT3D(#52,#53,#54);
#56=IFCLOCALPLACEMENT(#50,#55);
#57=IFCRELAGGREGATES('20R8xmpqH4cfteQXNZHTiM',$,$,$,#33,(#39,#63));
#63=IFCBUILDINGSTOREY('3JWZLjFTHEdvLTIKS$FQl5',$,'GF',$,$,#79,$,$,$,$);
#75=IFCCARTESIANPOINT((0.,0.,0.));
#76=IFCDIRECTION((0.,0.,1.));
#77=IFCDIRECTION((1.,0.,0.));
#78=IFCAXIS2PLACEMENT3D(#75,#76,#77);
#79=IFCLOCALPLACEMENT(#56,#78);
#80=IFCWALLTYPE('2kpMz53q58bOif70$yKw44',$,'WALL-2F',$,$,(#85),$,$,$,.SOLIDWALL.);
#81=IFCMATERIAL('Unknown',$,$);
#82=IFCMATERIALLAYERSET((#84),$,$);
#83=IFCRELASSOCIATESMATERIAL('23prnlD1DB0RFG05VgGwT8',$,$,$,(#80),#82);
#84=IFCMATERIALLAYER(#81,0.10000000000000001,$,$,$,$,$);
#85=IFCPROPERTYSET('3rlsaRLTHCZg5TD10YkW9w',$,'EPset_Parametric',$,(#86));
#86=IFCPROPERTYSINGLEVALUE('LayerSetDirection',$,IFCLABEL('AXIS2'),$);
#88=IFCRELCONTAINEDINSPATIALSTRUCTURE('1dZ8Id7gzCJPN4MHmQJYFk',$,$,$,(#6316,#7468,#741,#1993,#3237,#5444,#4667,#1554,#873,#3702,#7403,#2289,#153,#7174,#2590,#253,#1133,#278,#178,#6382,#2171,#2994,#1579,#7517,#7079),#63);
#89=IFCRELDEFINESBYTYPE('0NEwALAY9BeRPUp8OQFGw2',$,$,$,(#8781,#7641,#9276,#741,#1993,#9580,#8673,#9835,#873,#153,#8175,#278,#9542,#1579,#2994,#2171,#9073,#9251,#8857,#8300,#10010,#1554,#8225,#9301,#8698,#8150,#7866,#8819,#253,#1133,#178,#7254,#9098),#80);
#153=IFCWALL('379RqzMMT9sRKRpBOR0chr',$,'Wall',$,$,#1728,#159,$,$);
#154=IFCMATERIALLAYERSETUSAGE(#82,.AXIS2.,.POSITIVE.,0.,$);
#155=IFCRELASSOCIATESMATERIAL('3YYOgqmy1AVA3lh4nv1mb3',$,$,$,(#153),#154);
#159=IFCPRODUCTDEFINITIONSHAPE($,$,(#1872,#1869));
#175=IFCPROPERTYSET('1sBrDPVVL7Bhm5jChYRyyV',$,'EPset_Parametric',$,(#177));
#176=IFCRELDEFINESBYPROPERTIES('3OLmfG1ZfARxtjFdLf1i21',$,$,$,(#153),#175);
#177=IFCPROPERTYSINGLEVALUE('Engine',$,IFCLABEL('Bonsai.DumbLayer2'),$);
#178=IFCWALL('1D4Eaaehz6ouYa1QP_dY2R',$,'Wall',$,$,#1253,#184,$,$);
#179=IFCMATERIALLAYERSETUSAGE(#82,.AXIS2.,.POSITIVE.,0.,$);
#180=IFCRELASSOCIATESMATERIAL('2MEPB5KF92FAy2jch5j6sS',$,$,$,(#178),#179);
#184=IFCPRODUCTDEFINITIONSHAPE($,$,(#1899,#1896));
#200=IFCPROPERTYSET('17jL3KDRv7XuqEZFrnWmZ9',$,'EPset_Parametric',$,(#202));
#201=IFCRELDEFINESBYPROPERTIES('0UwHLsJIX4Egi8YBRDVsvH',$,$,$,(#178),#200);
#202=IFCPROPERTYSINGLEVALUE('Engine',$,IFCLABEL('Bonsai.DumbLayer2'),$);
#253=IFCWALL('16ecCB6x90ig5Z2WlPydEO',$,'Wall',$,$,#528,#259,$,$);
#254=IFCMATERIALLAYERSETUSAGE(#82,.AXIS2.,.POSITIVE.,0.,$);
#255=IFCRELASSOCIATESMATERIAL('1nA5ibDdn9IvVOtZSynB7d',$,$,$,(#253),#254);
#259=IFCPRODUCTDEFINITIONSHAPE($,$,(#740,#737));
#275=IFCPROPERTYSET('08xHYPJPT0GQqHP$6WYhxa',$,'EPset_Parametric',$,(#277));
#276=IFCRELDEFINESBYPROPERTIES('1ozSavX_XAEw_RRwkvP1FL',$,$,$,(#253),#275);
#277=IFCPROPERTYSINGLEVALUE('Engine',$,IFCLABEL('Bonsai.DumbLayer2'),$);
#278=IFCWALL('2H2BI7bNn069OW0ONfSi5R',$,'Wall',$,$,#560,#284,$,$);
#279=IFCMATERIALLAYERSETUSAGE(#82,.AXIS2.,.POSITIVE.,0.,$);
#280=IFCRELASSOCIATESMATERIAL('07Lxd$LOL4N8UQHoTawsyF',$,$,$,(#278),#279);
#284=IFCPRODUCTDEFINITIONSHAPE($,$,(#1826,#1823));
#300=IFCPROPERTYSET('1PmbNF7Xb7YuyaLuVuqYTq',$,'EPset_Parametric',$,(#302));
#301=IFCRELDEFINESBYPROPERTIES('2h7PZgSxj0ru69NaLJzyPc',$,$,$,(#278),#300);
#302=IFCPROPERTYSINGLEVALUE('Engine',$,IFCLABEL('Bonsai.DumbLayer2'),$);
#524=IFCCARTESIANPOINT((-2.7733945846558288,4.9598945895738682,0.));
#525=IFCDIRECTION((0.,0.,1.));
#526=IFCDIRECTION((7.5497901264043123E-08,-0.99999999999999722,0.));
#527=IFCAXIS2PLACEMENT3D(#524,#525,#526);
#528=IFCLOCALPLACEMENT(#79,#527);
#542=IFCRELCONNECTSPATHELEMENTS('18uL1XIGHCAhCpaC$dECDr',$,$,$,$,#278,#253,(),(),.ATEND.,.ATSTART.);
#556=IFCCARTESIANPOINT((-2.7733942071662554,-0.040106296539306641,0.));
#557=IFCDIRECTION((0.,0.,1.));
#558=IFCDIRECTION((1.,0.,0.));
#559=IFCAXIS2PLACEMENT3D(#556,#557,#558);
#560=IFCLOCALPLACEMENT(#79,#559);
#728=IFCCARTESIANPOINTLIST2D(((0.,0.),(0.1000000464912377,0.10000000000000001),(4.9000008936629778,0.10000000000000001),(5.0000008861131882,0.)));
#729=IFCINDEXEDPOLYCURVE(#728,(IFCLINEINDEX((1,2,3,4,1))),$);
#730=IFCARBITRARYCLOSEDPROFILEDEF(.AREA.,$,#729);
#731=IFCCARTESIANPOINT((0.,0.,0.));
#732=IFCDIRECTION((0.,0.,1.));
#733=IFCDIRECTION((1.,0.,0.));
#734=IFCAXIS2PLACEMENT3D(#731,#732,#733);
#735=IFCDIRECTION((0.,0.,1.));
#736=IFCEXTRUDEDAREASOLID(#730,#734,#735,3.);
#737=IFCSHAPEREPRESENTATION(#11,'Body','SweptSolid',(#736));
#738=IFCCARTESIANPOINTLIST2D(((0.,0.),(5.0000008861131882,0.)));
#739=IFCINDEXEDPOLYCURVE(#738,$,$);
#740=IFCSHAPEREPRESENTATION(#23,'Axis','Curve2D',(#739));
#741=IFCWALL('2wcBe_X0n4Te6wmqgHAaHq',$,'Wall',$,$,#2255,#747,$,$);
#742=IFCMATERIALLAYERSETUSAGE(#82,.AXIS2.,.POSITIVE.,0.,$);
#743=IFCRELASSOCIATESMATERIAL('0v8ANv9ebEhRttRQ9Fb1y8',$,$,$,(#741),#742);
#747=IFCPRODUCTDEFINITIONSHAPE($,$,(#7942,#7939));
#763=IFCPROPERTYSET('2rVtaXbo51vwTnT8S8aTDK',$,'EPset_Parametric',$,(#765));
#764=IFCRELDEFINESBYPROPERTIES('1zTw4d_t95p8JO3RS1lehe',$,$,$,(#741),#763);
#765=IFCPROPERTYSINGLEVALUE('Engine',$,IFCLABEL('Bonsai.DumbLayer2'),$);
#873=IFCWALL('3WamPsnzT0Y8zG_PKhmx7G',$,'Wall',$,$,#2089,#879,$,$);
#874=IFCMATERIALLAYERSETUSAGE(#82,.AXIS2.,.POSITIVE.,0.,$);
#875=IFCRELASSOCIATESMATERIAL('0SpcSa1Mf8fguAeoteGZGA',$,$,$,(#873),#874);
#879=IFCPRODUCTDEFINITIONSHAPE($,$,(#2084,#2081));
#895=IFCPROPERTYSET('24qPoXRLPC3gC5ggCHWES$',$,'EPset_Parametric',$,(#897));
#896=IFCRELDEFINESBYPROPERTIES('096ifG0t18xBF3$RMlAp89',$,$,$,(#873),#895);
#897=IFCPROPERTYSINGLEVALUE('Engine',$,IFCLABEL('Bonsai.DumbLayer2'),$);
#1133=IFCWALL('3vOJoBHFbASwEnGQwf6JlR',$,'Wall',$,$,#7977,#1139,$,$);
#1134=IFCMATERIALLAYERSETUSAGE(#82,.AXIS2.,.POSITIVE.,0.,$);
#1135=IFCRELASSOCIATESMATERIAL('1SMOENUbn1Mhg$ODtI4ZWo',$,$,$,(#1133),#1134);
#1139=IFCPRODUCTDEFINITIONSHAPE($,$,(#7972,#7969));
#1155=IFCPROPERTYSET('1ESnbc1FX00gGUWgBSEQwP',$,'EPset_Parametric',$,(#1157));
#1156=IFCRELDEFINESBYPROPERTIES('1LTsw5DabDguQPP1t4MI_7',$,$,$,(#1133),#1155);
#1157=IFCPROPERTYSINGLEVALUE('Engine',$,IFCLABEL('Bonsai.DumbLayer2'),$);
#1176=IFCRELCONNECTSPATHELEMENTS('2qTWX9GX1AxwGeHMvgz4zb',$,$,$,$,#873,#741,(),(),.ATPATH.,.ATEND.);
#1249=IFCCARTESIANPOINT((4.2266056179881915,6.4598936857585594,0.));
#1250=IFCDIRECTION((0.,0.,1.));
#1251=IFCDIRECTION((-0.99999999999998868,-1.5099580252808492E-07,0.));
#1252=IFCAXIS2PLACEMENT3D(#1249,#1250,#1251);
#1253=IFCLOCALPLACEMENT(#79,#1252);
#1554=IFCWALL('0qNHWyKeD2UOG4WfRzRQiY',$,'Wall',$,$,#1813,#1560,$,$);
#1555=IFCMATERIALLAYERSETUSAGE(#82,.AXIS2.,.POSITIVE.,0.,$);
#1556=IFCRELASSOCIATESMATERIAL('3gQtQgn6T6JRjG3NDlOYd2',$,$,$,(#1554),#1555);
#1560=IFCPRODUCTDEFINITIONSHAPE($,$,(#1808,#1805));
#1576=IFCPROPERTYSET('2WDa0u33vCTA3mwYmnGuM_',$,'EPset_Parametric',$,(#1578));
#1577=IFCRELDEFINESBYPROPERTIES('2gq0r$iIv2yB36Dktjn2XL',$,$,$,(#1554),#1576);
#1578=IFCPROPERTYSINGLEVALUE('Engine',$,IFCLABEL('Bonsai.DumbLayer2'),$);
#1579=IFCWALL('0CUz_ITWP45997_Z8$uC3r',$,'Wall',$,$,#1845,#1585,$,$);
#1580=IFCMATERIALLAYERSETUSAGE(#82,.AXIS2.,.POSITIVE.,0.,$);
#1581=IFCRELASSOCIATESMATERIAL('1q_JjlT1X4Oeg7nQ0o15UD',$,$,$,(#1579),#1580);
#1585=IFCPRODUCTDEFINITIONSHAPE($,$,(#1840,#1837));
#1601=IFCPROPERTYSET('0mz80_ojb7TQT71nudEvYU',$,'EPset_Parametric',$,(#1603));
#1602=IFCRELDEFINESBYPROPERTIES('00tDyJ_drDmPmFAuilcM2u',$,$,$,(#1579),#1601);
#1603=IFCPROPERTYSINGLEVALUE('Engine',$,IFCLABEL('Bonsai.DumbLayer2'),$);
#1630=IFCRELCONNECTSPATHELEMENTS('0HY3ixo8f4_9UFO9hkHepe',$,$,$,$,#1579,#1554,(),(),.ATEND.,.ATSTART.);
#1724=IFCCARTESIANPOINT((4.2266049482928443,-2.4104899253187297,0.));
#1725=IFCDIRECTION((0.,0.,1.));
#1726=IFCDIRECTION((7.5497901264043123E-08,0.99999999999999722,0.));
#1727=IFCAXIS2PLACEMENT3D(#1724,#1725,#1726);
#1728=IFCLOCALPLACEMENT(#79,#1727);
#1795=IFCRELCONNECTSPATHELEMENTS('2f4E_3M7z5N9Nfw1lsCqsY',$,$,$,$,#1554,#278,(),(),.ATEND.,.ATSTART.);
#1796=IFCCARTESIANPOINTLIST2D(((0.,0.),(-0.099999980529283522,0.10000000000000001),(2.2448265610591687,0.10000000000000001),(2.3441734333506226,0.)));
#1797=IFCINDEXEDPOLYCURVE(#1796,(IFCLINEINDEX((1,2,3,4,1))),$);
#1798=IFCARBITRARYCLOSEDPROFILEDEF(.AREA.,$,#1797);
#1799=IFCCARTESIANPOINT((0.,0.,0.));
#1800=IFCDIRECTION((0.,0.,1.));
#1801=IFCDIRECTION((1.,0.,0.));
#1802=IFCAXIS2PLACEMENT3D(#1799,#1800,#1801);
#1803=IFCDIRECTION((0.,0.,1.));
#1804=IFCEXTRUDEDAREASOLID(#1798,#1802,#1803,3.);
#1805=IFCSHAPEREPRESENTATION(#11,'Body','SweptSolid',(#1804));
#1806=IFCCARTESIANPOINTLIST2D(((0.,0.),(2.3441734333506226,0.)));
#1807=IFCINDEXEDPOLYCURVE(#1806,$,$);
#1808=IFCSHAPEREPRESENTATION(#23,'Axis','Curve2D',(#1807));
#1809=IFCCARTESIANPOINT((0.22660603199590876,-0.040106296539306627,0.));
#1810=IFCDIRECTION((0.,0.,1.));
#1811=IFCDIRECTION((1.9470718370939353E-07,-0.99999999999998113,0.));
#1812=IFCAXIS2PLACEMENT3D(#1809,#1810,#1811);
#1813=IFCLOCALPLACEMENT(#79,#1812);
#1814=IFCCARTESIANPOINTLIST2D(((0.,0.),(0.099999992450210171,0.10000000000000001),(3.1000002196914482,0.10000000000000001),(3.0000002391621643,0.)));
#1815=IFCINDEXEDPOLYCURVE(#1814,(IFCLINEINDEX((1,2,3,4,1))),$);
#1816=IFCARBITRARYCLOSEDPROFILEDEF(.AREA.,$,#1815);
#1817=IFCCARTESIANPOINT((0.,0.,0.));
#1818=IFCDIRECTION((0.,0.,1.));
#1819=IFCDIRECTION((1.,0.,0.));
#1820=IFCAXIS2PLACEMENT3D(#1817,#1818,#1819);
#1821=IFCDIRECTION((0.,0.,1.));
#1822=IFCEXTRUDEDAREASOLID(#1816,#1820,#1821,3.);
#1823=IFCSHAPEREPRESENTATION(#11,'Body','SweptSolid',(#1822));
#1824=IFCCARTESIANPOINTLIST2D(((0.,0.),(3.0000002391621643,0.)));
#1825=IFCINDEXEDPOLYCURVE(#1824,$,$);
#1826=IFCSHAPEREPRESENTATION(#23,'Axis','Curve2D',(#1825));
#1827=IFCRELCONNECTSPATHELEMENTS('1qPfqihTjBtxa6r96rWsKk',$,$,$,$,#1579,#153,(),(),.ATSTART.,.ATEND.);
#1828=IFCCARTESIANPOINTLIST2D(((0.,0.),(0.099346872291453711,0.10000000000000001),(3.8994269364620506,0.10000000000000001),(4.0000843307739169,0.)));
#1829=IFCINDEXEDPOLYCURVE(#1828,(IFCLINEINDEX((1,2,3,4,1))),$);
#1830=IFCARBITRARYCLOSEDPROFILEDEF(.AREA.,$,#1829);
#1831=IFCCARTESIANPOINT((0.,0.,0.));
#1832=IFCDIRECTION((0.,0.,1.));
#1833=IFCDIRECTION((1.,0.,0.));
#1834=IFCAXIS2PLACEMENT3D(#1831,#1832,#1833);
#1835=IFCDIRECTION((0.,0.,1.));
#1836=IFCEXTRUDEDAREASOLID(#1830,#1834,#1835,3.);
#1837=IFCSHAPEREPRESENTATION(#11,'Body','SweptSolid',(#1836));
#1838=IFCCARTESIANPOINTLIST2D(((0.,0.),(4.0000843307739169,0.)));
#1839=IFCINDEXEDPOLYCURVE(#1838,$,$);
#1840=IFCSHAPEREPRESENTATION(#23,'Axis','Curve2D',(#1839));
#1841=IFCCARTESIANPOINT((0.2266064884233161,-2.3842797298898843,0.));
#1842=IFCDIRECTION((0.,0.,1.));
#1843=IFCDIRECTION((0.99997853272649084,-0.0065524107147446227,0.));
#1844=IFCAXIS2PLACEMENT3D(#1841,#1842,#1843);
#1845=IFCLOCALPLACEMENT(#79,#1844);
#1859=IFCRELCONNECTSPATHELEMENTS('1gJZsMkfr1VxJ$2VQKjhl5',$,$,$,$,#153,#178,(),(),.ATSTART.,.ATEND.);
#1860=IFCCARTESIANPOINTLIST2D(((0.,0.),(0.1006573943118666,0.10000000000000001),(8.77038358842794,0.10000000000000001),(8.8703836110773135,0.)));
#1861=IFCINDEXEDPOLYCURVE(#1860,(IFCLINEINDEX((1,2,3,4,1))),$);
#1862=IFCARBITRARYCLOSEDPROFILEDEF(.AREA.,$,#1861);
#1863=IFCCARTESIANPOINT((0.,0.,0.));
#1864=IFCDIRECTION((0.,0.,1.));
#1865=IFCDIRECTION((1.,0.,0.));
#1866=IFCAXIS2PLACEMENT3D(#1863,#1864,#1865);
#1867=IFCDIRECTION((0.,0.,1.));
#1868=IFCEXTRUDEDAREASOLID(#1862,#1866,#1867,3.);
#1869=IFCSHAPEREPRESENTATION(#11,'Body','SweptSolid',(#1868));
#1870=IFCCARTESIANPOINTLIST2D(((0.,0.),(8.8703836110773135,0.)));
#1871=IFCINDEXEDPOLYCURVE(#1870,$,$);
#1872=IFCSHAPEREPRESENTATION(#23,'Axis','Curve2D',(#1871));
#1887=IFCCARTESIANPOINTLIST2D(((0.,0.),(0.10000002264937295,0.10000000000000001),(3.2789136867508288,0.10000000000000001),(3.3785670803500478,0.)));
#1888=IFCINDEXEDPOLYCURVE(#1887,(IFCLINEINDEX((1,2,3,4,1))),$);
#1889=IFCARBITRARYCLOSEDPROFILEDEF(.AREA.,$,#1888);
#1890=IFCCARTESIANPOINT((0.,0.,0.));
#1891=IFCDIRECTION((0.,0.,1.));
#1892=IFCDIRECTION((1.,0.,0.));
#1893=IFCAXIS2PLACEMENT3D(#1890,#1891,#1892);
#1894=IFCDIRECTION((0.,0.,1.));
#1895=IFCEXTRUDEDAREASOLID(#1889,#1893,#1894,3.);
#1896=IFCSHAPEREPRESENTATION(#11,'Body','SweptSolid',(#1895));
#1897=IFCCARTESIANPOINTLIST2D(((0.,0.),(3.2785664775808256,0.)));
#1898=IFCINDEXEDPOLYCURVE(#1897,$,$);
#1899=IFCSHAPEREPRESENTATION(#23,'Axis','Curve2D',(#1898));
#1993=IFCWALL('1H7eGJcOb5Pvs7K9QyXL8w',$,'Wall',$,$,#2004,#1999,$,$);
#1994=IFCMATERIALLAYERSETUSAGE(#82,.AXIS2.,.POSITIVE.,0.,$);
#1995=IFCRELASSOCIATESMATERIAL('2we5gIA3TFM8CBUyDrl1C_',$,$,$,(#1993),#1994);
#1999=IFCPRODUCTDEFINITIONSHAPE($,$,(#7916,#7913));
#2000=IFCCARTESIANPOINT((0.8480384349822998,6.4598932266235352,0.));
#2001=IFCDIRECTION((0.,0.,1.));
#2002=IFCDIRECTION((-0.0022598922000330078,-0.99999744644036181,0.));
#2003=IFCAXIS2PLACEMENT3D(#2000,#2001,#2002);
#2004=IFCLOCALPLACEMENT(#79,#2003);
#2015=IFCPROPERTYSET('0nJAtJXMTDle90KJkmFMO1',$,'EPset_Parametric',$,(#2017));
#2016=IFCRELDEFINESBYPROPERTIES('2QxQyTdPr56et0EDuyNibm',$,$,$,(#1993),#2015);
#2017=IFCPROPERTYSINGLEVALUE('Engine',$,IFCLABEL('Bonsai.DumbLayer2'),$);
#2058=IFCRELCONNECTSPATHELEMENTS('13stpSO0T0sgGIP0ErpuaK',$,$,$,$,#1993,#873,(),(),.ATSTART.,.ATEND.);
#2072=IFCCARTESIANPOINTLIST2D(((0.,0.),(-0.099674865654185069,0.10000000000000001),(2.021336330678424,0.10000000000000001),(2.0212366371066679,0.)));
#2073=IFCINDEXEDPOLYCURVE(#2072,(IFCLINEINDEX((1,2,3,4,1))),$);
#2074=IFCARBITRARYCLOSEDPROFILEDEF(.AREA.,$,#2073);
#2075=IFCCARTESIANPOINT((0.,0.,0.));
#2076=IFCDIRECTION((0.,0.,1.));
#2077=IFCDIRECTION((1.,0.,0.));
#2078=IFCAXIS2PLACEMENT3D(#2075,#2076,#2077);
#2079=IFCDIRECTION((0.,0.,1.));
#2080=IFCEXTRUDEDAREASOLID(#2074,#2078,#2079,3.);
#2081=IFCSHAPEREPRESENTATION(#11,'Body','SweptSolid',(#2080));
#2082=IFCCARTESIANPOINTLIST2D(((0.,0.),(2.0212366371066679,0.)));
#2083=IFCINDEXEDPOLYCURVE(#2082,$,$);
#2084=IFCSHAPEREPRESENTATION(#23,'Axis','Curve2D',(#2083));
#2085=IFCCARTESIANPOINT((0.84152184664521945,3.5763168788277473,0.));
#2086=IFCDIRECTION((0.,0.,1.));
#2087=IFCDIRECTION((-0.9999995032540494,-0.00099674051505770924,0.));
#2088=IFCAXIS2PLACEMENT3D(#2085,#2086,#2087);
#2089=IFCLOCALPLACEMENT(#79,#2088);
#2117=IFCRELCONNECTSPATHELEMENTS('12K6zupWj2xQFwIG6SSpPe',$,$,$,$,#1133,#1993,(),(),.ATPATH.,.ATEND.);
#2171=IFCWALL('3Cv_U$DWTAWfjXQG0pbR8r',$,'Wall',$,$,#3036,#2177,$,$);
#2172=IFCMATERIALLAYERSETUSAGE(#82,.AXIS2.,.POSITIVE.,0.,$);
#2173=IFCRELASSOCIATESMATERIAL('2wkRUIXYT4VQ65RsY5xQNn',$,$,$,(#2171),#2172);
#2177=IFCPRODUCTDEFINITIONSHAPE($,$,(#3055,#3052));
#2193=IFCPROPERTYSET('1E_jD3Z1P8aubcj4hkqwbS',$,'EPset_Parametric',$,(#2195));
#2194=IFCRELDEFINESBYPROPERTIES('2nblh3qIP7H8RC0sdp0vCz',$,$,$,(#2171),#2193);
#2195=IFCPROPERTYSINGLEVALUE('Engine',$,IFCLABEL('Bonsai.DumbLayer2'),$);
#2251=IFCCARTESIANPOINT((-1.1797139644622803,2.6346726417541504,0.));
#2252=IFCDIRECTION((0.,0.,1.));
#2253=IFCDIRECTION((3.1391647326016301E-07,0.99999999999995071,0.));
#2254=IFCAXIS2PLACEMENT3D(#2251,#2252,#2253);
#2255=IFCLOCALPLACEMENT(#79,#2254);
#2256=IFCRELCONNECTSPATHELEMENTS('0c03MW6Wv4LBt7ihluJQJG',$,$,$,$,#741,#1133,(),(),.ATPATH.,.ATEND.);
#2283=IFCSLABTYPE('3EnANvAC13t9jakpaCFgYF',$,'SLAB',$,$,(#2287),$,$,$,.FLOOR.);
#2284=IFCMATERIALLAYERSET((#2286),$,$);
#2285=IFCRELASSOCIATESMATERIAL('29o3ISjWjFBA4otUzno6A3',$,$,$,(#2283),#2284);
#2286=IFCMATERIALLAYER(#81,0.10000000000000001,$,$,$,$,$);
#2287=IFCPROPERTYSET('0Gdy_N1Mj6oOUrGVP1wiEX',$,'EPset_Parametric',$,(#2288));
#2288=IFCPROPERTYSINGLEVALUE('LayerSetDirection',$,IFCLABEL('AXIS3'),$);
#2289=IFCSLAB('1b0RShBF54AfvYgtfXPlW4',$,'Slab',$,$,#2297,#2304,$,$);
#2290=IFCRELDEFINESBYTYPE('0CmhpZqfHEu8RswHEn10vt',$,$,$,(#8021,#10134,#2289),#2283);
#2291=IFCMATERIALLAYERSETUSAGE(#2284,.AXIS3.,.POSITIVE.,-0.10000000149011612,$);
#2292=IFCRELASSOCIATESMATERIAL('1rxiDjCdP1i9JLKL5gxGsQ',$,$,$,(#2289),#2291);
#2293=IFCCARTESIANPOINT((4.2222833633422852,-2.4061400890350342,0.));
#2294=IFCDIRECTION((0.,0.,1.));
#2295=IFCDIRECTION((1.,0.,0.));
#2296=IFCAXIS2PLACEMENT3D(#2293,#2294,#2295);
#2297=IFCLOCALPLACEMENT(#79,#2296);
#2298=IFCCARTESIANPOINTLIST2D(((0.,0.),(0.004322052001953125,8.8660335540771484),(-3.3742449283599854,8.8660335540771484),(-3.4081993103027344,7.3686561584472656),(-6.9956779479980469,7.3660345077514648),(-6.9956769943237305,2.3660337924957275),(-3.9956772327423096,2.3660337924957275),(-3.9956769943237305,0.021860361099243164),(-0.045678138732910156,0.045978784561157227),(0.,0.)));
#2299=IFCINDEXEDPOLYCURVE(#2298,$,$);
#2300=IFCDIRECTION((0.,0.,1.));
#2301=IFCARBITRARYCLOSEDPROFILEDEF(.AREA.,$,#2299);
#2302=IFCEXTRUDEDAREASOLID(#2301,#2311,#2300,0.10000000000000001);
#2303=IFCSHAPEREPRESENTATION(#11,'Body','SweptSolid',(#2302));
#2304=IFCPRODUCTDEFINITIONSHAPE($,$,(#2303));
#2305=IFCPROPERTYSET('1yiEhIioD0FvbZMeGq$i1Q',$,'EPset_Parametric',$,(#2307));
#2306=IFCRELDEFINESBYPROPERTIES('1eACauMB92q8TdM_Eb9LQg',$,$,$,(#2289),#2305);
#2307=IFCPROPERTYSINGLEVALUE('Engine',$,IFCLABEL('Bonsai.DumbLayer3'),$);
#2308=IFCCARTESIANPOINT((-0.,-0.,-0.10000000149011612));
#2309=IFCDIRECTION((0.,0.,1.));
#2310=IFCDIRECTION((1.,0.,0.));
#2311=IFCAXIS2PLACEMENT3D(#2308,#2309,#2310);
#2312=IFCDOORTYPE('0aMNHI8ALCTQfbpfn1deAK',$,'MAIN - GF',$,$,(#2313),(#2322,#2400,#2419),$,$,.DOOR.,.SINGLE_SWING_LEFT.,$,$);
#2313=IFCPROPERTYSET('1OkQBdJvj78OFzrSSbvVOo',$,'BBIM_Door',$,(#2314));
#2314=IFCPROPERTYSINGLEVALUE('Data',$,IFCTEXT('{"door_type": "SINGLE_SWING_LEFT", "overall_height": 2.0, "overall_width": 0.8999999761581421, "lining_properties": {"lining_depth": 0.08600501716136932, "lining_thickness": 0.0947365015745163, "lining_offset": -0.01569223403930664, "lining_to_panel_offset_x": 0.02500000037252903, "lining_to_panel_offset_y": 0.02500000037252903, "transom_thickness": 0.0, "threshold_thickness": 0.02500000037252903, "threshold_depth": 0.010999999940395355, "threshold_offset": 0.23000003397464752}, "panel_properties": {"panel_depth": 0.09499999135732651, "panel_width_ratio": 1.0}}'),$);
#2318=IFCCARTESIANPOINT((0.,0.,0.));
#2319=IFCDIRECTION((1.,0.,0.));
#2320=IFCDIRECTION((0.,0.,1.));
#2321=IFCAXIS2PLACEMENT3D(#2318,#2320,#2319);
#2322=IFCREPRESENTATIONMAP(#2321,#3304);
#2396=IFCCARTESIANPOINT((0.,0.,0.));
#2397=IFCDIRECTION((1.,0.,0.));
#2398=IFCDIRECTION((0.,0.,1.));
#2399=IFCAXIS2PLACEMENT3D(#2396,#2398,#2397);
#2400=IFCREPRESENTATIONMAP(#2399,#3359);
#2415=IFCCARTESIANPOINT((0.,0.,0.));
#2416=IFCDIRECTION((1.,0.,0.));
#2417=IFCDIRECTION((0.,0.,1.));
#2418=IFCAXIS2PLACEMENT3D(#2415,#2417,#2416);
#2419=IFCREPRESENTATIONMAP(#2418,#3373);
#2590=IFCDOOR('2Wf3sDtk54Pv$uLvqC36TM',$,'Door',$,$,#3398,#2599,$,2.,0.89999997615814209,$,.SINGLE_SWING_LEFT.,$);
#2591=IFCRELDEFINESBYTYPE('0WXta7j596$RuFxl4Jwc36',$,$,$,(#2590),#2312);
#2592=IFCCARTESIANPOINT((0.,0.,0.));
#2593=IFCDIRECTION((1.,0.,0.));
#2594=IFCDIRECTION((0.,1.,0.));
#2595=IFCDIRECTION((0.,0.,1.));
#2596=IFCCARTESIANTRANSFORMATIONOPERATOR3D(#2593,#2594,#2592,1.,#2595);
#2597=IFCMAPPEDITEM(#2322,#2596);
#2598=IFCSHAPEREPRESENTATION(#18,'Profile','MappedRepresentation',(#2597));
#2599=IFCPRODUCTDEFINITIONSHAPE($,$,(#2598,#2606,#2613));
#2600=IFCCARTESIANPOINT((0.,0.,0.));
#2601=IFCDIRECTION((1.,0.,0.));
#2602=IFCDIRECTION((0.,1.,0.));
#2603=IFCDIRECTION((0.,0.,1.));
#2604=IFCCARTESIANTRANSFORMATIONOPERATOR3D(#2601,#2602,#2600,1.,#2603);
#2605=IFCMAPPEDITEM(#2400,#2604);
#2606=IFCSHAPEREPRESENTATION(#11,'Body','MappedRepresentation',(#2605));
#2607=IFCCARTESIANPOINT((0.,0.,0.));
#2608=IFCDIRECTION((1.,0.,0.));
#2609=IFCDIRECTION((0.,1.,0.));
#2610=IFCDIRECTION((0.,0.,1.));
#2611=IFCCARTESIANTRANSFORMATIONOPERATOR3D(#2608,#2609,#2607,1.,#2610);
#2612=IFCMAPPEDITEM(#2419,#2611);
#2613=IFCSHAPEREPRESENTATION(#24,'Body','MappedRepresentation',(#2612));
#2614=IFCOPENINGELEMENT('1AyenYEZX2IRBg3ZKtseTO',$,'Opening',$,$,#3393,#2642,$,.OPENING.);
#2630=IFCCARTESIANPOINT((0.,0.,0.));
#2631=IFCDIRECTION((1.,0.,0.));
#2632=IFCDIRECTION((0.,0.,1.));
#2633=IFCAXIS2PLACEMENT3D(#2630,#2632,#2631);
#2634=IFCREPRESENTATIONMAP(#2633,#3383);
#2635=IFCCARTESIANPOINT((0.,0.,0.));
#2636=IFCDIRECTION((1.,0.,0.));
#2637=IFCDIRECTION((0.,1.,0.));
#2638=IFCDIRECTION((0.,0.,1.));
#2639=IFCCARTESIANTRANSFORMATIONOPERATOR3D(#2636,#2637,#2635,1.,#2638);
#2640=IFCMAPPEDITEM(#2634,#2639);
#2641=IFCSHAPEREPRESENTATION(#11,'Body','MappedRepresentation',(#2640));
#2642=IFCPRODUCTDEFINITIONSHAPE($,$,(#2641));
#2643=IFCRELVOIDSELEMENT('040ALAUTT8$eqzIkdXYAN_',$,$,$,#1579,#2614);
#2649=IFCRELFILLSELEMENT('2Y1k2tGLD2Q9s2WohZSPVu',$,$,$,#2614,#2590);
#2673=IFCCARTESIANPOINTLIST2D(((0.,0.),(0.,2.),(0.89999997615814209,2.),(0.89999997615814209,0.),(0.87499997578561306,0.),(0.87499997578561306,1.974999999627471),(0.02500000037252903,1.974999999627471),(0.02500000037252903,0.)));
#2674=IFCINDEXEDPOLYCURVE(#2673,(IFCLINEINDEX((1,2,3,4,5,6,7,8,1))),$);
#2675=IFCARBITRARYCLOSEDPROFILEDEF(.AREA.,$,#2674);
#2676=IFCCARTESIANPOINT((0.,0.0093077663332223892,0.));
#2677=IFCDIRECTION((0.,-1.,0.));
#2678=IFCDIRECTION((1.,0.,0.));
#2679=IFCAXIS2PLACEMENT3D(#2676,#2677,#2678);
#2680=IFCDIRECTION((0.,0.,-1.));
#2681=IFCEXTRUDEDAREASOLID(#2675,#2679,#2680,0.061005016788840294);
#2682=IFCCARTESIANPOINTLIST2D(((0.,0.),(0.,2.),(0.89999997615814209,2.),(0.89999997615814209,0.),(0.80526347458362579,0.),(0.80526347458362579,1.9052634984254837),(0.094736501574516296,1.9052634984254837),(0.094736501574516296,0.)));
#2683=IFCINDEXEDPOLYCURVE(#2682,(IFCLINEINDEX((1,2,3,4,5,6,7,8,1))),$);
#2684=IFCARBITRARYCLOSEDPROFILEDEF(.AREA.,$,#2683);
#2685=IFCCARTESIANPOINT((0.,-0.015692234039306641,0.));
#2686=IFCDIRECTION((0.,-1.,0.));
#2687=IFCDIRECTION((1.,0.,0.));
#2688=IFCAXIS2PLACEMENT3D(#2685,#2686,#2687);
#2689=IFCDIRECTION((0.,0.,-1.));
#2690=IFCEXTRUDEDAREASOLID(#2684,#2688,#2689,0.02500000037252903);
#2691=IFCCARTESIANPOINTLIST2D(((0.,0.),(0.7105269730091095,0.),(0.7105269730091095,0.010999999940395355),(0.,0.010999999940395355)));
#2692=IFCINDEXEDPOLYCURVE(#2691,(IFCLINEINDEX((1,2,3,4,1))),$);
#2693=IFCARBITRARYCLOSEDPROFILEDEF(.AREA.,$,#2692);
#2694=IFCCARTESIANPOINT((0.094736501574516296,0.23000003397464752,0.));
#2695=IFCDIRECTION((0.,0.,1.));
#2696=IFCDIRECTION((1.,0.,0.));
#2697=IFCAXIS2PLACEMENT3D(#2694,#2695,#2696);
#2698=IFCDIRECTION((0.,0.,1.));
#2699=IFCEXTRUDEDAREASOLID(#2693,#2697,#2698,0.02500000037252903);
#2700=IFCCARTESIANPOINTLIST2D(((0.,0.),(0.42399998770654201,0.),(0.42399998770654201,0.094999991357326508),(0.,0.094999991357326508)));
#2701=IFCINDEXEDPOLYCURVE(#2700,(IFCLINEINDEX((1,2,3,4,1))),$);
#2702=IFCARBITRARYCLOSEDPROFILEDEF(.AREA.,$,#2701);
#2703=IFCCARTESIANPOINT((0.02500000037252903,0.0093077663332223892,0.02500000037252903));
#2704=IFCDIRECTION((0.,0.,1.));
#2705=IFCDIRECTION((1.,0.,0.));
#2706=IFCAXIS2PLACEMENT3D(#2703,#2704,#2705);
#2707=IFCDIRECTION((0.,0.,1.));
#2708=IFCEXTRUDEDAREASOLID(#2702,#2706,#2707,1.9499999992549419);
#2709=IFCCARTESIANPOINTLIST2D(((0.,0.),(0.,-0.040000000000000001),(-0.12,-0.040000000000000001),(-0.12,-0.02),(-0.020000000000000018,-0.02),(-0.020000000000000018,0.)));
#2710=IFCINDEXEDPOLYCURVE(#2709,(IFCLINEINDEX((1,2,3,4,5,6,1))),$);
#2711=IFCARBITRARYCLOSEDPROFILEDEF(.AREA.,$,#2710);
#2712=IFCCARTESIANPOINT((0.39899998807907106,0.0093077663332223892,1.015000000372529));
#2713=IFCDIRECTION((0.,0.,1.));
#2714=IFCDIRECTION((1.,0.,0.));
#2715=IFCAXIS2PLACEMENT3D(#2712,#2713,#2714);
#2716=IFCDIRECTION((0.,0.,1.));
#2717=IFCEXTRUDEDAREASOLID(#2711,#2715,#2716,0.02);
#2718=IFCEXTRUDEDAREASOLID(#2719,#2722,#2726,0.02);
#2719=IFCARBITRARYCLOSEDPROFILEDEF(.AREA.,$,#2720);
#2720=IFCINDEXEDPOLYCURVE(#2721,(IFCLINEINDEX((1,2,3,4,5,6,1))),$);
#2721=IFCCARTESIANPOINTLIST2D(((0.,0.),(0.,0.040000000000000008),(-0.12,0.040000000000000008),(-0.12,0.020000000000000018),(-0.020000000000000018,0.020000000000000018),(-0.020000000000000018,0.)));
#2722=IFCAXIS2PLACEMENT3D(#2723,#2724,#2725);
#2723=IFCCARTESIANPOINT((0.39899998807907106,0.1043077576905489,1.015000000372529));
#2724=IFCDIRECTION((0.,0.,1.));
#2725=IFCDIRECTION((1.,0.,0.));
#2726=IFCDIRECTION((0.,0.,1.));
#2727=IFCEXTRUDEDAREASOLID(#2728,#2731,#2735,1.9499999992549419);
#2728=IFCARBITRARYCLOSEDPROFILEDEF(.AREA.,$,#2729);
#2729=IFCINDEXEDPOLYCURVE(#2730,(IFCLINEINDEX((1,2,3,4,1))),$);
#2730=IFCCARTESIANPOINTLIST2D(((0.,0.),(-0.42399998770654201,0.),(-0.42399998770654201,0.094999991357326508),(0.,0.094999991357326508)));
#2731=IFCAXIS2PLACEMENT3D(#2732,#2733,#2734);
#2732=IFCCARTESIANPOINT((0.87499997578561306,0.0093077663332223892,0.02500000037252903));
#2733=IFCDIRECTION((0.,0.,1.));
#2734=IFCDIRECTION((1.,0.,0.));
#2735=IFCDIRECTION((0.,0.,1.));
#2736=IFCEXTRUDEDAREASOLID(#2737,#2740,#2744,0.02);
#2737=IFCARBITRARYCLOSEDPROFILEDEF(.AREA.,$,#2738);
#2738=IFCINDEXEDPOLYCURVE(#2739,(IFCLINEINDEX((1,2,3,4,5,6,1))),$);
#2739=IFCCARTESIANPOINTLIST2D(((0.,0.),(0.,-0.040000000000000001),(0.12000000000000011,-0.040000000000000001),(0.12000000000000011,-0.02),(0.020000000000000018,-0.02),(0.020000000000000018,0.)));
#2740=IFCAXIS2PLACEMENT3D(#2741,#2742,#2743);
#2741=IFCCARTESIANPOINT((0.50099998807907098,0.0093077663332223892,1.015000000372529));
#2742=IFCDIRECTION((0.,0.,1.));
#2743=IFCDIRECTION((1.,0.,0.));
#2744=IFCDIRECTION((0.,0.,1.));
#2745=IFCEXTRUDEDAREASOLID(#2746,#2749,#2753,0.02);
#2746=IFCARBITRARYCLOSEDPROFILEDEF(.AREA.,$,#2747);
#2747=IFCINDEXEDPOLYCURVE(#2748,(IFCLINEINDEX((1,2,3,4,5,6,1))),$);
#2748=IFCCARTESIANPOINTLIST2D(((0.,0.),(0.,0.040000000000000008),(0.12000000000000011,0.040000000000000008),(0.12000000000000011,0.020000000000000018),(0.020000000000000018,0.020000000000000018),(0.020000000000000018,0.)));
#2749=IFCAXIS2PLACEMENT3D(#2750,#2751,#2752);
#2750=IFCCARTESIANPOINT((0.50099998807907098,0.1043077576905489,1.015000000372529));
#2751=IFCDIRECTION((0.,0.,1.));
#2752=IFCDIRECTION((1.,0.,0.));
#2753=IFCDIRECTION((0.,0.,1.));
#2755=IFCSHAPEREPRESENTATION(#11,'Body','SweptSolid',(#3331,#3313,#2699,#2827,#2690,#2818,#2681,#2836,#3322));
#2756=IFCSHAPEASPECT((#2755),'Lining',$,.T.,#2599);
#2757=IFCSHAPEREPRESENTATION(#11,'Body','SweptSolid',(#2745,#2854,#2727,#2855,#2736,#2717,#2845,#3350,#2708,#2718,#3340,#3349));
#2758=IFCSHAPEASPECT((#2757),'Framing',$,.T.,#2599);
#2810=IFCCARTESIANPOINTLIST2D(((0.,0.),(0.,2.),(0.89999997615814209,2.),(0.89999997615814209,0.),(0.87499997578561306,0.),(0.87499997578561306,1.974999999627471),(0.02500000037252903,1.974999999627471),(0.02500000037252903,0.)));
#2811=IFCINDEXEDPOLYCURVE(#2810,(IFCLINEINDEX((1,2,3,4,5,6,7,8,1))),$);
#2812=IFCARBITRARYCLOSEDPROFILEDEF(.AREA.,$,#2811);
#2813=IFCCARTESIANPOINT((0.,0.0093077663332223892,0.));
#2814=IFCDIRECTION((0.,-1.,0.));
#2815=IFCDIRECTION((1.,0.,0.));
#2816=IFCAXIS2PLACEMENT3D(#2813,#2814,#2815);
#2817=IFCDIRECTION((0.,0.,-1.));
#2818=IFCEXTRUDEDAREASOLID(#2812,#2816,#2817,0.061005016788840294);
#2819=IFCCARTESIANPOINTLIST2D(((0.,0.),(0.,2.),(0.89999997615814209,2.),(0.89999997615814209,0.),(0.80526347458362579,0.),(0.80526347458362579,1.9052634984254837),(0.094736501574516296,1.9052634984254837),(0.094736501574516296,0.)));
#2820=IFCINDEXEDPOLYCURVE(#2819,(IFCLINEINDEX((1,2,3,4,5,6,7,8,1))),$);
#2821=IFCARBITRARYCLOSEDPROFILEDEF(.AREA.,$,#2820);
#2822=IFCCARTESIANPOINT((0.,-0.015692234039306641,0.));
#2823=IFCDIRECTION((0.,-1.,0.));
#2824=IFCDIRECTION((1.,0.,0.));
#2825=IFCAXIS2PLACEMENT3D(#2822,#2823,#2824);
#2826=IFCDIRECTION((0.,0.,-1.));
#2827=IFCEXTRUDEDAREASOLID(#2821,#2825,#2826,0.02500000037252903);
#2828=IFCCARTESIANPOINTLIST2D(((0.,0.),(0.7105269730091095,0.),(0.7105269730091095,0.010999999940395355),(0.,0.010999999940395355)));
#2829=IFCINDEXEDPOLYCURVE(#2828,(IFCLINEINDEX((1,2,3,4,1))),$);
#2830=IFCARBITRARYCLOSEDPROFILEDEF(.AREA.,$,#2829);
#2831=IFCCARTESIANPOINT((0.094736501574516296,0.23000003397464752,0.));
#2832=IFCDIRECTION((0.,0.,1.));
#2833=IFCDIRECTION((1.,0.,0.));
#2834=IFCAXIS2PLACEMENT3D(#2831,#2832,#2833);
#2835=IFCDIRECTION((0.,0.,1.));
#2836=IFCEXTRUDEDAREASOLID(#2830,#2834,#2835,0.02500000037252903);
#2837=IFCCARTESIANPOINTLIST2D(((0.,0.),(0.84999997541308403,0.),(0.84999997541308403,0.094999991357326508),(0.,0.094999991357326508)));
#2838=IFCINDEXEDPOLYCURVE(#2837,(IFCLINEINDEX((1,2,3,4,1))),$);
#2839=IFCARBITRARYCLOSEDPROFILEDEF(.AREA.,$,#2838);
#2840=IFCCARTESIANPOINT((0.02500000037252903,0.0093077663332223892,0.02500000037252903));
#2841=IFCDIRECTION((0.,0.,1.));
#2842=IFCDIRECTION((1.,0.,0.));
#2843=IFCAXIS2PLACEMENT3D(#2840,#2841,#2842);
#2844=IFCDIRECTION((0.,0.,1.));
#2845=IFCEXTRUDEDAREASOLID(#2839,#2843,#2844,1.9499999992549419);
#2846=IFCCARTESIANPOINTLIST2D(((0.,0.),(0.,-0.040000000000000001),(0.12,-0.040000000000000001),(0.12,-0.02),(0.02,-0.02),(0.02,0.)));
#2847=IFCINDEXEDPOLYCURVE(#2846,(IFCLINEINDEX((1,2,3,4,5,6,1))),$);
#2848=IFCARBITRARYCLOSEDPROFILEDEF(.AREA.,$,#2847);
#2849=IFCCARTESIANPOINT((0.075000000372529033,0.0093077663332223892,1.015000000372529));
#2850=IFCDIRECTION((0.,0.,1.));
#2851=IFCDIRECTION((1.,0.,0.));
#2852=IFCAXIS2PLACEMENT3D(#2849,#2850,#2851);
#2853=IFCDIRECTION((0.,0.,1.));
#2854=IFCEXTRUDEDAREASOLID(#2848,#2852,#2853,0.02);
#2855=IFCEXTRUDEDAREASOLID(#2856,#2859,#2863,0.02);
#2856=IFCARBITRARYCLOSEDPROFILEDEF(.AREA.,$,#2857);
#2857=IFCINDEXEDPOLYCURVE(#2858,(IFCLINEINDEX((1,2,3,4,5,6,1))),$);
#2858=IFCCARTESIANPOINTLIST2D(((0.,0.),(0.,0.040000000000000008),(0.11999999999999998,0.040000000000000008),(0.11999999999999998,0.020000000000000018),(0.020000000000000004,0.020000000000000018),(0.020000000000000004,0.)));
#2859=IFCAXIS2PLACEMENT3D(#2860,#2861,#2862);
#2860=IFCCARTESIANPOINT((0.075000000372529033,0.1043077576905489,1.015000000372529));
#2861=IFCDIRECTION((0.,0.,1.));
#2862=IFCDIRECTION((1.,0.,0.));
#2863=IFCDIRECTION((0.,0.,1.));
#2904=IFCDOORTYPE('06xZXzm8r89ff9KSnFou7I',$,'GUEST - GF',$,$,(#2905),(#2907,#2915,#2975),$,$,.DOOR.,.SINGLE_SWING_LEFT.,$,$);
#2905=IFCPROPERTYSET('1gQvo0AYPBr8NpCvxY6rNu',$,'BBIM_Door',$,(#2906));
#2906=IFCPROPERTYSINGLEVALUE('Data',$,IFCTEXT('{"door_type": "SINGLE_SWING_RIGHT", "overall_height": 2.0, "overall_width": 0.8999999761581421, "lining_properties": {"lining_depth": 0.08600501716136932, "lining_thickness": 0.0947365015745163, "lining_offset": -0.01569223403930664, "lining_to_panel_offset_x": 0.02500000037252903, "lining_to_panel_offset_y": 0.02500000037252903, "transom_thickness": 0.0, "threshold_thickness": 0.02500000037252903, "threshold_depth": 0.010999999940395355, "threshold_offset": 0.23000003397464752}, "panel_properties": {"panel_depth": 0.09499999135732651, "panel_width_ratio": 1.0}}'),$);
#2907=IFCREPRESENTATIONMAP(#2908,#3517);
#2908=IFCAXIS2PLACEMENT3D(#2909,#2910,#2911);
#2909=IFCCARTESIANPOINT((0.,0.,0.));
#2910=IFCDIRECTION((0.,0.,1.));
#2911=IFCDIRECTION((1.,0.,0.));
#2915=IFCREPRESENTATIONMAP(#2916,#3572);
#2916=IFCAXIS2PLACEMENT3D(#2917,#2918,#2919);
#2917=IFCCARTESIANPOINT((0.,0.,0.));
#2918=IFCDIRECTION((0.,0.,1.));
#2919=IFCDIRECTION((1.,0.,0.));
#2975=IFCREPRESENTATIONMAP(#2976,#3586);
#2976=IFCAXIS2PLACEMENT3D(#2977,#2978,#2979);
#2977=IFCCARTESIANPOINT((0.,0.,0.));
#2978=IFCDIRECTION((0.,0.,1.));
#2979=IFCDIRECTION((1.,0.,0.));
#2994=IFCWALL('04r0o_Bo1Fdw5MWPYW4wmI',$,'Wall',$,$,#3041,#3000,$,$);
#2995=IFCMATERIALLAYERSETUSAGE(#82,.AXIS2.,.POSITIVE.,0.,$);
#2996=IFCRELASSOCIATESMATERIAL('0UoPFmO9XBo8v$s$KKunpi',$,$,$,(#2994),#2995);
#3000=IFCPRODUCTDEFINITIONSHAPE($,$,(#3068,#3065));
#3016=IFCPROPERTYSET('1tKNGzr5f9WQ2jY43798S2',$,'EPset_Parametric',$,(#3018));
#3017=IFCRELDEFINESBYPROPERTIES('0ETzi8B$n9OByUuVsnuk0h',$,$,$,(#2994),#3016);
#3018=IFCPROPERTYSINGLEVALUE('Engine',$,IFCLABEL('Bonsai.DumbLayer2'),$);
#3032=IFCCARTESIANPOINT((-2.6733942031860352,2.5357906818389893,0.));
#3033=IFCDIRECTION((0.,0.,1.));
#3034=IFCDIRECTION((1.,0.,0.));
#3035=IFCAXIS2PLACEMENT3D(#3032,#3033,#3034);
#3036=IFCLOCALPLACEMENT(#79,#3035);
#3037=IFCCARTESIANPOINT((0.2268659770488739,2.5357906818389893,0.));
#3038=IFCDIRECTION((0.,0.,1.));
#3039=IFCDIRECTION((-0.00010494788818008237,-0.99999999449297028,0.));
#3040=IFCAXIS2PLACEMENT3D(#3037,#3038,#3039);
#3041=IFCLOCALPLACEMENT(#79,#3040);
#3042=IFCRELCONNECTSPATHELEMENTS('25nGmwlanBjOAaVtv88x2p',$,$,$,$,#2171,#2994,(),(),.ATSTART.,.ATEND.);
#3043=IFCCARTESIANPOINTLIST2D(((0.,0.),(0.,0.10000000000000001),(3.0002706755744879,0.10000000000000001),(2.9002601802349091,0.)));
#3044=IFCINDEXEDPOLYCURVE(#3043,(IFCLINEINDEX((1,2,3,4,1))),$);
#3045=IFCARBITRARYCLOSEDPROFILEDEF(.AREA.,$,#3044);
#3046=IFCCARTESIANPOINT((0.,0.,0.));
#3047=IFCDIRECTION((0.,0.,1.));
#3048=IFCDIRECTION((1.,0.,0.));
#3049=IFCAXIS2PLACEMENT3D(#3046,#3047,#3048);
#3050=IFCDIRECTION((0.,0.,1.));
#3051=IFCEXTRUDEDAREASOLID(#3045,#3049,#3050,3.);
#3052=IFCSHAPEREPRESENTATION(#11,'Body','SweptSolid',(#3051));
#3053=IFCCARTESIANPOINTLIST2D(((0.,0.),(2.9002601802349091,0.)));
#3054=IFCINDEXEDPOLYCURVE(#3053,$,$);
#3055=IFCSHAPEREPRESENTATION(#23,'Axis','Curve2D',(#3054));
#3056=IFCCARTESIANPOINTLIST2D(((0.,0.),(-0.10001049533957879,0.10000000000000001),(2.4758971025757694,0.10000000000000001),(2.4758971025757694,0.)));
#3057=IFCINDEXEDPOLYCURVE(#3056,(IFCLINEINDEX((1,2,3,4,1))),$);
#3058=IFCARBITRARYCLOSEDPROFILEDEF(.AREA.,$,#3057);
#3059=IFCCARTESIANPOINT((0.,0.,0.));
#3060=IFCDIRECTION((0.,0.,1.));
#3061=IFCDIRECTION((1.,0.,0.));
#3062=IFCAXIS2PLACEMENT3D(#3059,#3060,#3061);
#3063=IFCDIRECTION((0.,0.,1.));
#3064=IFCEXTRUDEDAREASOLID(#3058,#3062,#3063,3.);
#3065=IFCSHAPEREPRESENTATION(#11,'Body','SweptSolid',(#3064));
#3066=IFCCARTESIANPOINTLIST2D(((0.,0.),(2.4758971025757694,0.)));
#3067=IFCINDEXEDPOLYCURVE(#3066,$,$);
#3068=IFCSHAPEREPRESENTATION(#23,'Axis','Curve2D',(#3067));
#3237=IFCDOOR('2PCRBk9vzExhHV7ZEDnIRw',$,'Door',$,$,#8128,#3246,$,2.,0.89999997615814209,$,.SINGLE_SWING_RIGHT.,$);
#3238=IFCRELDEFINESBYTYPE('2Gp4DKx8f6Ruj$QMsq3CD7',$,$,$,(#3237),#2904);
#3239=IFCCARTESIANPOINT((0.,0.,0.));
#3240=IFCDIRECTION((1.,0.,0.));
#3241=IFCDIRECTION((0.,1.,0.));
#3242=IFCDIRECTION((0.,0.,1.));
#3243=IFCCARTESIANTRANSFORMATIONOPERATOR3D(#3240,#3241,#3239,1.,#3242);
#3244=IFCMAPPEDITEM(#2907,#3243);
#3245=IFCSHAPEREPRESENTATION(#18,'Profile','MappedRepresentation',(#3244));
#3246=IFCPRODUCTDEFINITIONSHAPE($,$,(#3245,#3253,#3260));
#3247=IFCCARTESIANPOINT((0.,0.,0.));
#3248=IFCDIRECTION((1.,0.,0.));
#3249=IFCDIRECTION((0.,1.,0.));
#3250=IFCDIRECTION((0.,0.,1.));
#3251=IFCCARTESIANTRANSFORMATIONOPERATOR3D(#3248,#3249,#3247,1.,#3250);
#3252=IFCMAPPEDITEM(#2915,#3251);
#3253=IFCSHAPEREPRESENTATION(#11,'Body','MappedRepresentation',(#3252));
#3254=IFCCARTESIANPOINT((0.,0.,0.));
#3255=IFCDIRECTION((1.,0.,0.));
#3256=IFCDIRECTION((0.,1.,0.));
#3257=IFCDIRECTION((0.,0.,1.));
#3258=IFCCARTESIANTRANSFORMATIONOPERATOR3D(#3255,#3256,#3254,1.,#3257);
#3259=IFCMAPPEDITEM(#2975,#3258);
#3260=IFCSHAPEREPRESENTATION(#24,'Body','MappedRepresentation',(#3259));
#3261=IFCOPENINGELEMENT('19uvVH0mP8SBp9VEqcWiw3',$,'Opening',$,$,#3606,#3289,$,.OPENING.);
#3277=IFCCARTESIANPOINT((0.,0.,0.));
#3278=IFCDIRECTION((1.,0.,0.));
#3279=IFCDIRECTION((0.,0.,1.));
#3280=IFCAXIS2PLACEMENT3D(#3277,#3279,#3278);
#3281=IFCREPRESENTATIONMAP(#3280,#3596);
#3282=IFCCARTESIANPOINT((0.,0.,0.));
#3283=IFCDIRECTION((1.,0.,0.));
#3284=IFCDIRECTION((0.,1.,0.));
#3285=IFCDIRECTION((0.,0.,1.));
#3286=IFCCARTESIANTRANSFORMATIONOPERATOR3D(#3283,#3284,#3282,1.,#3285);
#3287=IFCMAPPEDITEM(#3281,#3286);
#3288=IFCSHAPEREPRESENTATION(#11,'Body','MappedRepresentation',(#3287));
#3289=IFCPRODUCTDEFINITIONSHAPE($,$,(#3288));
#3290=IFCRELVOIDSELEMENT('1GIk32t_j0CPwFkyi0AbB2',$,$,$,#2994,#3261);
#3296=IFCRELFILLSELEMENT('2jb0NSpqXFIRpT8wmFAUT9',$,$,$,#3261,#3237);
#3302=IFCCARTESIANPOINTLIST3D(((0.,0.,0.),(0.89999997615814209,0.,0.),(0.89999997615814209,0.,2.),(0.,0.,2.)));
#3303=IFCINDEXEDPOLYCURVE(#3302,(IFCLINEINDEX((1,2,3,4,1))),$);
#3304=IFCSHAPEREPRESENTATION(#18,'Profile','Curve3D',(#3303));
#3305=IFCCARTESIANPOINTLIST2D(((0.,0.),(0.,2.),(0.89999997615814209,2.),(0.89999997615814209,0.),(0.87499997578561306,0.),(0.87499997578561306,1.974999999627471),(0.02500000037252903,1.974999999627471),(0.02500000037252903,0.)));
#3306=IFCINDEXEDPOLYCURVE(#3305,(IFCLINEINDEX((1,2,3,4,5,6,7,8,1))),$);
#3307=IFCARBITRARYCLOSEDPROFILEDEF(.AREA.,$,#3306);
#3308=IFCCARTESIANPOINT((0.,0.0093077663332223892,0.));
#3309=IFCDIRECTION((0.,-1.,0.));
#3310=IFCDIRECTION((1.,0.,0.));
#3311=IFCAXIS2PLACEMENT3D(#3308,#3309,#3310);
#3312=IFCDIRECTION((0.,0.,-1.));
#3313=IFCEXTRUDEDAREASOLID(#3307,#3311,#3312,0.061005016788840294);
#3314=IFCCARTESIANPOINTLIST2D(((0.,0.),(0.,2.),(0.89999997615814209,2.),(0.89999997615814209,0.),(0.80526347458362579,0.),(0.80526347458362579,1.9052634984254837),(0.094736501574516296,1.9052634984254837),(0.094736501574516296,0.)));
#3315=IFCINDEXEDPOLYCURVE(#3314,(IFCLINEINDEX((1,2,3,4,5,6,7,8,1))),$);
#3316=IFCARBITRARYCLOSEDPROFILEDEF(.AREA.,$,#3315);
#3317=IFCCARTESIANPOINT((0.,-0.015692234039306641,0.));
#3318=IFCDIRECTION((0.,-1.,0.));
#3319=IFCDIRECTION((1.,0.,0.));
#3320=IFCAXIS2PLACEMENT3D(#3317,#3318,#3319);
#3321=IFCDIRECTION((0.,0.,-1.));
#3322=IFCEXTRUDEDAREASOLID(#3316,#3320,#3321,0.02500000037252903);
#3323=IFCCARTESIANPOINTLIST2D(((0.,0.),(0.7105269730091095,0.),(0.7105269730091095,0.010999999940395355),(0.,0.010999999940395355)));
#3324=IFCINDEXEDPOLYCURVE(#3323,(IFCLINEINDEX((1,2,3,4,1))),$);
#3325=IFCARBITRARYCLOSEDPROFILEDEF(.AREA.,$,#3324);
#3326=IFCCARTESIANPOINT((0.094736501574516296,0.23000003397464752,0.));
#3327=IFCDIRECTION((0.,0.,1.));
#3328=IFCDIRECTION((1.,0.,0.));
#3329=IFCAXIS2PLACEMENT3D(#3326,#3327,#3328);
#3330=IFCDIRECTION((0.,0.,1.));
#3331=IFCEXTRUDEDAREASOLID(#3325,#3329,#3330,0.02500000037252903);
#3332=IFCCARTESIANPOINTLIST2D(((0.,0.),(0.84999997541308403,0.),(0.84999997541308403,0.094999991357326508),(0.,0.094999991357326508)));
#3333=IFCINDEXEDPOLYCURVE(#3332,(IFCLINEINDEX((1,2,3,4,1))),$);
#3334=IFCARBITRARYCLOSEDPROFILEDEF(.AREA.,$,#3333);
#3335=IFCCARTESIANPOINT((0.02500000037252903,0.0093077663332223892,0.02500000037252903));
#3336=IFCDIRECTION((0.,0.,1.));
#3337=IFCDIRECTION((1.,0.,0.));
#3338=IFCAXIS2PLACEMENT3D(#3335,#3336,#3337);
#3339=IFCDIRECTION((0.,0.,1.));
#3340=IFCEXTRUDEDAREASOLID(#3334,#3338,#3339,1.9499999992549419);
#3341=IFCCARTESIANPOINTLIST2D(((0.,0.),(0.,-0.040000000000000001),(-0.11999999999999988,-0.040000000000000001),(-0.11999999999999988,-0.02),(-0.020000000000000018,-0.02),(-0.020000000000000018,0.)));
#3342=IFCINDEXEDPOLYCURVE(#3341,(IFCLINEINDEX((1,2,3,4,5,6,1))),$);
#3343=IFCARBITRARYCLOSEDPROFILEDEF(.AREA.,$,#3342);
#3344=IFCCARTESIANPOINT((0.82499997578561302,0.0093077663332223892,1.015000000372529));
#3345=IFCDIRECTION((0.,0.,1.));
#3346=IFCDIRECTION((1.,0.,0.));
#3347=IFCAXIS2PLACEMENT3D(#3344,#3345,#3346);
#3348=IFCDIRECTION((0.,0.,1.));
#3349=IFCEXTRUDEDAREASOLID(#3343,#3347,#3348,0.02);
#3350=IFCEXTRUDEDAREASOLID(#3351,#3354,#3358,0.02);
#3351=IFCARBITRARYCLOSEDPROFILEDEF(.AREA.,$,#3352);
#3352=IFCINDEXEDPOLYCURVE(#3353,(IFCLINEINDEX((1,2,3,4,5,6,1))),$);
#3353=IFCCARTESIANPOINTLIST2D(((0.,0.),(0.,0.040000000000000008),(-0.11999999999999988,0.040000000000000008),(-0.11999999999999988,0.020000000000000018),(-0.020000000000000018,0.020000000000000018),(-0.020000000000000018,0.)));
#3354=IFCAXIS2PLACEMENT3D(#3355,#3356,#3357);
#3355=IFCCARTESIANPOINT((0.82499997578561302,0.1043077576905489,1.015000000372529));
#3356=IFCDIRECTION((0.,0.,1.));
#3357=IFCDIRECTION((1.,0.,0.));
#3358=IFCDIRECTION((0.,0.,1.));
#3359=IFCSHAPEREPRESENTATION(#11,'Body','SweptSolid',(#3313,#3322,#3340,#3349,#3350,#3331));
#3360=IFCCARTESIANPOINTLIST2D(((0.,-0.015692234039306641),(0.,0.070312783122062683),(0.02500000037252903,0.070312783122062683),(0.02500000037252903,0.0093077663332223892),(0.094736501574516296,0.0093077663332223892),(0.094736501574516296,-0.015692234039306641)));
#3361=IFCINDEXEDPOLYCURVE(#3360,(IFCLINEINDEX((1,2,3,4,5,6,1))),$);
#3362=IFCINDEXEDPOLYCURVE(#3363,(IFCLINEINDEX((1,2,3,4,5,6,1))),$);
#3363=IFCCARTESIANPOINTLIST2D(((0.89999997615814209,-0.015692234039306641),(0.89999997615814209,0.070312783122062683),(0.87499997578561306,0.070312783122062683),(0.87499997578561306,0.0093077663332223892),(0.80526347458362579,0.0093077663332223892),(0.80526347458362579,-0.015692234039306641)));
#3364=IFCDIRECTION((1.,0.));
#3365=IFCCARTESIANPOINT((0.11999999172985554,0.070312783122062683));
#3366=IFCAXIS2PLACEMENT2D(#3365,#3364);
#3367=IFCELLIPSE(#3366,0.75499998405575752,0.84999997541308403);
#3368=IFCCARTESIANPOINT((0.87499997578561306,0.070312783122062683));
#3369=IFCCARTESIANPOINT((0.11999999172985554,0.92031275853514671));
#3370=IFCTRIMMEDCURVE(#3367,(#3368),(#3369),.T.,.CARTESIAN.);
#3371=IFCCARTESIANPOINTLIST2D(((0.02500000037252903,0.070312783122062683),(0.11999999172985554,0.070312783122062683),(0.11999999172985554,0.92031275853514671),(0.02500000037252903,0.92031275853514671)));
#3372=IFCINDEXEDPOLYCURVE(#3371,(IFCLINEINDEX((1,2,3,4,1))),$);
#3373=IFCSHAPEREPRESENTATION(#24,'Body','Curve2D',(#3361,#3362,#3370,#3372));
#3374=IFCCARTESIANPOINTLIST2D(((0.,0.),(0.89999997615814209,0.),(0.89999997615814209,2.),(0.,2.)));
#3375=IFCINDEXEDPOLYCURVE(#3374,(IFCLINEINDEX((1,2,3,4,1))),$);
#3376=IFCARBITRARYCLOSEDPROFILEDEF(.AREA.,$,#3375);
#3377=IFCCARTESIANPOINT((0.,-0.60000002384185791,0.));
#3378=IFCDIRECTION((0.,-1.,0.));
#3379=IFCDIRECTION((1.,0.,0.));
#3380=IFCAXIS2PLACEMENT3D(#3377,#3378,#3379);
#3381=IFCDIRECTION((0.,0.,-1.));
#3382=IFCEXTRUDEDAREASOLID(#3376,#3380,#3381,1.2);
#3383=IFCSHAPEREPRESENTATION(#11,'Body','SweptSolid',(#3382));
#3389=IFCCARTESIANPOINT((0.23925317426232137,-1.5356280158584923E-07,0.));
#3390=IFCDIRECTION((0.,0.,1.));
#3391=IFCDIRECTION((0.99999999999997125,-2.388791095278564E-07,0.));
#3392=IFCAXIS2PLACEMENT3D(#3389,#3390,#3391);
#3393=IFCLOCALPLACEMENT(#1845,#3392);
#3394=IFCCARTESIANPOINT((1.1102230246251565E-16,-1.3322676295501878E-15,0.));
#3395=IFCDIRECTION((0.,0.,1.));
#3396=IFCDIRECTION((1.,8.6736173798840355E-19,0.));
#3397=IFCAXIS2PLACEMENT3D(#3394,#3395,#3396);
#3398=IFCLOCALPLACEMENT(#3393,#3397);
#3417=IFCCARTESIANPOINTLIST2D(((0.,0.),(0.,2.),(0.89999997615814209,2.),(0.89999997615814209,0.),(0.87499997578561306,0.),(0.87499997578561306,1.974999999627471),(0.02500000037252903,1.974999999627471),(0.02500000037252903,0.)));
#3418=IFCINDEXEDPOLYCURVE(#3417,(IFCLINEINDEX((1,2,3,4,5,6,7,8,1))),$);
#3419=IFCARBITRARYCLOSEDPROFILEDEF(.AREA.,$,#3418);
#3420=IFCCARTESIANPOINT((0.,0.0093077663332223892,0.));
#3421=IFCDIRECTION((0.,-1.,0.));
#3422=IFCDIRECTION((1.,0.,0.));
#3423=IFCAXIS2PLACEMENT3D(#3420,#3421,#3422);
#3424=IFCDIRECTION((0.,0.,-1.));
#3425=IFCEXTRUDEDAREASOLID(#3419,#3423,#3424,0.061005016788840294);
#3426=IFCCARTESIANPOINTLIST2D(((0.,0.),(0.,2.),(0.89999997615814209,2.),(0.89999997615814209,0.),(0.80526347458362579,0.),(0.80526347458362579,1.9052634984254837),(0.094736501574516296,1.9052634984254837),(0.094736501574516296,0.)));
#3427=IFCINDEXEDPOLYCURVE(#3426,(IFCLINEINDEX((1,2,3,4,5,6,7,8,1))),$);
#3428=IFCARBITRARYCLOSEDPROFILEDEF(.AREA.,$,#3427);
#3429=IFCCARTESIANPOINT((0.,-0.015692234039306641,0.));
#3430=IFCDIRECTION((0.,-1.,0.));
#3431=IFCDIRECTION((1.,0.,0.));
#3432=IFCAXIS2PLACEMENT3D(#3429,#3430,#3431);
#3433=IFCDIRECTION((0.,0.,-1.));
#3434=IFCEXTRUDEDAREASOLID(#3428,#3432,#3433,0.02500000037252903);
#3435=IFCCARTESIANPOINTLIST2D(((0.,0.),(0.7105269730091095,0.),(0.7105269730091095,0.010999999940395355),(0.,0.010999999940395355)));
#3436=IFCINDEXEDPOLYCURVE(#3435,(IFCLINEINDEX((1,2,3,4,1))),$);
#3437=IFCARBITRARYCLOSEDPROFILEDEF(.AREA.,$,#3436);
#3438=IFCCARTESIANPOINT((0.094736501574516296,0.23000003397464752,0.));
#3439=IFCDIRECTION((0.,0.,1.));
#3440=IFCDIRECTION((1.,0.,0.));
#3441=IFCAXIS2PLACEMENT3D(#3438,#3439,#3440);
#3442=IFCDIRECTION((0.,0.,1.));
#3443=IFCEXTRUDEDAREASOLID(#3437,#3441,#3442,0.02500000037252903);
#3444=IFCCARTESIANPOINTLIST2D(((0.,0.),(0.84999997541308403,0.),(0.84999997541308403,0.094999991357326508),(0.,0.094999991357326508)));
#3445=IFCINDEXEDPOLYCURVE(#3444,(IFCLINEINDEX((1,2,3,4,1))),$);
#3446=IFCARBITRARYCLOSEDPROFILEDEF(.AREA.,$,#3445);
#3447=IFCCARTESIANPOINT((0.02500000037252903,0.0093077663332223892,0.02500000037252903));
#3448=IFCDIRECTION((0.,0.,1.));
#3449=IFCDIRECTION((1.,0.,0.));
#3450=IFCAXIS2PLACEMENT3D(#3447,#3448,#3449);
#3451=IFCDIRECTION((0.,0.,1.));
#3452=IFCEXTRUDEDAREASOLID(#3446,#3450,#3451,1.9499999992549419);
#3453=IFCCARTESIANPOINTLIST2D(((0.,0.),(0.,-0.040000000000000001),(0.12,-0.040000000000000001),(0.12,-0.02),(0.02,-0.02),(0.02,0.)));
#3454=IFCINDEXEDPOLYCURVE(#3453,(IFCLINEINDEX((1,2,3,4,5,6,1))),$);
#3455=IFCARBITRARYCLOSEDPROFILEDEF(.AREA.,$,#3454);
#3456=IFCCARTESIANPOINT((0.075000000372529033,0.0093077663332223892,1.015000000372529));
#3457=IFCDIRECTION((0.,0.,1.));
#3458=IFCDIRECTION((1.,0.,0.));
#3459=IFCAXIS2PLACEMENT3D(#3456,#3457,#3458);
#3460=IFCDIRECTION((0.,0.,1.));
#3461=IFCEXTRUDEDAREASOLID(#3455,#3459,#3460,0.02);
#3462=IFCEXTRUDEDAREASOLID(#3463,#3466,#3470,0.02);
#3463=IFCARBITRARYCLOSEDPROFILEDEF(.AREA.,$,#3464);
#3464=IFCINDEXEDPOLYCURVE(#3465,(IFCLINEINDEX((1,2,3,4,5,6,1))),$);
#3465=IFCCARTESIANPOINTLIST2D(((0.,0.),(0.,0.040000000000000008),(0.11999999999999998,0.040000000000000008),(0.11999999999999998,0.020000000000000018),(0.020000000000000004,0.020000000000000018),(0.020000000000000004,0.)));
#3466=IFCAXIS2PLACEMENT3D(#3467,#3468,#3469);
#3467=IFCCARTESIANPOINT((0.075000000372529033,0.1043077576905489,1.015000000372529));
#3468=IFCDIRECTION((0.,0.,1.));
#3469=IFCDIRECTION((1.,0.,0.));
#3470=IFCDIRECTION((0.,0.,1.));
#3472=IFCSHAPEREPRESENTATION(#11,'Body','SweptSolid',(#3544,#3425,#3535,#3443,#3526,#3434));
#3473=IFCSHAPEASPECT((#3472),'Lining',$,.T.,#3246);
#3474=IFCSHAPEREPRESENTATION(#11,'Body','SweptSolid',(#3462,#3452,#3563,#3562,#3553,#3461));
#3475=IFCSHAPEASPECT((#3474),'Framing',$,.T.,#3246);
#3515=IFCCARTESIANPOINTLIST3D(((0.,0.,0.),(0.89999997615814209,0.,0.),(0.89999997615814209,0.,2.),(0.,0.,2.)));
#3516=IFCINDEXEDPOLYCURVE(#3515,(IFCLINEINDEX((1,2,3,4,1))),$);
#3517=IFCSHAPEREPRESENTATION(#18,'Profile','Curve3D',(#3516));
#3518=IFCCARTESIANPOINTLIST2D(((0.,0.),(0.,2.),(0.89999997615814209,2.),(0.89999997615814209,0.),(0.87499997578561306,0.),(0.87499997578561306,1.974999999627471),(0.02500000037252903,1.974999999627471),(0.02500000037252903,0.)));
#3519=IFCINDEXEDPOLYCURVE(#3518,(IFCLINEINDEX((1,2,3,4,5,6,7,8,1))),$);
#3520=IFCARBITRARYCLOSEDPROFILEDEF(.AREA.,$,#3519);
#3521=IFCCARTESIANPOINT((0.,0.0093077663332223892,0.));
#3522=IFCDIRECTION((0.,-1.,0.));
#3523=IFCDIRECTION((1.,0.,0.));
#3524=IFCAXIS2PLACEMENT3D(#3521,#3522,#3523);
#3525=IFCDIRECTION((0.,0.,-1.));
#3526=IFCEXTRUDEDAREASOLID(#3520,#3524,#3525,0.061005016788840294);
#3527=IFCCARTESIANPOINTLIST2D(((0.,0.),(0.,2.),(0.89999997615814209,2.),(0.89999997615814209,0.),(0.80526347458362579,0.),(0.80526347458362579,1.9052634984254837),(0.094736501574516296,1.9052634984254837),(0.094736501574516296,0.)));
#3528=IFCINDEXEDPOLYCURVE(#3527,(IFCLINEINDEX((1,2,3,4,5,6,7,8,1))),$);
#3529=IFCARBITRARYCLOSEDPROFILEDEF(.AREA.,$,#3528);
#3530=IFCCARTESIANPOINT((0.,-0.015692234039306641,0.));
#3531=IFCDIRECTION((0.,-1.,0.));
#3532=IFCDIRECTION((1.,0.,0.));
#3533=IFCAXIS2PLACEMENT3D(#3530,#3531,#3532);
#3534=IFCDIRECTION((0.,0.,-1.));
#3535=IFCEXTRUDEDAREASOLID(#3529,#3533,#3534,0.02500000037252903);
#3536=IFCCARTESIANPOINTLIST2D(((0.,0.),(0.7105269730091095,0.),(0.7105269730091095,0.010999999940395355),(0.,0.010999999940395355)));
#3537=IFCINDEXEDPOLYCURVE(#3536,(IFCLINEINDEX((1,2,3,4,1))),$);
#3538=IFCARBITRARYCLOSEDPROFILEDEF(.AREA.,$,#3537);
#3539=IFCCARTESIANPOINT((0.094736501574516296,0.23000003397464752,0.));
#3540=IFCDIRECTION((0.,0.,1.));
#3541=IFCDIRECTION((1.,0.,0.));
#3542=IFCAXIS2PLACEMENT3D(#3539,#3540,#3541);
#3543=IFCDIRECTION((0.,0.,1.));
#3544=IFCEXTRUDEDAREASOLID(#3538,#3542,#3543,0.02500000037252903);
#3545=IFCCARTESIANPOINTLIST2D(((0.,0.),(0.84999997541308403,0.),(0.84999997541308403,0.094999991357326508),(0.,0.094999991357326508)));
#3546=IFCINDEXEDPOLYCURVE(#3545,(IFCLINEINDEX((1,2,3,4,1))),$);
#3547=IFCARBITRARYCLOSEDPROFILEDEF(.AREA.,$,#3546);
#3548=IFCCARTESIANPOINT((0.02500000037252903,0.0093077663332223892,0.02500000037252903));
#3549=IFCDIRECTION((0.,0.,1.));
#3550=IFCDIRECTION((1.,0.,0.));
#3551=IFCAXIS2PLACEMENT3D(#3548,#3549,#3550);
#3552=IFCDIRECTION((0.,0.,1.));
#3553=IFCEXTRUDEDAREASOLID(#3547,#3551,#3552,1.9499999992549419);
#3554=IFCCARTESIANPOINTLIST2D(((0.,0.),(0.,-0.040000000000000001),(0.12,-0.040000000000000001),(0.12,-0.02),(0.02,-0.02),(0.02,0.)));
#3555=IFCINDEXEDPOLYCURVE(#3554,(IFCLINEINDEX((1,2,3,4,5,6,1))),$);
#3556=IFCARBITRARYCLOSEDPROFILEDEF(.AREA.,$,#3555);
#3557=IFCCARTESIANPOINT((0.075000000372529033,0.0093077663332223892,1.015000000372529));
#3558=IFCDIRECTION((0.,0.,1.));
#3559=IFCDIRECTION((1.,0.,0.));
#3560=IFCAXIS2PLACEMENT3D(#3557,#3558,#3559);
#3561=IFCDIRECTION((0.,0.,1.));
#3562=IFCEXTRUDEDAREASOLID(#3556,#3560,#3561,0.02);
#3563=IFCEXTRUDEDAREASOLID(#3564,#3567,#3571,0.02);
#3564=IFCARBITRARYCLOSEDPROFILEDEF(.AREA.,$,#3565);
#3565=IFCINDEXEDPOLYCURVE(#3566,(IFCLINEINDEX((1,2,3,4,5,6,1))),$);
#3566=IFCCARTESIANPOINTLIST2D(((0.,0.),(0.,0.040000000000000008),(0.11999999999999998,0.040000000000000008),(0.11999999999999998,0.020000000000000018),(0.020000000000000004,0.020000000000000018),(0.020000000000000004,0.)));
#3567=IFCAXIS2PLACEMENT3D(#3568,#3569,#3570);
#3568=IFCCARTESIANPOINT((0.075000000372529033,0.1043077576905489,1.015000000372529));
#3569=IFCDIRECTION((0.,0.,1.));
#3570=IFCDIRECTION((1.,0.,0.));
#3571=IFCDIRECTION((0.,0.,1.));
#3572=IFCSHAPEREPRESENTATION(#11,'Body','SweptSolid',(#3526,#3535,#3553,#3562,#3563,#3544));
#3573=IFCCARTESIANPOINTLIST2D(((0.,-0.015692234039306641),(0.,0.070312783122062683),(0.02500000037252903,0.070312783122062683),(0.02500000037252903,0.0093077663332223892),(0.094736501574516296,0.0093077663332223892),(0.094736501574516296,-0.015692234039306641)));
#3574=IFCINDEXEDPOLYCURVE(#3573,(IFCLINEINDEX((1,2,3,4,5,6,1))),$);
#3575=IFCINDEXEDPOLYCURVE(#3576,(IFCLINEINDEX((1,2,3,4,5,6,1))),$);
#3576=IFCCARTESIANPOINTLIST2D(((0.89999997615814209,-0.015692234039306641),(0.89999997615814209,0.070312783122062683),(0.87499997578561306,0.070312783122062683),(0.87499997578561306,0.0093077663332223892),(0.80526347458362579,0.0093077663332223892),(0.80526347458362579,-0.015692234039306641)));
#3577=IFCDIRECTION((1.,0.));
#3578=IFCCARTESIANPOINT((0.77999998442828655,0.070312783122062683));
#3579=IFCAXIS2PLACEMENT2D(#3578,#3577);
#3580=IFCELLIPSE(#3579,0.75499998405575752,0.84999997541308403);
#3581=IFCCARTESIANPOINT((0.77999998442828655,0.92031275853514671));
#3582=IFCCARTESIANPOINT((0.02500000037252903,0.070312783122062683));
#3583=IFCTRIMMEDCURVE(#3580,(#3581),(#3582),.T.,.CARTESIAN.);
#3584=IFCCARTESIANPOINTLIST2D(((0.87499997578561306,0.070312783122062683),(0.77999998442828655,0.070312783122062683),(0.77999998442828655,0.92031275853514671),(0.87499997578561306,0.92031275853514671)));
#3585=IFCINDEXEDPOLYCURVE(#3584,(IFCLINEINDEX((1,2,3,4,1))),$);
#3586=IFCSHAPEREPRESENTATION(#24,'Body','Curve2D',(#3574,#3575,#3583,#3585));
#3587=IFCCARTESIANPOINTLIST2D(((0.,0.),(0.89999997615814209,0.),(0.89999997615814209,2.),(0.,2.)));
#3588=IFCINDEXEDPOLYCURVE(#3587,(IFCLINEINDEX((1,2,3,4,1))),$);
#3589=IFCARBITRARYCLOSEDPROFILEDEF(.AREA.,$,#3588);
#3590=IFCCARTESIANPOINT((0.,-0.60000002384185791,0.));
#3591=IFCDIRECTION((0.,-1.,0.));
#3592=IFCDIRECTION((1.,0.,0.));
#3593=IFCAXIS2PLACEMENT3D(#3590,#3591,#3592);
#3594=IFCDIRECTION((0.,0.,-1.));
#3595=IFCEXTRUDEDAREASOLID(#3589,#3593,#3594,1.2);
#3596=IFCSHAPEREPRESENTATION(#11,'Body','SweptSolid',(#3595));
#3602=IFCCARTESIANPOINT((0.93389831722139438,0.2103079477178886,0.));
#3603=IFCDIRECTION((0.,0.,1.));
#3604=IFCDIRECTION((-0.99999999999999611,-8.742790572992059E-08,0.));
#3605=IFCAXIS2PLACEMENT3D(#3602,#3603,#3604);
#3606=IFCLOCALPLACEMENT(#3041,#3605);
#3612=IFCDOORTYPE('0LMepO9yn1vgQ_hyTO$bOh',$,'BATHROOM - GF',$,$,(#3613),(#3615,#3623,#3683),$,$,.DOOR.,.SINGLE_SWING_LEFT.,$,$);
#3613=IFCPROPERTYSET('2lTa1CU8r7HQEY3Sght_$V',$,'BBIM_Door',$,(#3614));
#3614=IFCPROPERTYSINGLEVALUE('Data',$,IFCTEXT('{"door_type": "SINGLE_SWING_LEFT", "overall_height": 1.9501360654830933, "overall_width": 0.7868293523788452, "lining_properties": {"lining_depth": 0.08190326392650604, "lining_thickness": 0.08637778460979462, "lining_offset": -0.01569223403930664, "lining_to_panel_offset_x": 0.02500000037252903, "lining_to_panel_offset_y": 0.02500000037252903, "transom_thickness": 0.0, "threshold_thickness": 0.02500000037252903, "threshold_depth": 0.010999999940395355, "threshold_offset": 0.16501547396183014}, "panel_properties": {"panel_depth": 0.09499999135732651, "panel_width_ratio": 1.0}}'),$);
#3615=IFCREPRESENTATIONMAP(#3616,#4482);
#3616=IFCAXIS2PLACEMENT3D(#3617,#3618,#3619);
#3617=IFCCARTESIANPOINT((0.,0.,0.));
#3618=IFCDIRECTION((0.,0.,1.));
#3619=IFCDIRECTION((1.,0.,0.));
#3623=IFCREPRESENTATIONMAP(#3624,#4537);
#3624=IFCAXIS2PLACEMENT3D(#3625,#3626,#3627);
#3625=IFCCARTESIANPOINT((0.,0.,0.));
#3626=IFCDIRECTION((0.,0.,1.));
#3627=IFCDIRECTION((1.,0.,0.));
#3683=IFCREPRESENTATIONMAP(#3684,#4551);
#3684=IFCAXIS2PLACEMENT3D(#3685,#3686,#3687);
#3685=IFCCARTESIANPOINT((0.,0.,0.));
#3686=IFCDIRECTION((0.,0.,1.));
#3687=IFCDIRECTION((1.,0.,0.));
#3702=IFCDOOR('3RNWK_$qv67u0ThigvSFQQ',$,'Door',$,$,#4576,#3711,$,1.9501360654830933,0.78682935237884521,$,.SINGLE_SWING_LEFT.,$);
#3703=IFCRELDEFINESBYTYPE('3xzxUwCn9BaRnMHqGExc5p',$,$,$,(#3702),#3612);
#3704=IFCCARTESIANPOINT((0.,0.,0.));
#3705=IFCDIRECTION((1.,0.,0.));
#3706=IFCDIRECTION((0.,1.,0.));
#3707=IFCDIRECTION((0.,0.,1.));
#3708=IFCCARTESIANTRANSFORMATIONOPERATOR3D(#3705,#3706,#3704,1.,#3707);
#3709=IFCMAPPEDITEM(#3615,#3708);
#3710=IFCSHAPEREPRESENTATION(#18,'Profile','MappedRepresentation',(#3709));
#3711=IFCPRODUCTDEFINITIONSHAPE($,$,(#3710,#3718,#3725));
#3712=IFCCARTESIANPOINT((0.,0.,0.));
#3713=IFCDIRECTION((1.,0.,0.));
#3714=IFCDIRECTION((0.,1.,0.));
#3715=IFCDIRECTION((0.,0.,1.));
#3716=IFCCARTESIANTRANSFORMATIONOPERATOR3D(#3713,#3714,#3712,1.,#3715);
#3717=IFCMAPPEDITEM(#3623,#3716);
#3718=IFCSHAPEREPRESENTATION(#11,'Body','MappedRepresentation',(#3717));
#3719=IFCCARTESIANPOINT((0.,0.,0.));
#3720=IFCDIRECTION((1.,0.,0.));
#3721=IFCDIRECTION((0.,1.,0.));
#3722=IFCDIRECTION((0.,0.,1.));
#3723=IFCCARTESIANTRANSFORMATIONOPERATOR3D(#3720,#3721,#3719,1.,#3722);
#3724=IFCMAPPEDITEM(#3683,#3723);
#3725=IFCSHAPEREPRESENTATION(#24,'Body','MappedRepresentation',(#3724));
#3726=IFCOPENINGELEMENT('3VhTz5nOHAuhSON1ASJs0u',$,'Opening',$,$,#4571,#3754,$,.OPENING.);
#3742=IFCCARTESIANPOINT((0.,0.,0.));
#3743=IFCDIRECTION((1.,0.,0.));
#3744=IFCDIRECTION((0.,0.,1.));
#3745=IFCAXIS2PLACEMENT3D(#3742,#3744,#3743);
#3746=IFCREPRESENTATIONMAP(#3745,#4561);
#3747=IFCCARTESIANPOINT((0.,0.,0.));
#3748=IFCDIRECTION((1.,0.,0.));
#3749=IFCDIRECTION((0.,1.,0.));
#3750=IFCDIRECTION((0.,0.,1.));
#3751=IFCCARTESIANTRANSFORMATIONOPERATOR3D(#3748,#3749,#3747,1.,#3750);
#3752=IFCMAPPEDITEM(#3746,#3751);
#3753=IFCSHAPEREPRESENTATION(#11,'Body','MappedRepresentation',(#3752));
#3754=IFCPRODUCTDEFINITIONSHAPE($,$,(#3753));
#3755=IFCRELVOIDSELEMENT('14FiEwtsLF4v_HcPTRYxWe',$,$,$,#741,#3726);
#3761=IFCRELFILLSELEMENT('09k7Qt8Nj9o86s3b6P$7Yg',$,$,$,#3726,#3702);
#3800=IFCCARTESIANPOINTLIST2D(((0.,0.),(0.,2.),(0.89999997615814209,2.),(0.89999997615814209,0.),(0.87499997578561306,0.),(0.87499997578561306,1.974999999627471),(0.02500000037252903,1.974999999627471),(0.02500000037252903,0.)));
#3801=IFCINDEXEDPOLYCURVE(#3800,(IFCLINEINDEX((1,2,3,4,5,6,7,8,1))),$);
#3802=IFCARBITRARYCLOSEDPROFILEDEF(.AREA.,$,#3801);
#3803=IFCCARTESIANPOINT((0.,0.0093077663332223892,0.));
#3804=IFCDIRECTION((0.,-1.,0.));
#3805=IFCDIRECTION((1.,0.,0.));
#3806=IFCAXIS2PLACEMENT3D(#3803,#3804,#3805);
#3807=IFCDIRECTION((0.,0.,-1.));
#3808=IFCEXTRUDEDAREASOLID(#3802,#3806,#3807,0.056903263553977013);
#3809=IFCCARTESIANPOINTLIST2D(((0.,0.),(0.,2.),(0.89999997615814209,2.),(0.89999997615814209,0.),(0.7087530642747879,0.),(0.7087530642747879,1.8087530881166458),(0.19124691188335419,1.8087530881166458),(0.19124691188335419,0.)));
#3810=IFCINDEXEDPOLYCURVE(#3809,(IFCLINEINDEX((1,2,3,4,5,6,7,8,1))),$);
#3811=IFCARBITRARYCLOSEDPROFILEDEF(.AREA.,$,#3810);
#3812=IFCCARTESIANPOINT((0.,-0.015692234039306641,0.));
#3813=IFCDIRECTION((0.,-1.,0.));
#3814=IFCDIRECTION((1.,0.,0.));
#3815=IFCAXIS2PLACEMENT3D(#3812,#3813,#3814);
#3816=IFCDIRECTION((0.,0.,-1.));
#3817=IFCEXTRUDEDAREASOLID(#3811,#3815,#3816,0.02500000037252903);
#3818=IFCCARTESIANPOINTLIST2D(((0.,0.),(0.51750615239143372,0.),(0.51750615239143372,0.010999999940395355),(0.,0.010999999940395355)));
#3819=IFCINDEXEDPOLYCURVE(#3818,(IFCLINEINDEX((1,2,3,4,1))),$);
#3820=IFCARBITRARYCLOSEDPROFILEDEF(.AREA.,$,#3819);
#3821=IFCCARTESIANPOINT((0.19124691188335419,0.15159799158573151,0.));
#3822=IFCDIRECTION((0.,0.,1.));
#3823=IFCDIRECTION((1.,0.,0.));
#3824=IFCAXIS2PLACEMENT3D(#3821,#3822,#3823);
#3825=IFCDIRECTION((0.,0.,1.));
#3826=IFCEXTRUDEDAREASOLID(#3820,#3824,#3825,0.02500000037252903);
#3827=IFCCARTESIANPOINTLIST2D(((0.,0.),(0.84999997541308403,0.),(0.84999997541308403,0.094999991357326508),(0.,0.094999991357326508)));
#3828=IFCINDEXEDPOLYCURVE(#3827,(IFCLINEINDEX((1,2,3,4,1))),$);
#3829=IFCARBITRARYCLOSEDPROFILEDEF(.AREA.,$,#3828);
#3830=IFCCARTESIANPOINT((0.02500000037252903,0.0093077663332223892,0.02500000037252903));
#3831=IFCDIRECTION((0.,0.,1.));
#3832=IFCDIRECTION((1.,0.,0.));
#3833=IFCAXIS2PLACEMENT3D(#3830,#3831,#3832);
#3834=IFCDIRECTION((0.,0.,1.));
#3835=IFCEXTRUDEDAREASOLID(#3829,#3833,#3834,1.9499999992549419);
#3836=IFCCARTESIANPOINTLIST2D(((0.,0.),(0.,-0.040000000000000001),(-0.11999999999999988,-0.040000000000000001),(-0.11999999999999988,-0.02),(-0.020000000000000018,-0.02),(-0.020000000000000018,0.)));
#3837=IFCINDEXEDPOLYCURVE(#3836,(IFCLINEINDEX((1,2,3,4,5,6,1))),$);
#3838=IFCARBITRARYCLOSEDPROFILEDEF(.AREA.,$,#3837);
#3839=IFCCARTESIANPOINT((0.82499997578561302,0.0093077663332223892,1.015000000372529));
#3840=IFCDIRECTION((0.,0.,1.));
#3841=IFCDIRECTION((1.,0.,0.));
#3842=IFCAXIS2PLACEMENT3D(#3839,#3840,#3841);
#3843=IFCDIRECTION((0.,0.,1.));
#3844=IFCEXTRUDEDAREASOLID(#3838,#3842,#3843,0.02);
#3845=IFCEXTRUDEDAREASOLID(#3846,#3849,#3853,0.02);
#3846=IFCARBITRARYCLOSEDPROFILEDEF(.AREA.,$,#3847);
#3847=IFCINDEXEDPOLYCURVE(#3848,(IFCLINEINDEX((1,2,3,4,5,6,1))),$);
#3848=IFCCARTESIANPOINTLIST2D(((0.,0.),(0.,0.040000000000000008),(-0.11999999999999988,0.040000000000000008),(-0.11999999999999988,0.020000000000000018),(-0.020000000000000018,0.020000000000000018),(-0.020000000000000018,0.)));
#3849=IFCAXIS2PLACEMENT3D(#3850,#3851,#3852);
#3850=IFCCARTESIANPOINT((0.82499997578561302,0.1043077576905489,1.015000000372529));
#3851=IFCDIRECTION((0.,0.,1.));
#3852=IFCDIRECTION((1.,0.,0.));
#3853=IFCDIRECTION((0.,0.,1.));
#3855=IFCSHAPEREPRESENTATION(#11,'Body','SweptSolid',(#3817,#3808,#4509,#4412,#4315,#4500,#4403,#3909,#4491,#4394,#3826,#4218,#4121,#4306,#4024,#4209,#4112,#4297,#4015,#4200,#4103,#3927,#4006,#3918));
#3856=IFCSHAPEASPECT((#3855),'Lining',$,.T.,#3711);
#3857=IFCSHAPEREPRESENTATION(#11,'Body','SweptSolid',(#4431,#4421,#4334,#4324,#4139,#4237,#3844,#4227,#4140,#3845,#3835,#4518,#4130,#4042,#3945,#4043,#4033,#3946,#3936,#4430,#4333,#4527,#4528,#4236));
#3858=IFCSHAPEASPECT((#3857),'Framing',$,.T.,#3711);
#3901=IFCCARTESIANPOINTLIST2D(((0.,0.),(0.,1.9501360654830933),(0.78682935237884521,1.9501360654830933),(0.78682935237884521,0.),(0.76182935200631618,0.),(0.76182935200631618,1.9251360651105642),(0.02500000037252903,1.9251360651105642),(0.02500000037252903,0.)));
#3902=IFCINDEXEDPOLYCURVE(#3901,(IFCLINEINDEX((1,2,3,4,5,6,7,8,1))),$);
#3903=IFCARBITRARYCLOSEDPROFILEDEF(.AREA.,$,#3902);
#3904=IFCCARTESIANPOINT((0.,0.0093077663332223892,0.));
#3905=IFCDIRECTION((0.,-1.,0.));
#3906=IFCDIRECTION((1.,0.,0.));
#3907=IFCAXIS2PLACEMENT3D(#3904,#3905,#3906);
#3908=IFCDIRECTION((0.,0.,-1.));
#3909=IFCEXTRUDEDAREASOLID(#3903,#3907,#3908,0.056903263553977013);
#3910=IFCCARTESIANPOINTLIST2D(((0.,0.),(0.,1.9501360654830933),(0.78682935237884521,1.9501360654830933),(0.78682935237884521,0.),(0.59558244049549103,0.),(0.59558244049549103,1.7588891535997391),(0.19124691188335419,1.7588891535997391),(0.19124691188335419,0.)));
#3911=IFCINDEXEDPOLYCURVE(#3910,(IFCLINEINDEX((1,2,3,4,5,6,7,8,1))),$);
#3912=IFCARBITRARYCLOSEDPROFILEDEF(.AREA.,$,#3911);
#3913=IFCCARTESIANPOINT((0.,-0.015692234039306641,0.));
#3914=IFCDIRECTION((0.,-1.,0.));
#3915=IFCDIRECTION((1.,0.,0.));
#3916=IFCAXIS2PLACEMENT3D(#3913,#3914,#3915);
#3917=IFCDIRECTION((0.,0.,-1.));
#3918=IFCEXTRUDEDAREASOLID(#3912,#3916,#3917,0.02500000037252903);
#3919=IFCCARTESIANPOINTLIST2D(((0.,0.),(0.40433552861213684,0.),(0.40433552861213684,0.010999999940395355),(0.,0.010999999940395355)));
#3920=IFCINDEXEDPOLYCURVE(#3919,(IFCLINEINDEX((1,2,3,4,1))),$);
#3921=IFCARBITRARYCLOSEDPROFILEDEF(.AREA.,$,#3920);
#3922=IFCCARTESIANPOINT((0.19124691188335419,0.15159799158573151,0.));
#3923=IFCDIRECTION((0.,0.,1.));
#3924=IFCDIRECTION((1.,0.,0.));
#3925=IFCAXIS2PLACEMENT3D(#3922,#3923,#3924);
#3926=IFCDIRECTION((0.,0.,1.));
#3927=IFCEXTRUDEDAREASOLID(#3921,#3925,#3926,0.02500000037252903);
#3928=IFCCARTESIANPOINTLIST2D(((0.,0.),(0.73682935163378716,0.),(0.73682935163378716,0.094999991357326508),(0.,0.094999991357326508)));
#3929=IFCINDEXEDPOLYCURVE(#3928,(IFCLINEINDEX((1,2,3,4,1))),$);
#3930=IFCARBITRARYCLOSEDPROFILEDEF(.AREA.,$,#3929);
#3931=IFCCARTESIANPOINT((0.02500000037252903,0.0093077663332223892,0.02500000037252903));
#3932=IFCDIRECTION((0.,0.,1.));
#3933=IFCDIRECTION((1.,0.,0.));
#3934=IFCAXIS2PLACEMENT3D(#3931,#3932,#3933);
#3935=IFCDIRECTION((0.,0.,1.));
#3936=IFCEXTRUDEDAREASOLID(#3930,#3934,#3935,1.9001360647380352);
#3937=IFCCARTESIANPOINTLIST2D(((0.,0.),(0.,-0.040000000000000001),(-0.11999999999999988,-0.040000000000000001),(-0.11999999999999988,-0.02),(-0.020000000000000018,-0.02),(-0.020000000000000018,0.)));
#3938=IFCINDEXEDPOLYCURVE(#3937,(IFCLINEINDEX((1,2,3,4,5,6,1))),$);
#3939=IFCARBITRARYCLOSEDPROFILEDEF(.AREA.,$,#3938);
#3940=IFCCARTESIANPOINT((0.71182935200631614,0.0093077663332223892,1.015000000372529));
#3941=IFCDIRECTION((0.,0.,1.));
#3942=IFCDIRECTION((1.,0.,0.));
#3943=IFCAXIS2PLACEMENT3D(#3940,#3941,#3942);
#3944=IFCDIRECTION((0.,0.,1.));
#3945=IFCEXTRUDEDAREASOLID(#3939,#3943,#3944,0.02);
#3946=IFCEXTRUDEDAREASOLID(#3947,#3950,#3954,0.02);
#3947=IFCARBITRARYCLOSEDPROFILEDEF(.AREA.,$,#3948);
#3948=IFCINDEXEDPOLYCURVE(#3949,(IFCLINEINDEX((1,2,3,4,5,6,1))),$);
#3949=IFCCARTESIANPOINTLIST2D(((0.,0.),(0.,0.040000000000000008),(-0.11999999999999988,0.040000000000000008),(-0.11999999999999988,0.020000000000000018),(-0.020000000000000018,0.020000000000000018),(-0.020000000000000018,0.)));
#3950=IFCAXIS2PLACEMENT3D(#3951,#3952,#3953);
#3951=IFCCARTESIANPOINT((0.71182935200631614,0.1043077576905489,1.015000000372529));
#3952=IFCDIRECTION((0.,0.,1.));
#3953=IFCDIRECTION((1.,0.,0.));
#3954=IFCDIRECTION((0.,0.,1.));
#3998=IFCCARTESIANPOINTLIST2D(((0.,0.),(0.,1.9501360654830933),(0.78682935237884521,1.9501360654830933),(0.78682935237884521,0.),(0.76182935200631618,0.),(0.76182935200631618,1.9251360651105642),(0.02500000037252903,1.9251360651105642),(0.02500000037252903,0.)));
#3999=IFCINDEXEDPOLYCURVE(#3998,(IFCLINEINDEX((1,2,3,4,5,6,7,8,1))),$);
#4000=IFCARBITRARYCLOSEDPROFILEDEF(.AREA.,$,#3999);
#4001=IFCCARTESIANPOINT((0.,0.0093077663332223892,0.));
#4002=IFCDIRECTION((0.,-1.,0.));
#4003=IFCDIRECTION((1.,0.,0.));
#4004=IFCAXIS2PLACEMENT3D(#4001,#4002,#4003);
#4005=IFCDIRECTION((0.,0.,-1.));
#4006=IFCEXTRUDEDAREASOLID(#4000,#4004,#4005,0.056903263553977013);
#4007=IFCCARTESIANPOINTLIST2D(((0.,0.),(0.,1.9501360654830933),(0.78682935237884521,1.9501360654830933),(0.78682935237884521,0.),(0.59558244049549103,0.),(0.59558244049549103,1.7588891535997391),(0.19124691188335419,1.7588891535997391),(0.19124691188335419,0.)));
#4008=IFCINDEXEDPOLYCURVE(#4007,(IFCLINEINDEX((1,2,3,4,5,6,7,8,1))),$);
#4009=IFCARBITRARYCLOSEDPROFILEDEF(.AREA.,$,#4008);
#4010=IFCCARTESIANPOINT((0.,-0.015692234039306641,0.));
#4011=IFCDIRECTION((0.,-1.,0.));
#4012=IFCDIRECTION((1.,0.,0.));
#4013=IFCAXIS2PLACEMENT3D(#4010,#4011,#4012);
#4014=IFCDIRECTION((0.,0.,-1.));
#4015=IFCEXTRUDEDAREASOLID(#4009,#4013,#4014,0.02500000037252903);
#4016=IFCCARTESIANPOINTLIST2D(((0.,0.),(0.40433552861213684,0.),(0.40433552861213684,0.010999999940395355),(0.,0.010999999940395355)));
#4017=IFCINDEXEDPOLYCURVE(#4016,(IFCLINEINDEX((1,2,3,4,1))),$);
#4018=IFCARBITRARYCLOSEDPROFILEDEF(.AREA.,$,#4017);
#4019=IFCCARTESIANPOINT((0.19124691188335419,0.15159799158573151,0.));
#4020=IFCDIRECTION((0.,0.,1.));
#4021=IFCDIRECTION((1.,0.,0.));
#4022=IFCAXIS2PLACEMENT3D(#4019,#4020,#4021);
#4023=IFCDIRECTION((0.,0.,1.));
#4024=IFCEXTRUDEDAREASOLID(#4018,#4022,#4023,0.02500000037252903);
#4025=IFCCARTESIANPOINTLIST2D(((0.,0.),(0.73682935163378716,0.),(0.73682935163378716,0.094999991357326508),(0.,0.094999991357326508)));
#4026=IFCINDEXEDPOLYCURVE(#4025,(IFCLINEINDEX((1,2,3,4,1))),$);
#4027=IFCARBITRARYCLOSEDPROFILEDEF(.AREA.,$,#4026);
#4028=IFCCARTESIANPOINT((0.02500000037252903,0.0093077663332223892,0.02500000037252903));
#4029=IFCDIRECTION((0.,0.,1.));
#4030=IFCDIRECTION((1.,0.,0.));
#4031=IFCAXIS2PLACEMENT3D(#4028,#4029,#4030);
#4032=IFCDIRECTION((0.,0.,1.));
#4033=IFCEXTRUDEDAREASOLID(#4027,#4031,#4032,1.9001360647380352);
#4034=IFCCARTESIANPOINTLIST2D(((0.,0.),(0.,-0.040000000000000001),(-0.11999999999999988,-0.040000000000000001),(-0.11999999999999988,-0.02),(-0.020000000000000018,-0.02),(-0.020000000000000018,0.)));
#4035=IFCINDEXEDPOLYCURVE(#4034,(IFCLINEINDEX((1,2,3,4,5,6,1))),$);
#4036=IFCARBITRARYCLOSEDPROFILEDEF(.AREA.,$,#4035);
#4037=IFCCARTESIANPOINT((0.71182935200631614,0.0093077663332223892,1.015000000372529));
#4038=IFCDIRECTION((0.,0.,1.));
#4039=IFCDIRECTION((1.,0.,0.));
#4040=IFCAXIS2PLACEMENT3D(#4037,#4038,#4039);
#4041=IFCDIRECTION((0.,0.,1.));
#4042=IFCEXTRUDEDAREASOLID(#4036,#4040,#4041,0.02);
#4043=IFCEXTRUDEDAREASOLID(#4044,#4047,#4051,0.02);
#4044=IFCARBITRARYCLOSEDPROFILEDEF(.AREA.,$,#4045);
#4045=IFCINDEXEDPOLYCURVE(#4046,(IFCLINEINDEX((1,2,3,4,5,6,1))),$);
#4046=IFCCARTESIANPOINTLIST2D(((0.,0.),(0.,0.040000000000000008),(-0.11999999999999988,0.040000000000000008),(-0.11999999999999988,0.020000000000000018),(-0.020000000000000018,0.020000000000000018),(-0.020000000000000018,0.)));
#4047=IFCAXIS2PLACEMENT3D(#4048,#4049,#4050);
#4048=IFCCARTESIANPOINT((0.71182935200631614,0.1043077576905489,1.015000000372529));
#4049=IFCDIRECTION((0.,0.,1.));
#4050=IFCDIRECTION((1.,0.,0.));
#4051=IFCDIRECTION((0.,0.,1.));
#4095=IFCCARTESIANPOINTLIST2D(((0.,0.),(0.,1.9501360654830933),(0.78682935237884521,1.9501360654830933),(0.78682935237884521,0.),(0.76182935200631618,0.),(0.76182935200631618,1.9251360651105642),(0.02500000037252903,1.9251360651105642),(0.02500000037252903,0.)));
#4096=IFCINDEXEDPOLYCURVE(#4095,(IFCLINEINDEX((1,2,3,4,5,6,7,8,1))),$);
#4097=IFCARBITRARYCLOSEDPROFILEDEF(.AREA.,$,#4096);
#4098=IFCCARTESIANPOINT((0.,0.0093077663332223892,0.));
#4099=IFCDIRECTION((0.,-1.,0.));
#4100=IFCDIRECTION((1.,0.,0.));
#4101=IFCAXIS2PLACEMENT3D(#4098,#4099,#4100);
#4102=IFCDIRECTION((0.,0.,-1.));
#4103=IFCEXTRUDEDAREASOLID(#4097,#4101,#4102,0.056903263553977013);
#4104=IFCCARTESIANPOINTLIST2D(((0.,0.),(0.,1.9501360654830933),(0.78682935237884521,1.9501360654830933),(0.78682935237884521,0.),(0.59558244049549103,0.),(0.59558244049549103,1.7588891535997391),(0.19124691188335419,1.7588891535997391),(0.19124691188335419,0.)));
#4105=IFCINDEXEDPOLYCURVE(#4104,(IFCLINEINDEX((1,2,3,4,5,6,7,8,1))),$);
#4106=IFCARBITRARYCLOSEDPROFILEDEF(.AREA.,$,#4105);
#4107=IFCCARTESIANPOINT((0.,-0.015692234039306641,0.));
#4108=IFCDIRECTION((0.,-1.,0.));
#4109=IFCDIRECTION((1.,0.,0.));
#4110=IFCAXIS2PLACEMENT3D(#4107,#4108,#4109);
#4111=IFCDIRECTION((0.,0.,-1.));
#4112=IFCEXTRUDEDAREASOLID(#4106,#4110,#4111,0.02500000037252903);
#4113=IFCCARTESIANPOINTLIST2D(((0.,0.),(0.40433552861213684,0.),(0.40433552861213684,0.010999999940395355),(0.,0.010999999940395355)));
#4114=IFCINDEXEDPOLYCURVE(#4113,(IFCLINEINDEX((1,2,3,4,1))),$);
#4115=IFCARBITRARYCLOSEDPROFILEDEF(.AREA.,$,#4114);
#4116=IFCCARTESIANPOINT((0.19124691188335419,0.15159799158573151,0.));
#4117=IFCDIRECTION((0.,0.,1.));
#4118=IFCDIRECTION((1.,0.,0.));
#4119=IFCAXIS2PLACEMENT3D(#4116,#4117,#4118);
#4120=IFCDIRECTION((0.,0.,1.));
#4121=IFCEXTRUDEDAREASOLID(#4115,#4119,#4120,0.02500000037252903);
#4122=IFCCARTESIANPOINTLIST2D(((0.,0.),(0.73682935163378716,0.),(0.73682935163378716,0.094999991357326508),(0.,0.094999991357326508)));
#4123=IFCINDEXEDPOLYCURVE(#4122,(IFCLINEINDEX((1,2,3,4,1))),$);
#4124=IFCARBITRARYCLOSEDPROFILEDEF(.AREA.,$,#4123);
#4125=IFCCARTESIANPOINT((0.02500000037252903,0.0093077663332223892,0.02500000037252903));
#4126=IFCDIRECTION((0.,0.,1.));
#4127=IFCDIRECTION((1.,0.,0.));
#4128=IFCAXIS2PLACEMENT3D(#4125,#4126,#4127);
#4129=IFCDIRECTION((0.,0.,1.));
#4130=IFCEXTRUDEDAREASOLID(#4124,#4128,#4129,1.9001360647380352);
#4131=IFCCARTESIANPOINTLIST2D(((0.,0.),(0.,-0.040000000000000001),(-0.11999999999999988,-0.040000000000000001),(-0.11999999999999988,-0.02),(-0.020000000000000018,-0.02),(-0.020000000000000018,0.)));
#4132=IFCINDEXEDPOLYCURVE(#4131,(IFCLINEINDEX((1,2,3,4,5,6,1))),$);
#4133=IFCARBITRARYCLOSEDPROFILEDEF(.AREA.,$,#4132);
#4134=IFCCARTESIANPOINT((0.71182935200631614,0.0093077663332223892,1.015000000372529));
#4135=IFCDIRECTION((0.,0.,1.));
#4136=IFCDIRECTION((1.,0.,0.));
#4137=IFCAXIS2PLACEMENT3D(#4134,#4135,#4136);
#4138=IFCDIRECTION((0.,0.,1.));
#4139=IFCEXTRUDEDAREASOLID(#4133,#4137,#4138,0.02);
#4140=IFCEXTRUDEDAREASOLID(#4141,#4144,#4148,0.02);
#4141=IFCARBITRARYCLOSEDPROFILEDEF(.AREA.,$,#4142);
#4142=IFCINDEXEDPOLYCURVE(#4143,(IFCLINEINDEX((1,2,3,4,5,6,1))),$);
#4143=IFCCARTESIANPOINTLIST2D(((0.,0.),(0.,0.040000000000000008),(-0.11999999999999988,0.040000000000000008),(-0.11999999999999988,0.020000000000000018),(-0.020000000000000018,0.020000000000000018),(-0.020000000000000018,0.)));
#4144=IFCAXIS2PLACEMENT3D(#4145,#4146,#4147);
#4145=IFCCARTESIANPOINT((0.71182935200631614,0.1043077576905489,1.015000000372529));
#4146=IFCDIRECTION((0.,0.,1.));
#4147=IFCDIRECTION((1.,0.,0.));
#4148=IFCDIRECTION((0.,0.,1.));
#4192=IFCCARTESIANPOINTLIST2D(((0.,0.),(0.,1.9501360654830933),(0.78682935237884521,1.9501360654830933),(0.78682935237884521,0.),(0.76182935200631618,0.),(0.76182935200631618,1.9251360651105642),(0.02500000037252903,1.9251360651105642),(0.02500000037252903,0.)));
#4193=IFCINDEXEDPOLYCURVE(#4192,(IFCLINEINDEX((1,2,3,4,5,6,7,8,1))),$);
#4194=IFCARBITRARYCLOSEDPROFILEDEF(.AREA.,$,#4193);
#4195=IFCCARTESIANPOINT((0.,0.0093077663332223892,0.));
#4196=IFCDIRECTION((0.,-1.,0.));
#4197=IFCDIRECTION((1.,0.,0.));
#4198=IFCAXIS2PLACEMENT3D(#4195,#4196,#4197);
#4199=IFCDIRECTION((0.,0.,-1.));
#4200=IFCEXTRUDEDAREASOLID(#4194,#4198,#4199,0.056903263553977013);
#4201=IFCCARTESIANPOINTLIST2D(((0.,0.),(0.,1.9501360654830933),(0.78682935237884521,1.9501360654830933),(0.78682935237884521,0.),(0.59558244049549103,0.),(0.59558244049549103,1.7588891535997391),(0.19124691188335419,1.7588891535997391),(0.19124691188335419,0.)));
#4202=IFCINDEXEDPOLYCURVE(#4201,(IFCLINEINDEX((1,2,3,4,5,6,7,8,1))),$);
#4203=IFCARBITRARYCLOSEDPROFILEDEF(.AREA.,$,#4202);
#4204=IFCCARTESIANPOINT((0.,-0.015692234039306641,0.));
#4205=IFCDIRECTION((0.,-1.,0.));
#4206=IFCDIRECTION((1.,0.,0.));
#4207=IFCAXIS2PLACEMENT3D(#4204,#4205,#4206);
#4208=IFCDIRECTION((0.,0.,-1.));
#4209=IFCEXTRUDEDAREASOLID(#4203,#4207,#4208,0.02500000037252903);
#4210=IFCCARTESIANPOINTLIST2D(((0.,0.),(0.40433552861213684,0.),(0.40433552861213684,0.010999999940395355),(0.,0.010999999940395355)));
#4211=IFCINDEXEDPOLYCURVE(#4210,(IFCLINEINDEX((1,2,3,4,1))),$);
#4212=IFCARBITRARYCLOSEDPROFILEDEF(.AREA.,$,#4211);
#4213=IFCCARTESIANPOINT((0.19124691188335419,0.15159799158573151,0.));
#4214=IFCDIRECTION((0.,0.,1.));
#4215=IFCDIRECTION((1.,0.,0.));
#4216=IFCAXIS2PLACEMENT3D(#4213,#4214,#4215);
#4217=IFCDIRECTION((0.,0.,1.));
#4218=IFCEXTRUDEDAREASOLID(#4212,#4216,#4217,0.02500000037252903);
#4219=IFCCARTESIANPOINTLIST2D(((0.,0.),(0.73682935163378716,0.),(0.73682935163378716,0.094999991357326508),(0.,0.094999991357326508)));
#4220=IFCINDEXEDPOLYCURVE(#4219,(IFCLINEINDEX((1,2,3,4,1))),$);
#4221=IFCARBITRARYCLOSEDPROFILEDEF(.AREA.,$,#4220);
#4222=IFCCARTESIANPOINT((0.02500000037252903,0.0093077663332223892,0.02500000037252903));
#4223=IFCDIRECTION((0.,0.,1.));
#4224=IFCDIRECTION((1.,0.,0.));
#4225=IFCAXIS2PLACEMENT3D(#4222,#4223,#4224);
#4226=IFCDIRECTION((0.,0.,1.));
#4227=IFCEXTRUDEDAREASOLID(#4221,#4225,#4226,1.9001360647380352);
#4228=IFCCARTESIANPOINTLIST2D(((0.,0.),(0.,-0.040000000000000001),(-0.11999999999999988,-0.040000000000000001),(-0.11999999999999988,-0.02),(-0.020000000000000018,-0.02),(-0.020000000000000018,0.)));
#4229=IFCINDEXEDPOLYCURVE(#4228,(IFCLINEINDEX((1,2,3,4,5,6,1))),$);
#4230=IFCARBITRARYCLOSEDPROFILEDEF(.AREA.,$,#4229);
#4231=IFCCARTESIANPOINT((0.71182935200631614,0.0093077663332223892,1.015000000372529));
#4232=IFCDIRECTION((0.,0.,1.));
#4233=IFCDIRECTION((1.,0.,0.));
#4234=IFCAXIS2PLACEMENT3D(#4231,#4232,#4233);
#4235=IFCDIRECTION((0.,0.,1.));
#4236=IFCEXTRUDEDAREASOLID(#4230,#4234,#4235,0.02);
#4237=IFCEXTRUDEDAREASOLID(#4238,#4241,#4245,0.02);
#4238=IFCARBITRARYCLOSEDPROFILEDEF(.AREA.,$,#4239);
#4239=IFCINDEXEDPOLYCURVE(#4240,(IFCLINEINDEX((1,2,3,4,5,6,1))),$);
#4240=IFCCARTESIANPOINTLIST2D(((0.,0.),(0.,0.040000000000000008),(-0.11999999999999988,0.040000000000000008),(-0.11999999999999988,0.020000000000000018),(-0.020000000000000018,0.020000000000000018),(-0.020000000000000018,0.)));
#4241=IFCAXIS2PLACEMENT3D(#4242,#4243,#4244);
#4242=IFCCARTESIANPOINT((0.71182935200631614,0.1043077576905489,1.015000000372529));
#4243=IFCDIRECTION((0.,0.,1.));
#4244=IFCDIRECTION((1.,0.,0.));
#4245=IFCDIRECTION((0.,0.,1.));
#4289=IFCCARTESIANPOINTLIST2D(((0.,0.),(0.,1.9501360654830933),(0.78682935237884521,1.9501360654830933),(0.78682935237884521,0.),(0.76182935200631618,0.),(0.76182935200631618,1.9251360651105642),(0.02500000037252903,1.9251360651105642),(0.02500000037252903,0.)));
#4290=IFCINDEXEDPOLYCURVE(#4289,(IFCLINEINDEX((1,2,3,4,5,6,7,8,1))),$);
#4291=IFCARBITRARYCLOSEDPROFILEDEF(.AREA.,$,#4290);
#4292=IFCCARTESIANPOINT((0.,0.0093077663332223892,0.));
#4293=IFCDIRECTION((0.,-1.,0.));
#4294=IFCDIRECTION((1.,0.,0.));
#4295=IFCAXIS2PLACEMENT3D(#4292,#4293,#4294);
#4296=IFCDIRECTION((0.,0.,-1.));
#4297=IFCEXTRUDEDAREASOLID(#4291,#4295,#4296,0.056903263553977013);
#4298=IFCCARTESIANPOINTLIST2D(((0.,0.),(0.,1.9501360654830933),(0.78682935237884521,1.9501360654830933),(0.78682935237884521,0.),(0.59558244049549103,0.),(0.59558244049549103,1.7588891535997391),(0.19124691188335419,1.7588891535997391),(0.19124691188335419,0.)));
#4299=IFCINDEXEDPOLYCURVE(#4298,(IFCLINEINDEX((1,2,3,4,5,6,7,8,1))),$);
#4300=IFCARBITRARYCLOSEDPROFILEDEF(.AREA.,$,#4299);
#4301=IFCCARTESIANPOINT((0.,-0.015692234039306641,0.));
#4302=IFCDIRECTION((0.,-1.,0.));
#4303=IFCDIRECTION((1.,0.,0.));
#4304=IFCAXIS2PLACEMENT3D(#4301,#4302,#4303);
#4305=IFCDIRECTION((0.,0.,-1.));
#4306=IFCEXTRUDEDAREASOLID(#4300,#4304,#4305,0.02500000037252903);
#4307=IFCCARTESIANPOINTLIST2D(((0.,0.),(0.40433552861213684,0.),(0.40433552861213684,0.010999999940395355),(0.,0.010999999940395355)));
#4308=IFCINDEXEDPOLYCURVE(#4307,(IFCLINEINDEX((1,2,3,4,1))),$);
#4309=IFCARBITRARYCLOSEDPROFILEDEF(.AREA.,$,#4308);
#4310=IFCCARTESIANPOINT((0.19124691188335419,0.15159799158573151,0.));
#4311=IFCDIRECTION((0.,0.,1.));
#4312=IFCDIRECTION((1.,0.,0.));
#4313=IFCAXIS2PLACEMENT3D(#4310,#4311,#4312);
#4314=IFCDIRECTION((0.,0.,1.));
#4315=IFCEXTRUDEDAREASOLID(#4309,#4313,#4314,0.02500000037252903);
#4316=IFCCARTESIANPOINTLIST2D(((0.,0.),(0.73682935163378716,0.),(0.73682935163378716,0.094999991357326508),(0.,0.094999991357326508)));
#4317=IFCINDEXEDPOLYCURVE(#4316,(IFCLINEINDEX((1,2,3,4,1))),$);
#4318=IFCARBITRARYCLOSEDPROFILEDEF(.AREA.,$,#4317);
#4319=IFCCARTESIANPOINT((0.02500000037252903,0.0093077663332223892,0.02500000037252903));
#4320=IFCDIRECTION((0.,0.,1.));
#4321=IFCDIRECTION((1.,0.,0.));
#4322=IFCAXIS2PLACEMENT3D(#4319,#4320,#4321);
#4323=IFCDIRECTION((0.,0.,1.));
#4324=IFCEXTRUDEDAREASOLID(#4318,#4322,#4323,1.9001360647380352);
#4325=IFCCARTESIANPOINTLIST2D(((0.,0.),(0.,-0.040000000000000001),(-0.11999999999999988,-0.040000000000000001),(-0.11999999999999988,-0.02),(-0.020000000000000018,-0.02),(-0.020000000000000018,0.)));
#4326=IFCINDEXEDPOLYCURVE(#4325,(IFCLINEINDEX((1,2,3,4,5,6,1))),$);
#4327=IFCARBITRARYCLOSEDPROFILEDEF(.AREA.,$,#4326);
#4328=IFCCARTESIANPOINT((0.71182935200631614,0.0093077663332223892,1.015000000372529));
#4329=IFCDIRECTION((0.,0.,1.));
#4330=IFCDIRECTION((1.,0.,0.));
#4331=IFCAXIS2PLACEMENT3D(#4328,#4329,#4330);
#4332=IFCDIRECTION((0.,0.,1.));
#4333=IFCEXTRUDEDAREASOLID(#4327,#4331,#4332,0.02);
#4334=IFCEXTRUDEDAREASOLID(#4335,#4338,#4342,0.02);
#4335=IFCARBITRARYCLOSEDPROFILEDEF(.AREA.,$,#4336);
#4336=IFCINDEXEDPOLYCURVE(#4337,(IFCLINEINDEX((1,2,3,4,5,6,1))),$);
#4337=IFCCARTESIANPOINTLIST2D(((0.,0.),(0.,0.040000000000000008),(-0.11999999999999988,0.040000000000000008),(-0.11999999999999988,0.020000000000000018),(-0.020000000000000018,0.020000000000000018),(-0.020000000000000018,0.)));
#4338=IFCAXIS2PLACEMENT3D(#4339,#4340,#4341);
#4339=IFCCARTESIANPOINT((0.71182935200631614,0.1043077576905489,1.015000000372529));
#4340=IFCDIRECTION((0.,0.,1.));
#4341=IFCDIRECTION((1.,0.,0.));
#4342=IFCDIRECTION((0.,0.,1.));
#4386=IFCCARTESIANPOINTLIST2D(((0.,0.),(0.,1.9501360654830933),(0.78682935237884521,1.9501360654830933),(0.78682935237884521,0.),(0.76182935200631618,0.),(0.76182935200631618,1.9251360651105642),(0.02500000037252903,1.9251360651105642),(0.02500000037252903,0.)));
#4387=IFCINDEXEDPOLYCURVE(#4386,(IFCLINEINDEX((1,2,3,4,5,6,7,8,1))),$);
#4388=IFCARBITRARYCLOSEDPROFILEDEF(.AREA.,$,#4387);
#4389=IFCCARTESIANPOINT((0.,0.0093077663332223892,0.));
#4390=IFCDIRECTION((0.,-1.,0.));
#4391=IFCDIRECTION((1.,0.,0.));
#4392=IFCAXIS2PLACEMENT3D(#4389,#4390,#4391);
#4393=IFCDIRECTION((0.,0.,-1.));
#4394=IFCEXTRUDEDAREASOLID(#4388,#4392,#4393,0.056903263553977013);
#4395=IFCCARTESIANPOINTLIST2D(((0.,0.),(0.,1.9501360654830933),(0.78682935237884521,1.9501360654830933),(0.78682935237884521,0.),(0.59558244049549103,0.),(0.59558244049549103,1.7588891535997391),(0.19124691188335419,1.7588891535997391),(0.19124691188335419,0.)));
#4396=IFCINDEXEDPOLYCURVE(#4395,(IFCLINEINDEX((1,2,3,4,5,6,7,8,1))),$);
#4397=IFCARBITRARYCLOSEDPROFILEDEF(.AREA.,$,#4396);
#4398=IFCCARTESIANPOINT((0.,-0.015692234039306641,0.));
#4399=IFCDIRECTION((0.,-1.,0.));
#4400=IFCDIRECTION((1.,0.,0.));
#4401=IFCAXIS2PLACEMENT3D(#4398,#4399,#4400);
#4402=IFCDIRECTION((0.,0.,-1.));
#4403=IFCEXTRUDEDAREASOLID(#4397,#4401,#4402,0.02500000037252903);
#4404=IFCCARTESIANPOINTLIST2D(((0.,0.),(0.40433552861213684,0.),(0.40433552861213684,0.010999999940395355),(0.,0.010999999940395355)));
#4405=IFCINDEXEDPOLYCURVE(#4404,(IFCLINEINDEX((1,2,3,4,1))),$);
#4406=IFCARBITRARYCLOSEDPROFILEDEF(.AREA.,$,#4405);
#4407=IFCCARTESIANPOINT((0.19124691188335419,0.15159799158573151,0.));
#4408=IFCDIRECTION((0.,0.,1.));
#4409=IFCDIRECTION((1.,0.,0.));
#4410=IFCAXIS2PLACEMENT3D(#4407,#4408,#4409);
#4411=IFCDIRECTION((0.,0.,1.));
#4412=IFCEXTRUDEDAREASOLID(#4406,#4410,#4411,0.02500000037252903);
#4413=IFCCARTESIANPOINTLIST2D(((0.,0.),(0.73682935163378716,0.),(0.73682935163378716,0.094999991357326508),(0.,0.094999991357326508)));
#4414=IFCINDEXEDPOLYCURVE(#4413,(IFCLINEINDEX((1,2,3,4,1))),$);
#4415=IFCARBITRARYCLOSEDPROFILEDEF(.AREA.,$,#4414);
#4416=IFCCARTESIANPOINT((0.02500000037252903,0.0093077663332223892,0.02500000037252903));
#4417=IFCDIRECTION((0.,0.,1.));
#4418=IFCDIRECTION((1.,0.,0.));
#4419=IFCAXIS2PLACEMENT3D(#4416,#4417,#4418);
#4420=IFCDIRECTION((0.,0.,1.));
#4421=IFCEXTRUDEDAREASOLID(#4415,#4419,#4420,1.9001360647380352);
#4422=IFCCARTESIANPOINTLIST2D(((0.,0.),(0.,-0.040000000000000001),(-0.11999999999999988,-0.040000000000000001),(-0.11999999999999988,-0.02),(-0.020000000000000018,-0.02),(-0.020000000000000018,0.)));
#4423=IFCINDEXEDPOLYCURVE(#4422,(IFCLINEINDEX((1,2,3,4,5,6,1))),$);
#4424=IFCARBITRARYCLOSEDPROFILEDEF(.AREA.,$,#4423);
#4425=IFCCARTESIANPOINT((0.71182935200631614,0.0093077663332223892,1.015000000372529));
#4426=IFCDIRECTION((0.,0.,1.));
#4427=IFCDIRECTION((1.,0.,0.));
#4428=IFCAXIS2PLACEMENT3D(#4425,#4426,#4427);
#4429=IFCDIRECTION((0.,0.,1.));
#4430=IFCEXTRUDEDAREASOLID(#4424,#4428,#4429,0.02);
#4431=IFCEXTRUDEDAREASOLID(#4432,#4435,#4439,0.02);
#4432=IFCARBITRARYCLOSEDPROFILEDEF(.AREA.,$,#4433);
#4433=IFCINDEXEDPOLYCURVE(#4434,(IFCLINEINDEX((1,2,3,4,5,6,1))),$);
#4434=IFCCARTESIANPOINTLIST2D(((0.,0.),(0.,0.040000000000000008),(-0.11999999999999988,0.040000000000000008),(-0.11999999999999988,0.020000000000000018),(-0.020000000000000018,0.020000000000000018),(-0.020000000000000018,0.)));
#4435=IFCAXIS2PLACEMENT3D(#4436,#4437,#4438);
#4436=IFCCARTESIANPOINT((0.71182935200631614,0.1043077576905489,1.015000000372529));
#4437=IFCDIRECTION((0.,0.,1.));
#4438=IFCDIRECTION((1.,0.,0.));
#4439=IFCDIRECTION((0.,0.,1.));
#4480=IFCCARTESIANPOINTLIST3D(((0.,0.,0.),(0.78682935237884521,0.,0.),(0.78682935237884521,0.,1.9501360654830933),(0.,0.,1.9501360654830933)));
#4481=IFCINDEXEDPOLYCURVE(#4480,(IFCLINEINDEX((1,2,3,4,1))),$);
#4482=IFCSHAPEREPRESENTATION(#18,'Profile','Curve3D',(#4481));
#4483=IFCCARTESIANPOINTLIST2D(((0.,0.),(0.,1.9501360654830933),(0.78682935237884521,1.9501360654830933),(0.78682935237884521,0.),(0.76182935200631618,0.),(0.76182935200631618,1.9251360651105642),(0.02500000037252903,1.9251360651105642),(0.02500000037252903,0.)));
#4484=IFCINDEXEDPOLYCURVE(#4483,(IFCLINEINDEX((1,2,3,4,5,6,7,8,1))),$);
#4485=IFCARBITRARYCLOSEDPROFILEDEF(.AREA.,$,#4484);
#4486=IFCCARTESIANPOINT((0.,0.0093077663332223892,0.));
#4487=IFCDIRECTION((0.,-1.,0.));
#4488=IFCDIRECTION((1.,0.,0.));
#4489=IFCAXIS2PLACEMENT3D(#4486,#4487,#4488);
#4490=IFCDIRECTION((0.,0.,-1.));
#4491=IFCEXTRUDEDAREASOLID(#4485,#4489,#4490,0.056903263553977013);
#4492=IFCCARTESIANPOINTLIST2D(((0.,0.),(0.,1.9501360654830933),(0.78682935237884521,1.9501360654830933),(0.78682935237884521,0.),(0.7004515677690506,0.),(0.7004515677690506,1.8637582808732986),(0.086377784609794617,1.8637582808732986),(0.086377784609794617,0.)));
#4493=IFCINDEXEDPOLYCURVE(#4492,(IFCLINEINDEX((1,2,3,4,5,6,7,8,1))),$);
#4494=IFCARBITRARYCLOSEDPROFILEDEF(.AREA.,$,#4493);
#4495=IFCCARTESIANPOINT((0.,-0.015692234039306641,0.));
#4496=IFCDIRECTION((0.,-1.,0.));
#4497=IFCDIRECTION((1.,0.,0.));
#4498=IFCAXIS2PLACEMENT3D(#4495,#4496,#4497);
#4499=IFCDIRECTION((0.,0.,-1.));
#4500=IFCEXTRUDEDAREASOLID(#4494,#4498,#4499,0.02500000037252903);
#4501=IFCCARTESIANPOINTLIST2D(((0.,0.),(0.61407378315925598,0.),(0.61407378315925598,0.010999999940395355),(0.,0.010999999940395355)));
#4502=IFCINDEXEDPOLYCURVE(#4501,(IFCLINEINDEX((1,2,3,4,1))),$);
#4503=IFCARBITRARYCLOSEDPROFILEDEF(.AREA.,$,#4502);
#4504=IFCCARTESIANPOINT((0.086377784609794617,0.16501547396183014,0.));
#4505=IFCDIRECTION((0.,0.,1.));
#4506=IFCDIRECTION((1.,0.,0.));
#4507=IFCAXIS2PLACEMENT3D(#4504,#4505,#4506);
#4508=IFCDIRECTION((0.,0.,1.));
#4509=IFCEXTRUDEDAREASOLID(#4503,#4507,#4508,0.02500000037252903);
#4510=IFCCARTESIANPOINTLIST2D(((0.,0.),(0.73682935163378716,0.),(0.73682935163378716,0.094999991357326508),(0.,0.094999991357326508)));
#4511=IFCINDEXEDPOLYCURVE(#4510,(IFCLINEINDEX((1,2,3,4,1))),$);
#4512=IFCARBITRARYCLOSEDPROFILEDEF(.AREA.,$,#4511);
#4513=IFCCARTESIANPOINT((0.02500000037252903,0.0093077663332223892,0.02500000037252903));
#4514=IFCDIRECTION((0.,0.,1.));
#4515=IFCDIRECTION((1.,0.,0.));
#4516=IFCAXIS2PLACEMENT3D(#4513,#4514,#4515);
#4517=IFCDIRECTION((0.,0.,1.));
#4518=IFCEXTRUDEDAREASOLID(#4512,#4516,#4517,1.9001360647380352);
#4519=IFCCARTESIANPOINTLIST2D(((0.,0.),(0.,-0.040000000000000001),(-0.11999999999999988,-0.040000000000000001),(-0.11999999999999988,-0.02),(-0.020000000000000018,-0.02),(-0.020000000000000018,0.)));
#4520=IFCINDEXEDPOLYCURVE(#4519,(IFCLINEINDEX((1,2,3,4,5,6,1))),$);
#4521=IFCARBITRARYCLOSEDPROFILEDEF(.AREA.,$,#4520);
#4522=IFCCARTESIANPOINT((0.71182935200631614,0.0093077663332223892,1.015000000372529));
#4523=IFCDIRECTION((0.,0.,1.));
#4524=IFCDIRECTION((1.,0.,0.));
#4525=IFCAXIS2PLACEMENT3D(#4522,#4523,#4524);
#4526=IFCDIRECTION((0.,0.,1.));
#4527=IFCEXTRUDEDAREASOLID(#4521,#4525,#4526,0.02);
#4528=IFCEXTRUDEDAREASOLID(#4529,#4532,#4536,0.02);
#4529=IFCARBITRARYCLOSEDPROFILEDEF(.AREA.,$,#4530);
#4530=IFCINDEXEDPOLYCURVE(#4531,(IFCLINEINDEX((1,2,3,4,5,6,1))),$);
#4531=IFCCARTESIANPOINTLIST2D(((0.,0.),(0.,0.040000000000000008),(-0.11999999999999988,0.040000000000000008),(-0.11999999999999988,0.020000000000000018),(-0.020000000000000018,0.020000000000000018),(-0.020000000000000018,0.)));
#4532=IFCAXIS2PLACEMENT3D(#4533,#4534,#4535);
#4533=IFCCARTESIANPOINT((0.71182935200631614,0.1043077576905489,1.015000000372529));
#4534=IFCDIRECTION((0.,0.,1.));
#4535=IFCDIRECTION((1.,0.,0.));
#4536=IFCDIRECTION((0.,0.,1.));
#4537=IFCSHAPEREPRESENTATION(#11,'Body','SweptSolid',(#4491,#4500,#4518,#4527,#4528,#4509));
#4538=IFCCARTESIANPOINTLIST2D(((0.,-0.015692234039306641),(0.,0.066211029887199402),(0.02500000037252903,0.066211029887199402),(0.02500000037252903,0.0093077663332223892),(0.086377784609794617,0.0093077663332223892),(0.086377784609794617,-0.015692234039306641)));
#4539=IFCINDEXEDPOLYCURVE(#4538,(IFCLINEINDEX((1,2,3,4,5,6,1))),$);
#4540=IFCINDEXEDPOLYCURVE(#4541,(IFCLINEINDEX((1,2,3,4,5,6,1))),$);
#4541=IFCCARTESIANPOINTLIST2D(((0.78682935237884521,-0.015692234039306641),(0.78682935237884521,0.066211029887199402),(0.76182935200631618,0.066211029887199402),(0.76182935200631618,0.0093077663332223892),(0.7004515677690506,0.0093077663332223892),(0.7004515677690506,-0.015692234039306641)));
#4542=IFCDIRECTION((1.,0.));
#4543=IFCCARTESIANPOINT((0.11999999172985554,0.066211029887199402));
#4544=IFCAXIS2PLACEMENT2D(#4543,#4542);
#4545=IFCELLIPSE(#4544,0.64182936027646065,0.73682935163378716);
#4546=IFCCARTESIANPOINT((0.76182935200631618,0.066211029887199402));
#4547=IFCCARTESIANPOINT((0.11999999172985554,0.80304038152098656));
#4548=IFCTRIMMEDCURVE(#4545,(#4546),(#4547),.T.,.CARTESIAN.);
#4549=IFCCARTESIANPOINTLIST2D(((0.02500000037252903,0.066211029887199402),(0.11999999172985554,0.066211029887199402),(0.11999999172985554,0.80304038152098656),(0.02500000037252903,0.80304038152098656)));
#4550=IFCINDEXEDPOLYCURVE(#4549,(IFCLINEINDEX((1,2,3,4,1))),$);
#4551=IFCSHAPEREPRESENTATION(#24,'Body','Curve2D',(#4539,#4540,#4548,#4550));
#4552=IFCCARTESIANPOINTLIST2D(((0.,0.),(0.78682935237884521,0.),(0.78682935237884521,1.9501360654830933),(0.,1.9501360654830933)));
#4553=IFCINDEXEDPOLYCURVE(#4552,(IFCLINEINDEX((1,2,3,4,1))),$);
#4554=IFCARBITRARYCLOSEDPROFILEDEF(.AREA.,$,#4553);
#4555=IFCCARTESIANPOINT((0.,-0.60000002384185791,0.));
#4556=IFCDIRECTION((0.,-1.,0.));
#4557=IFCDIRECTION((1.,0.,0.));
#4558=IFCAXIS2PLACEMENT3D(#4555,#4556,#4557);
#4559=IFCDIRECTION((0.,0.,-1.));
#4560=IFCEXTRUDEDAREASOLID(#4554,#4558,#4559,1.2);
#4561=IFCSHAPEREPRESENTATION(#11,'Body','SweptSolid',(#4560));
#4567=IFCCARTESIANPOINT((0.018927107336377258,-0.031906002778868681,0.));
#4568=IFCDIRECTION((0.,0.,1.));
#4569=IFCDIRECTION((1.,0.,0.));
#4570=IFCAXIS2PLACEMENT3D(#4567,#4568,#4569);
#4571=IFCLOCALPLACEMENT(#2255,#4570);
#4572=IFCCARTESIANPOINT((-1.7763568394002505E-15,0.,0.));
#4573=IFCDIRECTION((0.,0.,1.));
#4574=IFCDIRECTION((1.,0.,0.));
#4575=IFCAXIS2PLACEMENT3D(#4572,#4573,#4574);
#4576=IFCLOCALPLACEMENT(#4571,#4575);
#4577=IFCDOORTYPE('1cW2NLvTD14weF722PLBtT',$,'MAID''S -GF',$,$,(#4578),(#4580,#4588,#4648),$,$,.DOOR.,.SINGLE_SWING_LEFT.,$,$);
#4578=IFCPROPERTYSET('26WnnE_Tr1BOzX30B3AJP8',$,'BBIM_Door',$,(#4579));
#4579=IFCPROPERTYSINGLEVALUE('Data',$,IFCTEXT('{"door_type": "SINGLE_SWING_LEFT", "overall_height": 1.9501360654830933, "overall_width": 1.4856815338134766, "lining_properties": {"lining_depth": 0.08190326392650604, "lining_thickness": 0.07430187612771988, "lining_offset": -0.01569223403930664, "lining_to_panel_offset_x": 0.02500000037252903, "lining_to_panel_offset_y": 0.02500000037252903, "transom_thickness": 0.0, "threshold_thickness": 0.02500000037252903, "threshold_depth": 0.010999999940395355, "threshold_offset": 0.12559795379638672}, "panel_properties": {"panel_depth": 0.09499999135732651, "panel_width_ratio": 1.0}}'),$);
#4580=IFCREPRESENTATIONMAP(#4581,#5267);
#4581=IFCAXIS2PLACEMENT3D(#4582,#4583,#4584);
#4582=IFCCARTESIANPOINT((0.,0.,0.));
#4583=IFCDIRECTION((0.,0.,1.));
#4584=IFCDIRECTION((1.,0.,0.));
#4588=IFCREPRESENTATIONMAP(#4589,#5322);
#4589=IFCAXIS2PLACEMENT3D(#4590,#4591,#4592);
#4590=IFCCARTESIANPOINT((0.,0.,0.));
#4591=IFCDIRECTION((0.,0.,1.));
#4592=IFCDIRECTION((1.,0.,0.));
#4648=IFCREPRESENTATIONMAP(#4649,#5336);
#4649=IFCAXIS2PLACEMENT3D(#4650,#4651,#4652);
#4650=IFCCARTESIANPOINT((0.,0.,0.));
#4651=IFCDIRECTION((0.,0.,1.));
#4652=IFCDIRECTION((1.,0.,0.));
#4667=IFCDOOR('2dW3hTSYPDxRu00sgkpVza',$,'Door',$,$,#5361,#4677,$,1.9501360654830933,1.4856815338134766,$,.SINGLE_SWING_LEFT.,$);
#4669=IFCRELDEFINESBYTYPE('0CPwoY$sn4xxI2Z$33uwCg',$,$,$,(#4667),#4577);
#4670=IFCCARTESIANPOINT((0.,0.,0.));
#4671=IFCDIRECTION((1.,0.,0.));
#4672=IFCDIRECTION((0.,1.,0.));
#4673=IFCDIRECTION((0.,0.,1.));
#4674=IFCCARTESIANTRANSFORMATIONOPERATOR3D(#4671,#4672,#4670,1.,#4673);
#4675=IFCMAPPEDITEM(#4580,#4674);
#4676=IFCSHAPEREPRESENTATION(#18,'Profile','MappedRepresentation',(#4675));
#4677=IFCPRODUCTDEFINITIONSHAPE($,$,(#4676,#4684,#4691));
#4678=IFCCARTESIANPOINT((0.,0.,0.));
#4679=IFCDIRECTION((1.,0.,0.));
#4680=IFCDIRECTION((0.,1.,0.));
#4681=IFCDIRECTION((0.,0.,1.));
#4682=IFCCARTESIANTRANSFORMATIONOPERATOR3D(#4679,#4680,#4678,1.,#4681);
#4683=IFCMAPPEDITEM(#4588,#4682);
#4684=IFCSHAPEREPRESENTATION(#11,'Body','MappedRepresentation',(#4683));
#4685=IFCCARTESIANPOINT((0.,0.,0.));
#4686=IFCDIRECTION((1.,0.,0.));
#4687=IFCDIRECTION((0.,1.,0.));
#4688=IFCDIRECTION((0.,0.,1.));
#4689=IFCCARTESIANTRANSFORMATIONOPERATOR3D(#4686,#4687,#4685,1.,#4688);
#4690=IFCMAPPEDITEM(#4648,#4689);
#4691=IFCSHAPEREPRESENTATION(#24,'Body','MappedRepresentation',(#4690));
#4692=IFCOPENINGELEMENT('1_z3nhzJL5JwlrjFdBapU8',$,'Opening',$,$,#5356,#4720,$,.OPENING.);
#4708=IFCCARTESIANPOINT((0.,0.,0.));
#4709=IFCDIRECTION((1.,0.,0.));
#4710=IFCDIRECTION((0.,0.,1.));
#4711=IFCAXIS2PLACEMENT3D(#4708,#4710,#4709);
#4712=IFCREPRESENTATIONMAP(#4711,#5346);
#4713=IFCCARTESIANPOINT((0.,0.,0.));
#4714=IFCDIRECTION((1.,0.,0.));
#4715=IFCDIRECTION((0.,1.,0.));
#4716=IFCDIRECTION((0.,0.,1.));
#4717=IFCCARTESIANTRANSFORMATIONOPERATOR3D(#4714,#4715,#4713,1.,#4716);
#4718=IFCMAPPEDITEM(#4712,#4717);
#4719=IFCSHAPEREPRESENTATION(#11,'Body','MappedRepresentation',(#4718));
#4720=IFCPRODUCTDEFINITIONSHAPE($,$,(#4719));
#4721=IFCRELVOIDSELEMENT('3PqHqjBH9ERwthTAfAckGD',$,$,$,#873,#4692);
#4727=IFCRELFILLSELEMENT('3WwDR35uH8AuZVFFetd89K',$,$,$,#4692,#4667);
#4765=IFCCARTESIANPOINTLIST2D(((0.,0.),(0.,1.9236187934875488),(1.4467674493789673,1.9236187934875488),(1.4467674493789673,0.),(1.4267564248293638,0.),(1.4267564248293638,1.9036077689379454),(0.020011024549603462,1.9036077689379454),(0.020011024549603462,0.)));
#4766=IFCINDEXEDPOLYCURVE(#4765,(IFCLINEINDEX((1,2,3,4,5,6,7,8,1))),$);
#4767=IFCARBITRARYCLOSEDPROFILEDEF(.AREA.,$,#4766);
#4768=IFCCARTESIANPOINT((0.,0.,0.));
#4769=IFCDIRECTION((0.,-1.,0.));
#4770=IFCDIRECTION((1.,0.,0.));
#4771=IFCAXIS2PLACEMENT3D(#4768,#4769,#4770);
#4772=IFCDIRECTION((0.,0.,-1.));
#4773=IFCEXTRUDEDAREASOLID(#4767,#4771,#4772,0.081903263926506042);
#4774=IFCCARTESIANPOINTLIST2D(((0.,0.),(0.,1.9236187934875488),(1.4467674493789673,1.9236187934875488),(1.4467674493789673,0.),(1.4267564248293638,0.),(1.4267564248293638,1.8662694692611694),(0.020011024549603462,1.8662694692611694),(0.020011024549603462,0.)));
#4775=IFCINDEXEDPOLYCURVE(#4774,(IFCLINEINDEX((1,2,3,4,5,6,7,8,1))),$);
#4779=IFCCARTESIANPOINTLIST2D(((0.,0.),(0.,1.9501360654830933),(0.78682935237884521,1.9501360654830933),(0.78682935237884521,0.),(0.76182935200631618,0.),(0.76182935200631618,1.9251360651105642),(0.02500000037252903,1.9251360651105642),(0.02500000037252903,0.)));
#4780=IFCINDEXEDPOLYCURVE(#4779,(IFCLINEINDEX((1,2,3,4,5,6,7,8,1))),$);
#4781=IFCARBITRARYCLOSEDPROFILEDEF(.AREA.,$,#4780);
#4782=IFCCARTESIANPOINT((0.,0.0093077663332223892,0.));
#4783=IFCDIRECTION((0.,-1.,0.));
#4784=IFCDIRECTION((1.,0.,0.));
#4785=IFCAXIS2PLACEMENT3D(#4782,#4783,#4784);
#4786=IFCDIRECTION((0.,0.,-1.));
#4787=IFCEXTRUDEDAREASOLID(#4781,#4785,#4786,0.056903263553977013);
#4788=IFCCARTESIANPOINTLIST2D(((0.,0.),(0.,1.9501360654830933),(0.78682935237884521,1.9501360654830933),(0.78682935237884521,0.),(0.7004515677690506,0.),(0.7004515677690506,1.8637582808732986),(0.086377784609794617,1.8637582808732986),(0.086377784609794617,0.)));
#4789=IFCINDEXEDPOLYCURVE(#4788,(IFCLINEINDEX((1,2,3,4,5,6,7,8,1))),$);
#4790=IFCARBITRARYCLOSEDPROFILEDEF(.AREA.,$,#4789);
#4791=IFCCARTESIANPOINT((0.,-0.015692234039306641,0.));
#4792=IFCDIRECTION((0.,-1.,0.));
#4793=IFCDIRECTION((1.,0.,0.));
#4794=IFCAXIS2PLACEMENT3D(#4791,#4792,#4793);
#4795=IFCDIRECTION((0.,0.,-1.));
#4796=IFCEXTRUDEDAREASOLID(#4790,#4794,#4795,0.02500000037252903);
#4797=IFCCARTESIANPOINTLIST2D(((0.,0.),(0.61407378315925598,0.),(0.61407378315925598,0.010999999940395355),(0.,0.010999999940395355)));
#4798=IFCINDEXEDPOLYCURVE(#4797,(IFCLINEINDEX((1,2,3,4,1))),$);
#4799=IFCARBITRARYCLOSEDPROFILEDEF(.AREA.,$,#4798);
#4800=IFCCARTESIANPOINT((0.086377784609794617,0.16501547396183014,0.));
#4801=IFCDIRECTION((0.,0.,1.));
#4802=IFCDIRECTION((1.,0.,0.));
#4803=IFCAXIS2PLACEMENT3D(#4800,#4801,#4802);
#4804=IFCDIRECTION((0.,0.,1.));
#4805=IFCEXTRUDEDAREASOLID(#4799,#4803,#4804,0.02500000037252903);
#4806=IFCCARTESIANPOINTLIST2D(((0.,0.),(0.73682935163378716,0.),(0.73682935163378716,0.094999991357326508),(0.,0.094999991357326508)));
#4807=IFCINDEXEDPOLYCURVE(#4806,(IFCLINEINDEX((1,2,3,4,1))),$);
#4808=IFCARBITRARYCLOSEDPROFILEDEF(.AREA.,$,#4807);
#4809=IFCCARTESIANPOINT((0.02500000037252903,0.0093077663332223892,0.02500000037252903));
#4810=IFCDIRECTION((0.,0.,1.));
#4811=IFCDIRECTION((1.,0.,0.));
#4812=IFCAXIS2PLACEMENT3D(#4809,#4810,#4811);
#4813=IFCDIRECTION((0.,0.,1.));
#4814=IFCEXTRUDEDAREASOLID(#4808,#4812,#4813,1.9001360647380352);
#4815=IFCCARTESIANPOINTLIST2D(((0.,0.),(0.,-0.040000000000000001),(-0.11999999999999988,-0.040000000000000001),(-0.11999999999999988,-0.02),(-0.020000000000000018,-0.02),(-0.020000000000000018,0.)));
#4816=IFCINDEXEDPOLYCURVE(#4815,(IFCLINEINDEX((1,2,3,4,5,6,1))),$);
#4817=IFCARBITRARYCLOSEDPROFILEDEF(.AREA.,$,#4816);
#4818=IFCCARTESIANPOINT((0.71182935200631614,0.0093077663332223892,1.015000000372529));
#4819=IFCDIRECTION((0.,0.,1.));
#4820=IFCDIRECTION((1.,0.,0.));
#4821=IFCAXIS2PLACEMENT3D(#4818,#4819,#4820);
#4822=IFCDIRECTION((0.,0.,1.));
#4823=IFCEXTRUDEDAREASOLID(#4817,#4821,#4822,0.02);
#4824=IFCEXTRUDEDAREASOLID(#4825,#4828,#4832,0.02);
#4825=IFCARBITRARYCLOSEDPROFILEDEF(.AREA.,$,#4826);
#4826=IFCINDEXEDPOLYCURVE(#4827,(IFCLINEINDEX((1,2,3,4,5,6,1))),$);
#4827=IFCCARTESIANPOINTLIST2D(((0.,0.),(0.,0.040000000000000008),(-0.11999999999999988,0.040000000000000008),(-0.11999999999999988,0.020000000000000018),(-0.020000000000000018,0.020000000000000018),(-0.020000000000000018,0.)));
#4828=IFCAXIS2PLACEMENT3D(#4829,#4830,#4831);
#4829=IFCCARTESIANPOINT((0.71182935200631614,0.1043077576905489,1.015000000372529));
#4830=IFCDIRECTION((0.,0.,1.));
#4831=IFCDIRECTION((1.,0.,0.));
#4832=IFCDIRECTION((0.,0.,1.));
#4834=IFCSHAPEREPRESENTATION(#11,'Body','SweptSolid',(#5082,#4985,#5276,#4888,#5179,#5294,#4805,#5003,#4906,#5091,#5197,#4796,#4994,#4897,#5188,#5285,#4787,#5100));
#4835=IFCSHAPEASPECT((#4834),'Lining',$,.T.,#4677);
#4836=IFCSHAPEREPRESENTATION(#11,'Body','SweptSolid',(#5312,#4924,#5215,#5216,#4915,#5206,#5303,#5118,#5021,#4823,#5119,#4824,#5022,#4925,#4814,#5012,#5109,#5313));
#4837=IFCSHAPEASPECT((#4836),'Framing',$,.T.,#4677);
#4880=IFCCARTESIANPOINTLIST2D(((0.,0.),(0.,1.9501360654830933),(1.4856815338134766,1.9501360654830933),(1.4856815338134766,0.),(1.4606815334409475,0.),(1.4606815334409475,1.9251360651105642),(0.02500000037252903,1.9251360651105642),(0.02500000037252903,0.)));
#4881=IFCINDEXEDPOLYCURVE(#4880,(IFCLINEINDEX((1,2,3,4,5,6,7,8,1))),$);
#4882=IFCARBITRARYCLOSEDPROFILEDEF(.AREA.,$,#4881);
#4883=IFCCARTESIANPOINT((0.,0.0093077663332223892,0.));
#4884=IFCDIRECTION((0.,-1.,0.));
#4885=IFCDIRECTION((1.,0.,0.));
#4886=IFCAXIS2PLACEMENT3D(#4883,#4884,#4885);
#4887=IFCDIRECTION((0.,0.,-1.));
#4888=IFCEXTRUDEDAREASOLID(#4882,#4886,#4887,0.056903263553977013);
#4889=IFCCARTESIANPOINTLIST2D(((0.,0.),(0.,1.9501360654830933),(1.4856815338134766,1.9501360654830933),(1.4856815338134766,0.),(1.3993037492036819,0.),(1.3993037492036819,1.8637582808732986),(0.086377784609794617,1.8637582808732986),(0.086377784609794617,0.)));
#4890=IFCINDEXEDPOLYCURVE(#4889,(IFCLINEINDEX((1,2,3,4,5,6,7,8,1))),$);
#4891=IFCARBITRARYCLOSEDPROFILEDEF(.AREA.,$,#4890);
#4892=IFCCARTESIANPOINT((0.,-0.015692234039306641,0.));
#4893=IFCDIRECTION((0.,-1.,0.));
#4894=IFCDIRECTION((1.,0.,0.));
#4895=IFCAXIS2PLACEMENT3D(#4892,#4893,#4894);
#4896=IFCDIRECTION((0.,0.,-1.));
#4897=IFCEXTRUDEDAREASOLID(#4891,#4895,#4896,0.02500000037252903);
#4898=IFCCARTESIANPOINTLIST2D(((0.,0.),(1.3129259645938873,0.),(1.3129259645938873,0.010999999940395355),(0.,0.010999999940395355)));
#4899=IFCINDEXEDPOLYCURVE(#4898,(IFCLINEINDEX((1,2,3,4,1))),$);
#4900=IFCARBITRARYCLOSEDPROFILEDEF(.AREA.,$,#4899);
#4901=IFCCARTESIANPOINT((0.086377784609794617,0.16501547396183014,0.));
#4902=IFCDIRECTION((0.,0.,1.));
#4903=IFCDIRECTION((1.,0.,0.));
#4904=IFCAXIS2PLACEMENT3D(#4901,#4902,#4903);
#4905=IFCDIRECTION((0.,0.,1.));
#4906=IFCEXTRUDEDAREASOLID(#4900,#4904,#4905,0.02500000037252903);
#4907=IFCCARTESIANPOINTLIST2D(((0.,0.),(1.4356815330684185,0.),(1.4356815330684185,0.094999991357326508),(0.,0.094999991357326508)));
#4908=IFCINDEXEDPOLYCURVE(#4907,(IFCLINEINDEX((1,2,3,4,1))),$);
#4909=IFCARBITRARYCLOSEDPROFILEDEF(.AREA.,$,#4908);
#4910=IFCCARTESIANPOINT((0.02500000037252903,0.0093077663332223892,0.02500000037252903));
#4911=IFCDIRECTION((0.,0.,1.));
#4912=IFCDIRECTION((1.,0.,0.));
#4913=IFCAXIS2PLACEMENT3D(#4910,#4911,#4912);
#4914=IFCDIRECTION((0.,0.,1.));
#4915=IFCEXTRUDEDAREASOLID(#4909,#4913,#4914,1.9001360647380352);
#4916=IFCCARTESIANPOINTLIST2D(((0.,0.),(0.,-0.040000000000000001),(0.12,-0.040000000000000001),(0.12,-0.02),(0.02,-0.02),(0.02,0.)));
#4917=IFCINDEXEDPOLYCURVE(#4916,(IFCLINEINDEX((1,2,3,4,5,6,1))),$);
#4918=IFCARBITRARYCLOSEDPROFILEDEF(.AREA.,$,#4917);
#4919=IFCCARTESIANPOINT((0.075000000372529033,0.0093077663332223892,1.015000000372529));
#4920=IFCDIRECTION((0.,0.,1.));
#4921=IFCDIRECTION((1.,0.,0.));
#4922=IFCAXIS2PLACEMENT3D(#4919,#4920,#4921);
#4923=IFCDIRECTION((0.,0.,1.));
#4924=IFCEXTRUDEDAREASOLID(#4918,#4922,#4923,0.02);
#4925=IFCEXTRUDEDAREASOLID(#4926,#4929,#4933,0.02);
#4926=IFCARBITRARYCLOSEDPROFILEDEF(.AREA.,$,#4927);
#4927=IFCINDEXEDPOLYCURVE(#4928,(IFCLINEINDEX((1,2,3,4,5,6,1))),$);
#4928=IFCCARTESIANPOINTLIST2D(((0.,0.),(0.,0.040000000000000008),(0.11999999999999998,0.040000000000000008),(0.11999999999999998,0.020000000000000018),(0.020000000000000004,0.020000000000000018),(0.020000000000000004,0.)));
#4929=IFCAXIS2PLACEMENT3D(#4930,#4931,#4932);
#4930=IFCCARTESIANPOINT((0.075000000372529033,0.1043077576905489,1.015000000372529));
#4931=IFCDIRECTION((0.,0.,1.));
#4932=IFCDIRECTION((1.,0.,0.));
#4933=IFCDIRECTION((0.,0.,1.));
#4977=IFCCARTESIANPOINTLIST2D(((0.,0.),(0.,1.9501360654830933),(1.4856815338134766,1.9501360654830933),(1.4856815338134766,0.),(1.4606815334409475,0.),(1.4606815334409475,1.9251360651105642),(0.02500000037252903,1.9251360651105642),(0.02500000037252903,0.)));
#4978=IFCINDEXEDPOLYCURVE(#4977,(IFCLINEINDEX((1,2,3,4,5,6,7,8,1))),$);
#4979=IFCARBITRARYCLOSEDPROFILEDEF(.AREA.,$,#4978);
#4980=IFCCARTESIANPOINT((0.,0.0093077663332223892,0.));
#4981=IFCDIRECTION((0.,-1.,0.));
#4982=IFCDIRECTION((1.,0.,0.));
#4983=IFCAXIS2PLACEMENT3D(#4980,#4981,#4982);
#4984=IFCDIRECTION((0.,0.,-1.));
#4985=IFCEXTRUDEDAREASOLID(#4979,#4983,#4984,0.056903263553977013);
#4986=IFCCARTESIANPOINTLIST2D(((0.,0.),(0.,1.9501360654830933),(1.4856815338134766,1.9501360654830933),(1.4856815338134766,0.),(1.4113796576857567,0.),(1.4113796576857567,1.8758341893553734),(0.074301876127719879,1.8758341893553734),(0.074301876127719879,0.)));
#4987=IFCINDEXEDPOLYCURVE(#4986,(IFCLINEINDEX((1,2,3,4,5,6,7,8,1))),$);
#4988=IFCARBITRARYCLOSEDPROFILEDEF(.AREA.,$,#4987);
#4989=IFCCARTESIANPOINT((0.,-0.015692234039306641,0.));
#4990=IFCDIRECTION((0.,-1.,0.));
#4991=IFCDIRECTION((1.,0.,0.));
#4992=IFCAXIS2PLACEMENT3D(#4989,#4990,#4991);
#4993=IFCDIRECTION((0.,0.,-1.));
#4994=IFCEXTRUDEDAREASOLID(#4988,#4992,#4993,0.02500000037252903);
#4995=IFCCARTESIANPOINTLIST2D(((0.,0.),(1.3370777815580368,0.),(1.3370777815580368,0.010999999940395355),(0.,0.010999999940395355)));
#4996=IFCINDEXEDPOLYCURVE(#4995,(IFCLINEINDEX((1,2,3,4,1))),$);
#4997=IFCARBITRARYCLOSEDPROFILEDEF(.AREA.,$,#4996);
#4998=IFCCARTESIANPOINT((0.074301876127719879,0.12559795379638672,0.));
#4999=IFCDIRECTION((0.,0.,1.));
#5000=IFCDIRECTION((1.,0.,0.));
#5001=IFCAXIS2PLACEMENT3D(#4998,#4999,#5000);
#5002=IFCDIRECTION((0.,0.,1.));
#5003=IFCEXTRUDEDAREASOLID(#4997,#5001,#5002,0.02500000037252903);
#5004=IFCCARTESIANPOINTLIST2D(((0.,0.),(1.4356815330684185,0.),(1.4356815330684185,0.094999991357326508),(0.,0.094999991357326508)));
#5005=IFCINDEXEDPOLYCURVE(#5004,(IFCLINEINDEX((1,2,3,4,1))),$);
#5006=IFCARBITRARYCLOSEDPROFILEDEF(.AREA.,$,#5005);
#5007=IFCCARTESIANPOINT((0.02500000037252903,0.0093077663332223892,0.02500000037252903));
#5008=IFCDIRECTION((0.,0.,1.));
#5009=IFCDIRECTION((1.,0.,0.));
#5010=IFCAXIS2PLACEMENT3D(#5007,#5008,#5009);
#5011=IFCDIRECTION((0.,0.,1.));
#5012=IFCEXTRUDEDAREASOLID(#5006,#5010,#5011,1.9001360647380352);
#5013=IFCCARTESIANPOINTLIST2D(((0.,0.),(0.,-0.040000000000000001),(-0.11999999999999988,-0.040000000000000001),(-0.11999999999999988,-0.02),(-0.020000000000000018,-0.02),(-0.020000000000000018,0.)));
#5014=IFCINDEXEDPOLYCURVE(#5013,(IFCLINEINDEX((1,2,3,4,5,6,1))),$);
#5015=IFCARBITRARYCLOSEDPROFILEDEF(.AREA.,$,#5014);
#5016=IFCCARTESIANPOINT((1.4106815334409475,0.0093077663332223892,1.015000000372529));
#5017=IFCDIRECTION((0.,0.,1.));
#5018=IFCDIRECTION((1.,0.,0.));
#5019=IFCAXIS2PLACEMENT3D(#5016,#5017,#5018);
#5020=IFCDIRECTION((0.,0.,1.));
#5021=IFCEXTRUDEDAREASOLID(#5015,#5019,#5020,0.02);
#5022=IFCEXTRUDEDAREASOLID(#5023,#5026,#5030,0.02);
#5023=IFCARBITRARYCLOSEDPROFILEDEF(.AREA.,$,#5024);
#5024=IFCINDEXEDPOLYCURVE(#5025,(IFCLINEINDEX((1,2,3,4,5,6,1))),$);
#5025=IFCCARTESIANPOINTLIST2D(((0.,0.),(0.,0.040000000000000008),(-0.11999999999999988,0.040000000000000008),(-0.11999999999999988,0.020000000000000018),(-0.020000000000000018,0.020000000000000018),(-0.020000000000000018,0.)));
#5026=IFCAXIS2PLACEMENT3D(#5027,#5028,#5029);
#5027=IFCCARTESIANPOINT((1.4106815334409475,0.1043077576905489,1.015000000372529));
#5028=IFCDIRECTION((0.,0.,1.));
#5029=IFCDIRECTION((1.,0.,0.));
#5030=IFCDIRECTION((0.,0.,1.));
#5074=IFCCARTESIANPOINTLIST2D(((0.,0.),(0.,1.9501360654830933),(1.4856815338134766,1.9501360654830933),(1.4856815338134766,0.),(1.4606815334409475,0.),(1.4606815334409475,1.9251360651105642),(0.02500000037252903,1.9251360651105642),(0.02500000037252903,0.)));
#5075=IFCINDEXEDPOLYCURVE(#5074,(IFCLINEINDEX((1,2,3,4,5,6,7,8,1))),$);
#5076=IFCARBITRARYCLOSEDPROFILEDEF(.AREA.,$,#5075);
#5077=IFCCARTESIANPOINT((0.,0.0093077663332223892,0.));
#5078=IFCDIRECTION((0.,-1.,0.));
#5079=IFCDIRECTION((1.,0.,0.));
#5080=IFCAXIS2PLACEMENT3D(#5077,#5078,#5079);
#5081=IFCDIRECTION((0.,0.,-1.));
#5082=IFCEXTRUDEDAREASOLID(#5076,#5080,#5081,0.056903263553977013);
#5083=IFCCARTESIANPOINTLIST2D(((0.,0.),(0.,1.9501360654830933),(1.4856815338134766,1.9501360654830933),(1.4856815338134766,0.),(1.4113796576857567,0.),(1.4113796576857567,1.8758341893553734),(0.074301876127719879,1.8758341893553734),(0.074301876127719879,0.)));
#5084=IFCINDEXEDPOLYCURVE(#5083,(IFCLINEINDEX((1,2,3,4,5,6,7,8,1))),$);
#5085=IFCARBITRARYCLOSEDPROFILEDEF(.AREA.,$,#5084);
#5086=IFCCARTESIANPOINT((0.,-0.015692234039306641,0.));
#5087=IFCDIRECTION((0.,-1.,0.));
#5088=IFCDIRECTION((1.,0.,0.));
#5089=IFCAXIS2PLACEMENT3D(#5086,#5087,#5088);
#5090=IFCDIRECTION((0.,0.,-1.));
#5091=IFCEXTRUDEDAREASOLID(#5085,#5089,#5090,0.02500000037252903);
#5092=IFCCARTESIANPOINTLIST2D(((0.,0.),(1.3370777815580368,0.),(1.3370777815580368,0.010999999940395355),(0.,0.010999999940395355)));
#5093=IFCINDEXEDPOLYCURVE(#5092,(IFCLINEINDEX((1,2,3,4,1))),$);
#5094=IFCARBITRARYCLOSEDPROFILEDEF(.AREA.,$,#5093);
#5095=IFCCARTESIANPOINT((0.074301876127719879,0.12559795379638672,0.));
#5096=IFCDIRECTION((0.,0.,1.));
#5097=IFCDIRECTION((1.,0.,0.));
#5098=IFCAXIS2PLACEMENT3D(#5095,#5096,#5097);
#5099=IFCDIRECTION((0.,0.,1.));
#5100=IFCEXTRUDEDAREASOLID(#5094,#5098,#5099,0.02500000037252903);
#5101=IFCCARTESIANPOINTLIST2D(((0.,0.),(1.4356815330684185,0.),(1.4356815330684185,0.094999991357326508),(0.,0.094999991357326508)));
#5102=IFCINDEXEDPOLYCURVE(#5101,(IFCLINEINDEX((1,2,3,4,1))),$);
#5103=IFCARBITRARYCLOSEDPROFILEDEF(.AREA.,$,#5102);
#5104=IFCCARTESIANPOINT((0.02500000037252903,0.0093077663332223892,0.02500000037252903));
#5105=IFCDIRECTION((0.,0.,1.));
#5106=IFCDIRECTION((1.,0.,0.));
#5107=IFCAXIS2PLACEMENT3D(#5104,#5105,#5106);
#5108=IFCDIRECTION((0.,0.,1.));
#5109=IFCEXTRUDEDAREASOLID(#5103,#5107,#5108,1.9001360647380352);
#5110=IFCCARTESIANPOINTLIST2D(((0.,0.),(0.,-0.040000000000000001),(-0.11999999999999988,-0.040000000000000001),(-0.11999999999999988,-0.02),(-0.020000000000000018,-0.02),(-0.020000000000000018,0.)));
#5111=IFCINDEXEDPOLYCURVE(#5110,(IFCLINEINDEX((1,2,3,4,5,6,1))),$);
#5112=IFCARBITRARYCLOSEDPROFILEDEF(.AREA.,$,#5111);
#5113=IFCCARTESIANPOINT((1.4106815334409475,0.0093077663332223892,1.015000000372529));
#5114=IFCDIRECTION((0.,0.,1.));
#5115=IFCDIRECTION((1.,0.,0.));
#5116=IFCAXIS2PLACEMENT3D(#5113,#5114,#5115);
#5117=IFCDIRECTION((0.,0.,1.));
#5118=IFCEXTRUDEDAREASOLID(#5112,#5116,#5117,0.02);
#5119=IFCEXTRUDEDAREASOLID(#5120,#5123,#5127,0.02);
#5120=IFCARBITRARYCLOSEDPROFILEDEF(.AREA.,$,#5121);
#5121=IFCINDEXEDPOLYCURVE(#5122,(IFCLINEINDEX((1,2,3,4,5,6,1))),$);
#5122=IFCCARTESIANPOINTLIST2D(((0.,0.),(0.,0.040000000000000008),(-0.11999999999999988,0.040000000000000008),(-0.11999999999999988,0.020000000000000018),(-0.020000000000000018,0.020000000000000018),(-0.020000000000000018,0.)));
#5123=IFCAXIS2PLACEMENT3D(#5124,#5125,#5126);
#5124=IFCCARTESIANPOINT((1.4106815334409475,0.1043077576905489,1.015000000372529));
#5125=IFCDIRECTION((0.,0.,1.));
#5126=IFCDIRECTION((1.,0.,0.));
#5127=IFCDIRECTION((0.,0.,1.));
#5171=IFCCARTESIANPOINTLIST2D(((0.,0.),(0.,1.9501360654830933),(1.4856815338134766,1.9501360654830933),(1.4856815338134766,0.),(1.4606815334409475,0.),(1.4606815334409475,1.9251360651105642),(0.02500000037252903,1.9251360651105642),(0.02500000037252903,0.)));
#5172=IFCINDEXEDPOLYCURVE(#5171,(IFCLINEINDEX((1,2,3,4,5,6,7,8,1))),$);
#5173=IFCARBITRARYCLOSEDPROFILEDEF(.AREA.,$,#5172);
#5174=IFCCARTESIANPOINT((0.,0.0093077663332223892,0.));
#5175=IFCDIRECTION((0.,-1.,0.));
#5176=IFCDIRECTION((1.,0.,0.));
#5177=IFCAXIS2PLACEMENT3D(#5174,#5175,#5176);
#5178=IFCDIRECTION((0.,0.,-1.));
#5179=IFCEXTRUDEDAREASOLID(#5173,#5177,#5178,0.056903263553977013);
#5180=IFCCARTESIANPOINTLIST2D(((0.,0.),(0.,1.9501360654830933),(1.4856815338134766,1.9501360654830933),(1.4856815338134766,0.),(1.4113796576857567,0.),(1.4113796576857567,1.8758341893553734),(0.074301876127719879,1.8758341893553734),(0.074301876127719879,0.)));
#5181=IFCINDEXEDPOLYCURVE(#5180,(IFCLINEINDEX((1,2,3,4,5,6,7,8,1))),$);
#5182=IFCARBITRARYCLOSEDPROFILEDEF(.AREA.,$,#5181);
#5183=IFCCARTESIANPOINT((0.,-0.015692234039306641,0.));
#5184=IFCDIRECTION((0.,-1.,0.));
#5185=IFCDIRECTION((1.,0.,0.));
#5186=IFCAXIS2PLACEMENT3D(#5183,#5184,#5185);
#5187=IFCDIRECTION((0.,0.,-1.));
#5188=IFCEXTRUDEDAREASOLID(#5182,#5186,#5187,0.02500000037252903);
#5189=IFCCARTESIANPOINTLIST2D(((0.,0.),(1.3370777815580368,0.),(1.3370777815580368,0.010999999940395355),(0.,0.010999999940395355)));
#5190=IFCINDEXEDPOLYCURVE(#5189,(IFCLINEINDEX((1,2,3,4,1))),$);
#5191=IFCARBITRARYCLOSEDPROFILEDEF(.AREA.,$,#5190);
#5192=IFCCARTESIANPOINT((0.074301876127719879,0.12559795379638672,0.));
#5193=IFCDIRECTION((0.,0.,1.));
#5194=IFCDIRECTION((1.,0.,0.));
#5195=IFCAXIS2PLACEMENT3D(#5192,#5193,#5194);
#5196=IFCDIRECTION((0.,0.,1.));
#5197=IFCEXTRUDEDAREASOLID(#5191,#5195,#5196,0.02500000037252903);
#5198=IFCCARTESIANPOINTLIST2D(((0.,0.),(1.4356815330684185,0.),(1.4356815330684185,0.094999991357326508),(0.,0.094999991357326508)));
#5199=IFCINDEXEDPOLYCURVE(#5198,(IFCLINEINDEX((1,2,3,4,1))),$);
#5200=IFCARBITRARYCLOSEDPROFILEDEF(.AREA.,$,#5199);
#5201=IFCCARTESIANPOINT((0.02500000037252903,0.0093077663332223892,0.02500000037252903));
#5202=IFCDIRECTION((0.,0.,1.));
#5203=IFCDIRECTION((1.,0.,0.));
#5204=IFCAXIS2PLACEMENT3D(#5201,#5202,#5203);
#5205=IFCDIRECTION((0.,0.,1.));
#5206=IFCEXTRUDEDAREASOLID(#5200,#5204,#5205,1.9001360647380352);
#5207=IFCCARTESIANPOINTLIST2D(((0.,0.),(0.,-0.040000000000000001),(-0.11999999999999988,-0.040000000000000001),(-0.11999999999999988,-0.02),(-0.020000000000000018,-0.02),(-0.020000000000000018,0.)));
#5208=IFCINDEXEDPOLYCURVE(#5207,(IFCLINEINDEX((1,2,3,4,5,6,1))),$);
#5209=IFCARBITRARYCLOSEDPROFILEDEF(.AREA.,$,#5208);
#5210=IFCCARTESIANPOINT((1.4106815334409475,0.0093077663332223892,1.015000000372529));
#5211=IFCDIRECTION((0.,0.,1.));
#5212=IFCDIRECTION((1.,0.,0.));
#5213=IFCAXIS2PLACEMENT3D(#5210,#5211,#5212);
#5214=IFCDIRECTION((0.,0.,1.));
#5215=IFCEXTRUDEDAREASOLID(#5209,#5213,#5214,0.02);
#5216=IFCEXTRUDEDAREASOLID(#5217,#5220,#5224,0.02);
#5217=IFCARBITRARYCLOSEDPROFILEDEF(.AREA.,$,#5218);
#5218=IFCINDEXEDPOLYCURVE(#5219,(IFCLINEINDEX((1,2,3,4,5,6,1))),$);
#5219=IFCCARTESIANPOINTLIST2D(((0.,0.),(0.,0.040000000000000008),(-0.11999999999999988,0.040000000000000008),(-0.11999999999999988,0.020000000000000018),(-0.020000000000000018,0.020000000000000018),(-0.020000000000000018,0.)));
#5220=IFCAXIS2PLACEMENT3D(#5221,#5222,#5223);
#5221=IFCCARTESIANPOINT((1.4106815334409475,0.1043077576905489,1.015000000372529));
#5222=IFCDIRECTION((0.,0.,1.));
#5223=IFCDIRECTION((1.,0.,0.));
#5224=IFCDIRECTION((0.,0.,1.));
#5265=IFCCARTESIANPOINTLIST3D(((0.,0.,0.),(1.4856815338134766,0.,0.),(1.4856815338134766,0.,1.9501360654830933),(0.,0.,1.9501360654830933)));
#5266=IFCINDEXEDPOLYCURVE(#5265,(IFCLINEINDEX((1,2,3,4,1))),$);
#5267=IFCSHAPEREPRESENTATION(#18,'Profile','Curve3D',(#5266));
#5268=IFCCARTESIANPOINTLIST2D(((0.,0.),(0.,1.9501360654830933),(1.4856815338134766,1.9501360654830933),(1.4856815338134766,0.),(1.4606815334409475,0.),(1.4606815334409475,1.9251360651105642),(0.02500000037252903,1.9251360651105642),(0.02500000037252903,0.)));
#5269=IFCINDEXEDPOLYCURVE(#5268,(IFCLINEINDEX((1,2,3,4,5,6,7,8,1))),$);
#5270=IFCARBITRARYCLOSEDPROFILEDEF(.AREA.,$,#5269);
#5271=IFCCARTESIANPOINT((0.,0.0093077663332223892,0.));
#5272=IFCDIRECTION((0.,-1.,0.));
#5273=IFCDIRECTION((1.,0.,0.));
#5274=IFCAXIS2PLACEMENT3D(#5271,#5272,#5273);
#5275=IFCDIRECTION((0.,0.,-1.));
#5276=IFCEXTRUDEDAREASOLID(#5270,#5274,#5275,0.056903263553977013);
#5277=IFCCARTESIANPOINTLIST2D(((0.,0.),(0.,1.9501360654830933),(1.4856815338134766,1.9501360654830933),(1.4856815338134766,0.),(1.4113796576857567,0.),(1.4113796576857567,1.8758341893553734),(0.074301876127719879,1.8758341893553734),(0.074301876127719879,0.)));
#5278=IFCINDEXEDPOLYCURVE(#5277,(IFCLINEINDEX((1,2,3,4,5,6,7,8,1))),$);
#5279=IFCARBITRARYCLOSEDPROFILEDEF(.AREA.,$,#5278);
#5280=IFCCARTESIANPOINT((0.,-0.015692234039306641,0.));
#5281=IFCDIRECTION((0.,-1.,0.));
#5282=IFCDIRECTION((1.,0.,0.));
#5283=IFCAXIS2PLACEMENT3D(#5280,#5281,#5282);
#5284=IFCDIRECTION((0.,0.,-1.));
#5285=IFCEXTRUDEDAREASOLID(#5279,#5283,#5284,0.02500000037252903);
#5286=IFCCARTESIANPOINTLIST2D(((0.,0.),(1.3370777815580368,0.),(1.3370777815580368,0.010999999940395355),(0.,0.010999999940395355)));
#5287=IFCINDEXEDPOLYCURVE(#5286,(IFCLINEINDEX((1,2,3,4,1))),$);
#5288=IFCARBITRARYCLOSEDPROFILEDEF(.AREA.,$,#5287);
#5289=IFCCARTESIANPOINT((0.074301876127719879,0.12559795379638672,0.));
#5290=IFCDIRECTION((0.,0.,1.));
#5291=IFCDIRECTION((1.,0.,0.));
#5292=IFCAXIS2PLACEMENT3D(#5289,#5290,#5291);
#5293=IFCDIRECTION((0.,0.,1.));
#5294=IFCEXTRUDEDAREASOLID(#5288,#5292,#5293,0.02500000037252903);
#5295=IFCCARTESIANPOINTLIST2D(((0.,0.),(1.4356815330684185,0.),(1.4356815330684185,0.094999991357326508),(0.,0.094999991357326508)));
#5296=IFCINDEXEDPOLYCURVE(#5295,(IFCLINEINDEX((1,2,3,4,1))),$);
#5297=IFCARBITRARYCLOSEDPROFILEDEF(.AREA.,$,#5296);
#5298=IFCCARTESIANPOINT((0.02500000037252903,0.0093077663332223892,0.02500000037252903));
#5299=IFCDIRECTION((0.,0.,1.));
#5300=IFCDIRECTION((1.,0.,0.));
#5301=IFCAXIS2PLACEMENT3D(#5298,#5299,#5300);
#5302=IFCDIRECTION((0.,0.,1.));
#5303=IFCEXTRUDEDAREASOLID(#5297,#5301,#5302,1.9001360647380352);
#5304=IFCCARTESIANPOINTLIST2D(((0.,0.),(0.,-0.040000000000000001),(-0.11999999999999988,-0.040000000000000001),(-0.11999999999999988,-0.02),(-0.020000000000000018,-0.02),(-0.020000000000000018,0.)));
#5305=IFCINDEXEDPOLYCURVE(#5304,(IFCLINEINDEX((1,2,3,4,5,6,1))),$);
#5306=IFCARBITRARYCLOSEDPROFILEDEF(.AREA.,$,#5305);
#5307=IFCCARTESIANPOINT((1.4106815334409475,0.0093077663332223892,1.015000000372529));
#5308=IFCDIRECTION((0.,0.,1.));
#5309=IFCDIRECTION((1.,0.,0.));
#5310=IFCAXIS2PLACEMENT3D(#5307,#5308,#5309);
#5311=IFCDIRECTION((0.,0.,1.));
#5312=IFCEXTRUDEDAREASOLID(#5306,#5310,#5311,0.02);
#5313=IFCEXTRUDEDAREASOLID(#5314,#5317,#5321,0.02);
#5314=IFCARBITRARYCLOSEDPROFILEDEF(.AREA.,$,#5315);
#5315=IFCINDEXEDPOLYCURVE(#5316,(IFCLINEINDEX((1,2,3,4,5,6,1))),$);
#5316=IFCCARTESIANPOINTLIST2D(((0.,0.),(0.,0.040000000000000008),(-0.11999999999999988,0.040000000000000008),(-0.11999999999999988,0.020000000000000018),(-0.020000000000000018,0.020000000000000018),(-0.020000000000000018,0.)));
#5317=IFCAXIS2PLACEMENT3D(#5318,#5319,#5320);
#5318=IFCCARTESIANPOINT((1.4106815334409475,0.1043077576905489,1.015000000372529));
#5319=IFCDIRECTION((0.,0.,1.));
#5320=IFCDIRECTION((1.,0.,0.));
#5321=IFCDIRECTION((0.,0.,1.));
#5322=IFCSHAPEREPRESENTATION(#11,'Body','SweptSolid',(#5276,#5285,#5303,#5312,#5313,#5294));
#5323=IFCCARTESIANPOINTLIST2D(((0.,-0.015692234039306641),(0.,0.066211029887199402),(0.02500000037252903,0.066211029887199402),(0.02500000037252903,0.0093077663332223892),(0.074301876127719879,0.0093077663332223892),(0.074301876127719879,-0.015692234039306641)));
#5324=IFCINDEXEDPOLYCURVE(#5323,(IFCLINEINDEX((1,2,3,4,5,6,1))),$);
#5325=IFCINDEXEDPOLYCURVE(#5326,(IFCLINEINDEX((1,2,3,4,5,6,1))),$);
#5326=IFCCARTESIANPOINTLIST2D(((1.4856815338134766,-0.015692234039306641),(1.4856815338134766,0.066211029887199402),(1.4606815334409475,0.066211029887199402),(1.4606815334409475,0.0093077663332223892),(1.4113796576857567,0.0093077663332223892),(1.4113796576857567,-0.015692234039306641)));
#5327=IFCDIRECTION((1.,0.));
#5328=IFCCARTESIANPOINT((0.11999999172985554,0.066211029887199402));
#5329=IFCAXIS2PLACEMENT2D(#5328,#5327);
#5330=IFCELLIPSE(#5329,1.340681541711092,1.4356815330684185);
#5331=IFCCARTESIANPOINT((1.4606815334409475,0.066211029887199402));
#5332=IFCCARTESIANPOINT((0.11999999172985554,1.5018925629556179));
#5333=IFCTRIMMEDCURVE(#5330,(#5331),(#5332),.T.,.CARTESIAN.);
#5334=IFCCARTESIANPOINTLIST2D(((0.02500000037252903,0.066211029887199402),(0.11999999172985554,0.066211029887199402),(0.11999999172985554,1.5018925629556179),(0.02500000037252903,1.5018925629556179)));
#5335=IFCINDEXEDPOLYCURVE(#5334,(IFCLINEINDEX((1,2,3,4,1))),$);
#5336=IFCSHAPEREPRESENTATION(#24,'Body','Curve2D',(#5324,#5325,#5333,#5335));
#5337=IFCCARTESIANPOINTLIST2D(((0.,0.),(1.4856815338134766,0.),(1.4856815338134766,1.9501360654830933),(0.,1.9501360654830933)));
#5338=IFCINDEXEDPOLYCURVE(#5337,(IFCLINEINDEX((1,2,3,4,1))),$);
#5339=IFCARBITRARYCLOSEDPROFILEDEF(.AREA.,$,#5338);
#5340=IFCCARTESIANPOINT((0.,-0.60000002384185791,0.));
#5341=IFCDIRECTION((0.,-1.,0.));
#5342=IFCDIRECTION((1.,0.,0.));
#5343=IFCAXIS2PLACEMENT3D(#5340,#5341,#5342);
#5344=IFCDIRECTION((0.,0.,-1.));
#5345=IFCEXTRUDEDAREASOLID(#5339,#5343,#5344,1.2);
#5346=IFCSHAPEREPRESENTATION(#11,'Body','SweptSolid',(#5345));
#5352=IFCCARTESIANPOINT((1.5435527157757418,0.18996323559782091,0.));
#5353=IFCDIRECTION((0.,0.,1.));
#5354=IFCDIRECTION((-0.99999999999984057,5.642647736821358E-07,0.));
#5355=IFCAXIS2PLACEMENT3D(#5352,#5353,#5354);
#5356=IFCLOCALPLACEMENT(#2089,#5355);
#5357=IFCCARTESIANPOINT((0.,4.4408920985006262E-16,0.));
#5358=IFCDIRECTION((0.,0.,1.));
#5359=IFCDIRECTION((1.0000000000000002,2.1684043449710089E-19,0.));
#5360=IFCAXIS2PLACEMENT3D(#5357,#5358,#5359);
#5361=IFCLOCALPLACEMENT(#5356,#5360);
#5363=IFCWINDOWTYPE('0__6dVf8f3OxKr0D8KcbvF',$,'LIVING - GF',$,$,(#5364),(#5373,#5421,#5443),$,$,.WINDOW.,.SINGLE_PANEL.,$,$);
#5364=IFCPROPERTYSET('0tsA1uml59_fxzGWNFKd7y',$,'BBIM_Window',$,(#5365));
#5365=IFCPROPERTYSINGLEVALUE('Data',$,IFCTEXT('{"window_type": "SINGLE_PANEL", "overall_height": 0.8999999761581421, "overall_width": 0.8025646209716797, "lining_properties": {"lining_depth": 0.05000000074505806, "lining_thickness": 0.05000000074505806, "lining_offset": 0.05000000074505806, "lining_to_panel_offset_x": 0.02500000037252903, "lining_to_panel_offset_y": 0.02500000037252903}, "panel_properties": {"frame_depth": [0.03500000014901161, 0.03500000014901161, 0.03500000014901161], "frame_thickness": [0.03500000014901161, 0.03500000014901161, 0.03500000014901161]}}'),$);
#5369=IFCCARTESIANPOINT((0.,0.,0.));
#5370=IFCDIRECTION((1.,0.,0.));
#5371=IFCDIRECTION((0.,0.,1.));
#5372=IFCAXIS2PLACEMENT3D(#5369,#5371,#5370);
#5373=IFCREPRESENTATIONMAP(#5372,#6149);
#5417=IFCCARTESIANPOINT((0.,0.,0.));
#5418=IFCDIRECTION((1.,0.,0.));
#5419=IFCDIRECTION((0.,0.,1.));
#5420=IFCAXIS2PLACEMENT3D(#5417,#5419,#5418);
#5421=IFCREPRESENTATIONMAP(#5420,#6192);
#5439=IFCCARTESIANPOINT((0.,0.,0.));
#5440=IFCDIRECTION((1.,0.,0.));
#5441=IFCDIRECTION((0.,0.,1.));
#5442=IFCAXIS2PLACEMENT3D(#5439,#5441,#5440);
#5443=IFCREPRESENTATIONMAP(#5442,#6209);
#5444=IFCWINDOW('2H54NMsKv4Ses3QMuBI0V6',$,'Window',$,$,#6234,#5454,$,0.89999997615814209,0.80256462097167969,$,.SINGLE_PANEL.,$);
#5446=IFCRELDEFINESBYTYPE('3zOZJxFJbDxgaE_nvqPs5q',$,$,$,(#5444),#5363);
#5447=IFCCARTESIANPOINT((0.,0.,0.));
#5448=IFCDIRECTION((1.,0.,0.));
#5449=IFCDIRECTION((0.,1.,0.));
#5450=IFCDIRECTION((0.,0.,1.));
#5451=IFCCARTESIANTRANSFORMATIONOPERATOR3D(#5448,#5449,#5447,1.,#5450);
#5452=IFCMAPPEDITEM(#5373,#5451);
#5453=IFCSHAPEREPRESENTATION(#18,'Profile','MappedRepresentation',(#5452));
#5454=IFCPRODUCTDEFINITIONSHAPE($,$,(#5453,#5461,#5468));
#5455=IFCCARTESIANPOINT((0.,0.,0.));
#5456=IFCDIRECTION((1.,0.,0.));
#5457=IFCDIRECTION((0.,1.,0.));
#5458=IFCDIRECTION((0.,0.,1.));
#5459=IFCCARTESIANTRANSFORMATIONOPERATOR3D(#5456,#5457,#5455,1.,#5458);
#5460=IFCMAPPEDITEM(#5421,#5459);
#5461=IFCSHAPEREPRESENTATION(#11,'Body','MappedRepresentation',(#5460));
#5462=IFCCARTESIANPOINT((0.,0.,0.));
#5463=IFCDIRECTION((1.,0.,0.));
#5464=IFCDIRECTION((0.,1.,0.));
#5465=IFCDIRECTION((0.,0.,1.));
#5466=IFCCARTESIANTRANSFORMATIONOPERATOR3D(#5463,#5464,#5462,1.,#5465);
#5467=IFCMAPPEDITEM(#5443,#5466);
#5468=IFCSHAPEREPRESENTATION(#24,'Body','MappedRepresentation',(#5467));
#5469=IFCOPENINGELEMENT('3DDL_fI9D9Ife3iuGDQY4c',$,'Opening',$,$,#6229,#5497,$,.OPENING.);
#5485=IFCCARTESIANPOINT((0.,0.,0.));
#5486=IFCDIRECTION((1.,0.,0.));
#5487=IFCDIRECTION((0.,0.,1.));
#5488=IFCAXIS2PLACEMENT3D(#5485,#5487,#5486);
#5489=IFCREPRESENTATIONMAP(#5488,#6219);
#5490=IFCCARTESIANPOINT((0.,0.,0.));
#5491=IFCDIRECTION((1.,0.,0.));
#5492=IFCDIRECTION((0.,1.,0.));
#5493=IFCDIRECTION((0.,0.,1.));
#5494=IFCCARTESIANTRANSFORMATIONOPERATOR3D(#5491,#5492,#5490,1.,#5493);
#5495=IFCMAPPEDITEM(#5489,#5494);
#5496=IFCSHAPEREPRESENTATION(#11,'Body','MappedRepresentation',(#5495));
#5497=IFCPRODUCTDEFINITIONSHAPE($,$,(#5496));
#5498=IFCRELVOIDSELEMENT('3TcRvMqk939uJYW52Glh_p',$,$,$,#1579,#5469);
#5504=IFCRELFILLSELEMENT('3Tkpe7tFHB1R5c50xXERV_',$,$,$,#5469,#5444);
#5513=IFCCARTESIANPOINTLIST2D(((0.,0.),(0.72721171379089355,0.),(0.72721171379089355,0.89999997615814209),(0.,0.89999997615814209)));
#5514=IFCINDEXEDPOLYCURVE(#5513,(IFCLINEINDEX((1,2,3,4,1))),$);
#5515=IFCCARTESIANPOINTLIST2D(((0.02500000037252903,0.02500000037252903),(0.70221171341836452,0.02500000037252903),(0.70221171341836452,0.87499997578561306),(0.02500000037252903,0.87499997578561306)));
#5516=IFCINDEXEDPOLYCURVE(#5515,(IFCLINEINDEX((1,2,3,4,1))),$);
#5517=IFCARBITRARYPROFILEDEFWITHVOIDS(.AREA.,$,#5514,(#5516));
#5518=IFCCARTESIANPOINT((0.,0.090000001713633537,0.));
#5519=IFCDIRECTION((0.,-1.,0.));
#5520=IFCDIRECTION((1.,0.,0.));
#5521=IFCAXIS2PLACEMENT3D(#5518,#5519,#5520);
#5522=IFCDIRECTION((0.,0.,-1.));
#5523=IFCEXTRUDEDAREASOLID(#5517,#5521,#5522,0.0099999997764825821);
#5524=IFCCARTESIANPOINTLIST2D(((0.,0.),(0.72721171379089355,0.),(0.72721171379089355,0.89999997615814209),(0.,0.89999997615814209)));
#5525=IFCINDEXEDPOLYCURVE(#5524,(IFCLINEINDEX((1,2,3,4,1))),$);
#5526=IFCCARTESIANPOINTLIST2D(((0.05000000074505806,0.05000000074505806),(0.67721171304583549,0.05000000074505806),(0.67721171304583549,0.84999997541308403),(0.05000000074505806,0.84999997541308403)));
#5527=IFCINDEXEDPOLYCURVE(#5526,(IFCLINEINDEX((1,2,3,4,1))),$);
#5528=IFCARBITRARYPROFILEDEFWITHVOIDS(.AREA.,$,#5525,(#5527));
#5529=IFCCARTESIANPOINT((0.,0.05000000074505806,0.));
#5530=IFCDIRECTION((0.,-1.,0.));
#5531=IFCDIRECTION((1.,0.,0.));
#5532=IFCAXIS2PLACEMENT3D(#5529,#5530,#5531);
#5533=IFCDIRECTION((0.,0.,-1.));
#5534=IFCEXTRUDEDAREASOLID(#5528,#5532,#5533,0.040000000968575478);
#5535=IFCCARTESIANPOINTLIST2D(((0.,0.),(0.67721171304583549,0.),(0.67721171304583549,0.84999997541308403),(0.,0.84999997541308403)));
#5536=IFCINDEXEDPOLYCURVE(#5535,(IFCLINEINDEX((1,2,3,4,1))),$);
#5537=IFCCARTESIANPOINTLIST2D(((0.035000000149011612,0.035000000149011612),(0.64221171289682388,0.035000000149011612),(0.64221171289682388,0.81499997526407242),(0.035000000149011612,0.81499997526407242)));
#5538=IFCINDEXEDPOLYCURVE(#5537,(IFCLINEINDEX((1,2,3,4,1))),$);
#5539=IFCARBITRARYPROFILEDEFWITHVOIDS(.AREA.,$,#5536,(#5538));
#5540=IFCCARTESIANPOINT((0.02500000037252903,0.090000001713633537,0.02500000037252903));
#5541=IFCDIRECTION((0.,-1.,0.));
#5542=IFCDIRECTION((1.,0.,0.));
#5543=IFCAXIS2PLACEMENT3D(#5540,#5541,#5542);
#5544=IFCDIRECTION((0.,0.,-1.));
#5545=IFCEXTRUDEDAREASOLID(#5539,#5543,#5544,0.035000000149011612);
#5546=IFCINDEXEDPOLYCURVE(#5547,(IFCLINEINDEX((1,2,3,4,1))),$);
#5547=IFCCARTESIANPOINTLIST2D(((0.035000000149011612,0.035000000149011612),(0.64221171289682388,0.035000000149011612),(0.64221171289682388,0.81499997526407242),(0.035000000149011612,0.81499997526407242)));
#5548=IFCARBITRARYCLOSEDPROFILEDEF(.AREA.,$,#5546);
#5549=IFCCARTESIANPOINT((0.02500000037252903,0.10250000178813934,0.02500000037252903));
#5550=IFCDIRECTION((0.,-1.,0.));
#5551=IFCDIRECTION((1.,0.,0.));
#5552=IFCAXIS2PLACEMENT3D(#5549,#5550,#5551);
#5553=IFCDIRECTION((0.,0.,-1.));
#5554=IFCEXTRUDEDAREASOLID(#5548,#5552,#5553,0.01);
#5556=IFCSHAPEREPRESENTATION(#11,'Body','SweptSolid',(#6068,#5892,#5705,#5980,#5523,#5716,#5793,#5804,#5628,#5617,#5881,#6057,#5969,#6171,#5534,#6160));
#5557=IFCSHAPEASPECT((#5556),'Lining',$,.T.,#5454);
#5558=IFCSHAPEREPRESENTATION(#11,'Body','SweptSolid',(#6079,#5903,#6182,#5727,#5545,#5991,#5815,#5639));
#5559=IFCSHAPEASPECT((#5558),'Framing',$,.T.,#5454);
#5560=IFCSHAPEREPRESENTATION(#11,'Body','SweptSolid',(#6191,#5736,#5554,#5824,#5648,#6088,#5912,#6000));
#5561=IFCSHAPEASPECT((#5560),'Glazing',$,.T.,#5454);
#5607=IFCCARTESIANPOINTLIST2D(((0.,0.),(0.87433755397796631,0.),(0.87433755397796631,0.89999997615814209),(0.,0.89999997615814209)));
#5608=IFCINDEXEDPOLYCURVE(#5607,(IFCLINEINDEX((1,2,3,4,1))),$);
#5609=IFCCARTESIANPOINTLIST2D(((0.02500000037252903,0.02500000037252903),(0.84933755360543728,0.02500000037252903),(0.84933755360543728,0.87499997578561306),(0.02500000037252903,0.87499997578561306)));
#5610=IFCINDEXEDPOLYCURVE(#5609,(IFCLINEINDEX((1,2,3,4,1))),$);
#5611=IFCARBITRARYPROFILEDEFWITHVOIDS(.AREA.,$,#5608,(#5610));
#5612=IFCCARTESIANPOINT((0.,0.090000001713633537,0.));
#5613=IFCDIRECTION((0.,-1.,0.));
#5614=IFCDIRECTION((1.,0.,0.));
#5615=IFCAXIS2PLACEMENT3D(#5612,#5613,#5614);
#5616=IFCDIRECTION((0.,0.,-1.));
#5617=IFCEXTRUDEDAREASOLID(#5611,#5615,#5616,0.0099999997764825821);
#5618=IFCCARTESIANPOINTLIST2D(((0.,0.),(0.87433755397796631,0.),(0.87433755397796631,0.89999997615814209),(0.,0.89999997615814209)));
#5619=IFCINDEXEDPOLYCURVE(#5618,(IFCLINEINDEX((1,2,3,4,1))),$);
#5620=IFCCARTESIANPOINTLIST2D(((0.05000000074505806,0.05000000074505806),(0.82433755323290825,0.05000000074505806),(0.82433755323290825,0.84999997541308403),(0.05000000074505806,0.84999997541308403)));
#5621=IFCINDEXEDPOLYCURVE(#5620,(IFCLINEINDEX((1,2,3,4,1))),$);
#5622=IFCARBITRARYPROFILEDEFWITHVOIDS(.AREA.,$,#5619,(#5621));
#5623=IFCCARTESIANPOINT((0.,0.05000000074505806,0.));
#5624=IFCDIRECTION((0.,-1.,0.));
#5625=IFCDIRECTION((1.,0.,0.));
#5626=IFCAXIS2PLACEMENT3D(#5623,#5624,#5625);
#5627=IFCDIRECTION((0.,0.,-1.));
#5628=IFCEXTRUDEDAREASOLID(#5622,#5626,#5627,0.040000000968575478);
#5629=IFCCARTESIANPOINTLIST2D(((0.,0.),(0.82433755323290825,0.),(0.82433755323290825,0.84999997541308403),(0.,0.84999997541308403)));
#5630=IFCINDEXEDPOLYCURVE(#5629,(IFCLINEINDEX((1,2,3,4,1))),$);
#5631=IFCCARTESIANPOINTLIST2D(((0.035000000149011612,0.035000000149011612),(0.78933755308389664,0.035000000149011612),(0.78933755308389664,0.81499997526407242),(0.035000000149011612,0.81499997526407242)));
#5632=IFCINDEXEDPOLYCURVE(#5631,(IFCLINEINDEX((1,2,3,4,1))),$);
#5633=IFCARBITRARYPROFILEDEFWITHVOIDS(.AREA.,$,#5630,(#5632));
#5634=IFCCARTESIANPOINT((0.02500000037252903,0.090000001713633537,0.02500000037252903));
#5635=IFCDIRECTION((0.,-1.,0.));
#5636=IFCDIRECTION((1.,0.,0.));
#5637=IFCAXIS2PLACEMENT3D(#5634,#5635,#5636);
#5638=IFCDIRECTION((0.,0.,-1.));
#5639=IFCEXTRUDEDAREASOLID(#5633,#5637,#5638,0.035000000149011612);
#5640=IFCINDEXEDPOLYCURVE(#5641,(IFCLINEINDEX((1,2,3,4,1))),$);
#5641=IFCCARTESIANPOINTLIST2D(((0.035000000149011612,0.035000000149011612),(0.78933755308389664,0.035000000149011612),(0.78933755308389664,0.81499997526407242),(0.035000000149011612,0.81499997526407242)));
#5642=IFCARBITRARYCLOSEDPROFILEDEF(.AREA.,$,#5640);
#5643=IFCCARTESIANPOINT((0.02500000037252903,0.10250000178813934,0.02500000037252903));
#5644=IFCDIRECTION((0.,-1.,0.));
#5645=IFCDIRECTION((1.,0.,0.));
#5646=IFCAXIS2PLACEMENT3D(#5643,#5644,#5645);
#5647=IFCDIRECTION((0.,0.,-1.));
#5648=IFCEXTRUDEDAREASOLID(#5642,#5646,#5647,0.01);
#5695=IFCCARTESIANPOINTLIST2D(((0.,0.),(0.87433755397796631,0.),(0.87433755397796631,0.89999997615814209),(0.,0.89999997615814209)));
#5696=IFCINDEXEDPOLYCURVE(#5695,(IFCLINEINDEX((1,2,3,4,1))),$);
#5697=IFCCARTESIANPOINTLIST2D(((0.02500000037252903,0.02500000037252903),(0.84933755360543728,0.02500000037252903),(0.84933755360543728,0.87499997578561306),(0.02500000037252903,0.87499997578561306)));
#5698=IFCINDEXEDPOLYCURVE(#5697,(IFCLINEINDEX((1,2,3,4,1))),$);
#5699=IFCARBITRARYPROFILEDEFWITHVOIDS(.AREA.,$,#5696,(#5698));
#5700=IFCCARTESIANPOINT((0.,0.090000001713633537,0.));
#5701=IFCDIRECTION((0.,-1.,0.));
#5702=IFCDIRECTION((1.,0.,0.));
#5703=IFCAXIS2PLACEMENT3D(#5700,#5701,#5702);
#5704=IFCDIRECTION((0.,0.,-1.));
#5705=IFCEXTRUDEDAREASOLID(#5699,#5703,#5704,0.0099999997764825821);
#5706=IFCCARTESIANPOINTLIST2D(((0.,0.),(0.87433755397796631,0.),(0.87433755397796631,0.89999997615814209),(0.,0.89999997615814209)));
#5707=IFCINDEXEDPOLYCURVE(#5706,(IFCLINEINDEX((1,2,3,4,1))),$);
#5708=IFCCARTESIANPOINTLIST2D(((0.05000000074505806,0.05000000074505806),(0.82433755323290825,0.05000000074505806),(0.82433755323290825,0.84999997541308403),(0.05000000074505806,0.84999997541308403)));
#5709=IFCINDEXEDPOLYCURVE(#5708,(IFCLINEINDEX((1,2,3,4,1))),$);
#5710=IFCARBITRARYPROFILEDEFWITHVOIDS(.AREA.,$,#5707,(#5709));
#5711=IFCCARTESIANPOINT((0.,0.05000000074505806,0.));
#5712=IFCDIRECTION((0.,-1.,0.));
#5713=IFCDIRECTION((1.,0.,0.));
#5714=IFCAXIS2PLACEMENT3D(#5711,#5712,#5713);
#5715=IFCDIRECTION((0.,0.,-1.));
#5716=IFCEXTRUDEDAREASOLID(#5710,#5714,#5715,0.040000000968575478);
#5717=IFCCARTESIANPOINTLIST2D(((0.,0.),(0.82433755323290825,0.),(0.82433755323290825,0.84999997541308403),(0.,0.84999997541308403)));
#5718=IFCINDEXEDPOLYCURVE(#5717,(IFCLINEINDEX((1,2,3,4,1))),$);
#5719=IFCCARTESIANPOINTLIST2D(((0.035000000149011612,0.035000000149011612),(0.78933755308389664,0.035000000149011612),(0.78933755308389664,0.81499997526407242),(0.035000000149011612,0.81499997526407242)));
#5720=IFCINDEXEDPOLYCURVE(#5719,(IFCLINEINDEX((1,2,3,4,1))),$);
#5721=IFCARBITRARYPROFILEDEFWITHVOIDS(.AREA.,$,#5718,(#5720));
#5722=IFCCARTESIANPOINT((0.02500000037252903,0.090000001713633537,0.02500000037252903));
#5723=IFCDIRECTION((0.,-1.,0.));
#5724=IFCDIRECTION((1.,0.,0.));
#5725=IFCAXIS2PLACEMENT3D(#5722,#5723,#5724);
#5726=IFCDIRECTION((0.,0.,-1.));
#5727=IFCEXTRUDEDAREASOLID(#5721,#5725,#5726,0.035000000149011612);
#5728=IFCINDEXEDPOLYCURVE(#5729,(IFCLINEINDEX((1,2,3,4,1))),$);
#5729=IFCCARTESIANPOINTLIST2D(((0.035000000149011612,0.035000000149011612),(0.78933755308389664,0.035000000149011612),(0.78933755308389664,0.81499997526407242),(0.035000000149011612,0.81499997526407242)));
#5730=IFCARBITRARYCLOSEDPROFILEDEF(.AREA.,$,#5728);
#5731=IFCCARTESIANPOINT((0.02500000037252903,0.10250000178813934,0.02500000037252903));
#5732=IFCDIRECTION((0.,-1.,0.));
#5733=IFCDIRECTION((1.,0.,0.));
#5734=IFCAXIS2PLACEMENT3D(#5731,#5732,#5733);
#5735=IFCDIRECTION((0.,0.,-1.));
#5736=IFCEXTRUDEDAREASOLID(#5730,#5734,#5735,0.01);
#5783=IFCCARTESIANPOINTLIST2D(((0.,0.),(0.87433755397796631,0.),(0.87433755397796631,0.89999997615814209),(0.,0.89999997615814209)));
#5784=IFCINDEXEDPOLYCURVE(#5783,(IFCLINEINDEX((1,2,3,4,1))),$);
#5785=IFCCARTESIANPOINTLIST2D(((0.02500000037252903,0.02500000037252903),(0.84933755360543728,0.02500000037252903),(0.84933755360543728,0.87499997578561306),(0.02500000037252903,0.87499997578561306)));
#5786=IFCINDEXEDPOLYCURVE(#5785,(IFCLINEINDEX((1,2,3,4,1))),$);
#5787=IFCARBITRARYPROFILEDEFWITHVOIDS(.AREA.,$,#5784,(#5786));
#5788=IFCCARTESIANPOINT((0.,0.090000001713633537,0.));
#5789=IFCDIRECTION((0.,-1.,0.));
#5790=IFCDIRECTION((1.,0.,0.));
#5791=IFCAXIS2PLACEMENT3D(#5788,#5789,#5790);
#5792=IFCDIRECTION((0.,0.,-1.));
#5793=IFCEXTRUDEDAREASOLID(#5787,#5791,#5792,0.0099999997764825821);
#5794=IFCCARTESIANPOINTLIST2D(((0.,0.),(0.87433755397796631,0.),(0.87433755397796631,0.89999997615814209),(0.,0.89999997615814209)));
#5795=IFCINDEXEDPOLYCURVE(#5794,(IFCLINEINDEX((1,2,3,4,1))),$);
#5796=IFCCARTESIANPOINTLIST2D(((0.05000000074505806,0.05000000074505806),(0.82433755323290825,0.05000000074505806),(0.82433755323290825,0.84999997541308403),(0.05000000074505806,0.84999997541308403)));
#5797=IFCINDEXEDPOLYCURVE(#5796,(IFCLINEINDEX((1,2,3,4,1))),$);
#5798=IFCARBITRARYPROFILEDEFWITHVOIDS(.AREA.,$,#5795,(#5797));
#5799=IFCCARTESIANPOINT((0.,0.05000000074505806,0.));
#5800=IFCDIRECTION((0.,-1.,0.));
#5801=IFCDIRECTION((1.,0.,0.));
#5802=IFCAXIS2PLACEMENT3D(#5799,#5800,#5801);
#5803=IFCDIRECTION((0.,0.,-1.));
#5804=IFCEXTRUDEDAREASOLID(#5798,#5802,#5803,0.040000000968575478);
#5805=IFCCARTESIANPOINTLIST2D(((0.,0.),(0.82433755323290825,0.),(0.82433755323290825,0.84999997541308403),(0.,0.84999997541308403)));
#5806=IFCINDEXEDPOLYCURVE(#5805,(IFCLINEINDEX((1,2,3,4,1))),$);
#5807=IFCCARTESIANPOINTLIST2D(((0.035000000149011612,0.035000000149011612),(0.78933755308389664,0.035000000149011612),(0.78933755308389664,0.81499997526407242),(0.035000000149011612,0.81499997526407242)));
#5808=IFCINDEXEDPOLYCURVE(#5807,(IFCLINEINDEX((1,2,3,4,1))),$);
#5809=IFCARBITRARYPROFILEDEFWITHVOIDS(.AREA.,$,#5806,(#5808));
#5810=IFCCARTESIANPOINT((0.02500000037252903,0.090000001713633537,0.02500000037252903));
#5811=IFCDIRECTION((0.,-1.,0.));
#5812=IFCDIRECTION((1.,0.,0.));
#5813=IFCAXIS2PLACEMENT3D(#5810,#5811,#5812);
#5814=IFCDIRECTION((0.,0.,-1.));
#5815=IFCEXTRUDEDAREASOLID(#5809,#5813,#5814,0.035000000149011612);
#5816=IFCINDEXEDPOLYCURVE(#5817,(IFCLINEINDEX((1,2,3,4,1))),$);
#5817=IFCCARTESIANPOINTLIST2D(((0.035000000149011612,0.035000000149011612),(0.78933755308389664,0.035000000149011612),(0.78933755308389664,0.81499997526407242),(0.035000000149011612,0.81499997526407242)));
#5818=IFCARBITRARYCLOSEDPROFILEDEF(.AREA.,$,#5816);
#5819=IFCCARTESIANPOINT((0.02500000037252903,0.10250000178813934,0.02500000037252903));
#5820=IFCDIRECTION((0.,-1.,0.));
#5821=IFCDIRECTION((1.,0.,0.));
#5822=IFCAXIS2PLACEMENT3D(#5819,#5820,#5821);
#5823=IFCDIRECTION((0.,0.,-1.));
#5824=IFCEXTRUDEDAREASOLID(#5818,#5822,#5823,0.01);
#5871=IFCCARTESIANPOINTLIST2D(((0.,0.),(0.80256462097167969,0.),(0.80256462097167969,0.89999997615814209),(0.,0.89999997615814209)));
#5872=IFCINDEXEDPOLYCURVE(#5871,(IFCLINEINDEX((1,2,3,4,1))),$);
#5873=IFCCARTESIANPOINTLIST2D(((0.02500000037252903,0.02500000037252903),(0.77756462059915066,0.02500000037252903),(0.77756462059915066,0.87499997578561306),(0.02500000037252903,0.87499997578561306)));
#5874=IFCINDEXEDPOLYCURVE(#5873,(IFCLINEINDEX((1,2,3,4,1))),$);
#5875=IFCARBITRARYPROFILEDEFWITHVOIDS(.AREA.,$,#5872,(#5874));
#5876=IFCCARTESIANPOINT((0.,0.090000001713633537,0.));
#5877=IFCDIRECTION((0.,-1.,0.));
#5878=IFCDIRECTION((1.,0.,0.));
#5879=IFCAXIS2PLACEMENT3D(#5876,#5877,#5878);
#5880=IFCDIRECTION((0.,0.,-1.));
#5881=IFCEXTRUDEDAREASOLID(#5875,#5879,#5880,0.0099999997764825821);
#5882=IFCCARTESIANPOINTLIST2D(((0.,0.),(0.80256462097167969,0.),(0.80256462097167969,0.89999997615814209),(0.,0.89999997615814209)));
#5883=IFCINDEXEDPOLYCURVE(#5882,(IFCLINEINDEX((1,2,3,4,1))),$);
#5884=IFCCARTESIANPOINTLIST2D(((0.05000000074505806,0.05000000074505806),(0.75256462022662163,0.05000000074505806),(0.75256462022662163,0.84999997541308403),(0.05000000074505806,0.84999997541308403)));
#5885=IFCINDEXEDPOLYCURVE(#5884,(IFCLINEINDEX((1,2,3,4,1))),$);
#5886=IFCARBITRARYPROFILEDEFWITHVOIDS(.AREA.,$,#5883,(#5885));
#5887=IFCCARTESIANPOINT((0.,0.05000000074505806,0.));
#5888=IFCDIRECTION((0.,-1.,0.));
#5889=IFCDIRECTION((1.,0.,0.));
#5890=IFCAXIS2PLACEMENT3D(#5887,#5888,#5889);
#5891=IFCDIRECTION((0.,0.,-1.));
#5892=IFCEXTRUDEDAREASOLID(#5886,#5890,#5891,0.040000000968575478);
#5893=IFCCARTESIANPOINTLIST2D(((0.,0.),(0.75256462022662163,0.),(0.75256462022662163,0.84999997541308403),(0.,0.84999997541308403)));
#5894=IFCINDEXEDPOLYCURVE(#5893,(IFCLINEINDEX((1,2,3,4,1))),$);
#5895=IFCCARTESIANPOINTLIST2D(((0.035000000149011612,0.035000000149011612),(0.71756462007761002,0.035000000149011612),(0.71756462007761002,0.81499997526407242),(0.035000000149011612,0.81499997526407242)));
#5896=IFCINDEXEDPOLYCURVE(#5895,(IFCLINEINDEX((1,2,3,4,1))),$);
#5897=IFCARBITRARYPROFILEDEFWITHVOIDS(.AREA.,$,#5894,(#5896));
#5898=IFCCARTESIANPOINT((0.02500000037252903,0.090000001713633537,0.02500000037252903));
#5899=IFCDIRECTION((0.,-1.,0.));
#5900=IFCDIRECTION((1.,0.,0.));
#5901=IFCAXIS2PLACEMENT3D(#5898,#5899,#5900);
#5902=IFCDIRECTION((0.,0.,-1.));
#5903=IFCEXTRUDEDAREASOLID(#5897,#5901,#5902,0.035000000149011612);
#5904=IFCINDEXEDPOLYCURVE(#5905,(IFCLINEINDEX((1,2,3,4,1))),$);
#5905=IFCCARTESIANPOINTLIST2D(((0.035000000149011612,0.035000000149011612),(0.71756462007761002,0.035000000149011612),(0.71756462007761002,0.81499997526407242),(0.035000000149011612,0.81499997526407242)));
#5906=IFCARBITRARYCLOSEDPROFILEDEF(.AREA.,$,#5904);
#5907=IFCCARTESIANPOINT((0.02500000037252903,0.10250000178813934,0.02500000037252903));
#5908=IFCDIRECTION((0.,-1.,0.));
#5909=IFCDIRECTION((1.,0.,0.));
#5910=IFCAXIS2PLACEMENT3D(#5907,#5908,#5909);
#5911=IFCDIRECTION((0.,0.,-1.));
#5912=IFCEXTRUDEDAREASOLID(#5906,#5910,#5911,0.01);
#5959=IFCCARTESIANPOINTLIST2D(((0.,0.),(0.80256462097167969,0.),(0.80256462097167969,0.89999997615814209),(0.,0.89999997615814209)));
#5960=IFCINDEXEDPOLYCURVE(#5959,(IFCLINEINDEX((1,2,3,4,1))),$);
#5961=IFCCARTESIANPOINTLIST2D(((0.02500000037252903,0.02500000037252903),(0.77756462059915066,0.02500000037252903),(0.77756462059915066,0.87499997578561306),(0.02500000037252903,0.87499997578561306)));
#5962=IFCINDEXEDPOLYCURVE(#5961,(IFCLINEINDEX((1,2,3,4,1))),$);
#5963=IFCARBITRARYPROFILEDEFWITHVOIDS(.AREA.,$,#5960,(#5962));
#5964=IFCCARTESIANPOINT((0.,0.090000001713633537,0.));
#5965=IFCDIRECTION((0.,-1.,0.));
#5966=IFCDIRECTION((1.,0.,0.));
#5967=IFCAXIS2PLACEMENT3D(#5964,#5965,#5966);
#5968=IFCDIRECTION((0.,0.,-1.));
#5969=IFCEXTRUDEDAREASOLID(#5963,#5967,#5968,0.0099999997764825821);
#5970=IFCCARTESIANPOINTLIST2D(((0.,0.),(0.80256462097167969,0.),(0.80256462097167969,0.89999997615814209),(0.,0.89999997615814209)));
#5971=IFCINDEXEDPOLYCURVE(#5970,(IFCLINEINDEX((1,2,3,4,1))),$);
#5972=IFCCARTESIANPOINTLIST2D(((0.05000000074505806,0.05000000074505806),(0.75256462022662163,0.05000000074505806),(0.75256462022662163,0.84999997541308403),(0.05000000074505806,0.84999997541308403)));
#5973=IFCINDEXEDPOLYCURVE(#5972,(IFCLINEINDEX((1,2,3,4,1))),$);
#5974=IFCARBITRARYPROFILEDEFWITHVOIDS(.AREA.,$,#5971,(#5973));
#5975=IFCCARTESIANPOINT((0.,0.05000000074505806,0.));
#5976=IFCDIRECTION((0.,-1.,0.));
#5977=IFCDIRECTION((1.,0.,0.));
#5978=IFCAXIS2PLACEMENT3D(#5975,#5976,#5977);
#5979=IFCDIRECTION((0.,0.,-1.));
#5980=IFCEXTRUDEDAREASOLID(#5974,#5978,#5979,0.040000000968575478);
#5981=IFCCARTESIANPOINTLIST2D(((0.,0.),(0.75256462022662163,0.),(0.75256462022662163,0.84999997541308403),(0.,0.84999997541308403)));
#5982=IFCINDEXEDPOLYCURVE(#5981,(IFCLINEINDEX((1,2,3,4,1))),$);
#5983=IFCCARTESIANPOINTLIST2D(((0.035000000149011612,0.035000000149011612),(0.71756462007761002,0.035000000149011612),(0.71756462007761002,0.81499997526407242),(0.035000000149011612,0.81499997526407242)));
#5984=IFCINDEXEDPOLYCURVE(#5983,(IFCLINEINDEX((1,2,3,4,1))),$);
#5985=IFCARBITRARYPROFILEDEFWITHVOIDS(.AREA.,$,#5982,(#5984));
#5986=IFCCARTESIANPOINT((0.02500000037252903,0.090000001713633537,0.02500000037252903));
#5987=IFCDIRECTION((0.,-1.,0.));
#5988=IFCDIRECTION((1.,0.,0.));
#5989=IFCAXIS2PLACEMENT3D(#5986,#5987,#5988);
#5990=IFCDIRECTION((0.,0.,-1.));
#5991=IFCEXTRUDEDAREASOLID(#5985,#5989,#5990,0.035000000149011612);
#5992=IFCINDEXEDPOLYCURVE(#5993,(IFCLINEINDEX((1,2,3,4,1))),$);
#5993=IFCCARTESIANPOINTLIST2D(((0.035000000149011612,0.035000000149011612),(0.71756462007761002,0.035000000149011612),(0.71756462007761002,0.81499997526407242),(0.035000000149011612,0.81499997526407242)));
#5994=IFCARBITRARYCLOSEDPROFILEDEF(.AREA.,$,#5992);
#5995=IFCCARTESIANPOINT((0.02500000037252903,0.10250000178813934,0.02500000037252903));
#5996=IFCDIRECTION((0.,-1.,0.));
#5997=IFCDIRECTION((1.,0.,0.));
#5998=IFCAXIS2PLACEMENT3D(#5995,#5996,#5997);
#5999=IFCDIRECTION((0.,0.,-1.));
#6000=IFCEXTRUDEDAREASOLID(#5994,#5998,#5999,0.01);
#6047=IFCCARTESIANPOINTLIST2D(((0.,0.),(0.80256462097167969,0.),(0.80256462097167969,0.89999997615814209),(0.,0.89999997615814209)));
#6048=IFCINDEXEDPOLYCURVE(#6047,(IFCLINEINDEX((1,2,3,4,1))),$);
#6049=IFCCARTESIANPOINTLIST2D(((0.02500000037252903,0.02500000037252903),(0.77756462059915066,0.02500000037252903),(0.77756462059915066,0.87499997578561306),(0.02500000037252903,0.87499997578561306)));
#6050=IFCINDEXEDPOLYCURVE(#6049,(IFCLINEINDEX((1,2,3,4,1))),$);
#6051=IFCARBITRARYPROFILEDEFWITHVOIDS(.AREA.,$,#6048,(#6050));
#6052=IFCCARTESIANPOINT((0.,0.090000001713633537,0.));
#6053=IFCDIRECTION((0.,-1.,0.));
#6054=IFCDIRECTION((1.,0.,0.));
#6055=IFCAXIS2PLACEMENT3D(#6052,#6053,#6054);
#6056=IFCDIRECTION((0.,0.,-1.));
#6057=IFCEXTRUDEDAREASOLID(#6051,#6055,#6056,0.0099999997764825821);
#6058=IFCCARTESIANPOINTLIST2D(((0.,0.),(0.80256462097167969,0.),(0.80256462097167969,0.89999997615814209),(0.,0.89999997615814209)));
#6059=IFCINDEXEDPOLYCURVE(#6058,(IFCLINEINDEX((1,2,3,4,1))),$);
#6060=IFCCARTESIANPOINTLIST2D(((0.05000000074505806,0.05000000074505806),(0.75256462022662163,0.05000000074505806),(0.75256462022662163,0.84999997541308403),(0.05000000074505806,0.84999997541308403)));
#6061=IFCINDEXEDPOLYCURVE(#6060,(IFCLINEINDEX((1,2,3,4,1))),$);
#6062=IFCARBITRARYPROFILEDEFWITHVOIDS(.AREA.,$,#6059,(#6061));
#6063=IFCCARTESIANPOINT((0.,0.05000000074505806,0.));
#6064=IFCDIRECTION((0.,-1.,0.));
#6065=IFCDIRECTION((1.,0.,0.));
#6066=IFCAXIS2PLACEMENT3D(#6063,#6064,#6065);
#6067=IFCDIRECTION((0.,0.,-1.));
#6068=IFCEXTRUDEDAREASOLID(#6062,#6066,#6067,0.040000000968575478);
#6069=IFCCARTESIANPOINTLIST2D(((0.,0.),(0.75256462022662163,0.),(0.75256462022662163,0.84999997541308403),(0.,0.84999997541308403)));
#6070=IFCINDEXEDPOLYCURVE(#6069,(IFCLINEINDEX((1,2,3,4,1))),$);
#6071=IFCCARTESIANPOINTLIST2D(((0.035000000149011612,0.035000000149011612),(0.71756462007761002,0.035000000149011612),(0.71756462007761002,0.81499997526407242),(0.035000000149011612,0.81499997526407242)));
#6072=IFCINDEXEDPOLYCURVE(#6071,(IFCLINEINDEX((1,2,3,4,1))),$);
#6073=IFCARBITRARYPROFILEDEFWITHVOIDS(.AREA.,$,#6070,(#6072));
#6074=IFCCARTESIANPOINT((0.02500000037252903,0.090000001713633537,0.02500000037252903));
#6075=IFCDIRECTION((0.,-1.,0.));
#6076=IFCDIRECTION((1.,0.,0.));
#6077=IFCAXIS2PLACEMENT3D(#6074,#6075,#6076);
#6078=IFCDIRECTION((0.,0.,-1.));
#6079=IFCEXTRUDEDAREASOLID(#6073,#6077,#6078,0.035000000149011612);
#6080=IFCINDEXEDPOLYCURVE(#6081,(IFCLINEINDEX((1,2,3,4,1))),$);
#6081=IFCCARTESIANPOINTLIST2D(((0.035000000149011612,0.035000000149011612),(0.71756462007761002,0.035000000149011612),(0.71756462007761002,0.81499997526407242),(0.035000000149011612,0.81499997526407242)));
#6082=IFCARBITRARYCLOSEDPROFILEDEF(.AREA.,$,#6080);
#6083=IFCCARTESIANPOINT((0.02500000037252903,0.10250000178813934,0.02500000037252903));
#6084=IFCDIRECTION((0.,-1.,0.));
#6085=IFCDIRECTION((1.,0.,0.));
#6086=IFCAXIS2PLACEMENT3D(#6083,#6084,#6085);
#6087=IFCDIRECTION((0.,0.,-1.));
#6088=IFCEXTRUDEDAREASOLID(#6082,#6086,#6087,0.01);
#6147=IFCCARTESIANPOINTLIST3D(((0.,0.,0.),(0.80256462097167969,0.,0.),(0.80256462097167969,0.,0.89999997615814209),(0.,0.,0.89999997615814209)));
#6148=IFCINDEXEDPOLYCURVE(#6147,(IFCLINEINDEX((1,2,3,4,1))),$);
#6149=IFCSHAPEREPRESENTATION(#18,'Profile','Curve3D',(#6148));
#6150=IFCCARTESIANPOINTLIST2D(((0.,0.),(0.80256462097167969,0.),(0.80256462097167969,0.89999997615814209),(0.,0.89999997615814209)));
#6151=IFCINDEXEDPOLYCURVE(#6150,(IFCLINEINDEX((1,2,3,4,1))),$);
#6152=IFCCARTESIANPOINTLIST2D(((0.02500000037252903,0.02500000037252903),(0.77756462059915066,0.02500000037252903),(0.77756462059915066,0.87499997578561306),(0.02500000037252903,0.87499997578561306)));
#6153=IFCINDEXEDPOLYCURVE(#6152,(IFCLINEINDEX((1,2,3,4,1))),$);
#6154=IFCARBITRARYPROFILEDEFWITHVOIDS(.AREA.,$,#6151,(#6153));
#6155=IFCCARTESIANPOINT((0.,0.090000001713633537,0.));
#6156=IFCDIRECTION((0.,-1.,0.));
#6157=IFCDIRECTION((1.,0.,0.));
#6158=IFCAXIS2PLACEMENT3D(#6155,#6156,#6157);
#6159=IFCDIRECTION((0.,0.,-1.));
#6160=IFCEXTRUDEDAREASOLID(#6154,#6158,#6159,0.0099999997764825821);
#6161=IFCCARTESIANPOINTLIST2D(((0.,0.),(0.80256462097167969,0.),(0.80256462097167969,0.89999997615814209),(0.,0.89999997615814209)));
#6162=IFCINDEXEDPOLYCURVE(#6161,(IFCLINEINDEX((1,2,3,4,1))),$);
#6163=IFCCARTESIANPOINTLIST2D(((0.05000000074505806,0.05000000074505806),(0.75256462022662163,0.05000000074505806),(0.75256462022662163,0.84999997541308403),(0.05000000074505806,0.84999997541308403)));
#6164=IFCINDEXEDPOLYCURVE(#6163,(IFCLINEINDEX((1,2,3,4,1))),$);
#6165=IFCARBITRARYPROFILEDEFWITHVOIDS(.AREA.,$,#6162,(#6164));
#6166=IFCCARTESIANPOINT((0.,0.05000000074505806,0.));
#6167=IFCDIRECTION((0.,-1.,0.));
#6168=IFCDIRECTION((1.,0.,0.));
#6169=IFCAXIS2PLACEMENT3D(#6166,#6167,#6168);
#6170=IFCDIRECTION((0.,0.,-1.));
#6171=IFCEXTRUDEDAREASOLID(#6165,#6169,#6170,0.040000000968575478);
#6172=IFCCARTESIANPOINTLIST2D(((0.,0.),(0.75256462022662163,0.),(0.75256462022662163,0.84999997541308403),(0.,0.84999997541308403)));
#6173=IFCINDEXEDPOLYCURVE(#6172,(IFCLINEINDEX((1,2,3,4,1))),$);
#6174=IFCCARTESIANPOINTLIST2D(((0.035000000149011612,0.035000000149011612),(0.71756462007761002,0.035000000149011612),(0.71756462007761002,0.81499997526407242),(0.035000000149011612,0.81499997526407242)));
#6175=IFCINDEXEDPOLYCURVE(#6174,(IFCLINEINDEX((1,2,3,4,1))),$);
#6176=IFCARBITRARYPROFILEDEFWITHVOIDS(.AREA.,$,#6173,(#6175));
#6177=IFCCARTESIANPOINT((0.02500000037252903,0.090000001713633537,0.02500000037252903));
#6178=IFCDIRECTION((0.,-1.,0.));
#6179=IFCDIRECTION((1.,0.,0.));
#6180=IFCAXIS2PLACEMENT3D(#6177,#6178,#6179);
#6181=IFCDIRECTION((0.,0.,-1.));
#6182=IFCEXTRUDEDAREASOLID(#6176,#6180,#6181,0.035000000149011612);
#6183=IFCINDEXEDPOLYCURVE(#6184,(IFCLINEINDEX((1,2,3,4,1))),$);
#6184=IFCCARTESIANPOINTLIST2D(((0.035000000149011612,0.035000000149011612),(0.71756462007761002,0.035000000149011612),(0.71756462007761002,0.81499997526407242),(0.035000000149011612,0.81499997526407242)));
#6185=IFCARBITRARYCLOSEDPROFILEDEF(.AREA.,$,#6183);
#6186=IFCCARTESIANPOINT((0.02500000037252903,0.10250000178813934,0.02500000037252903));
#6187=IFCDIRECTION((0.,-1.,0.));
#6188=IFCDIRECTION((1.,0.,0.));
#6189=IFCAXIS2PLACEMENT3D(#6186,#6187,#6188);
#6190=IFCDIRECTION((0.,0.,-1.));
#6191=IFCEXTRUDEDAREASOLID(#6185,#6189,#6190,0.01);
#6192=IFCSHAPEREPRESENTATION(#11,'Body','SweptSolid',(#6160,#6171,#6182,#6191));
#6193=IFCCARTESIANPOINTLIST2D(((0.05000000074505806,0.05000000074505806),(0.75256462022662163,0.05000000074505806)));
#6194=IFCINDEXEDPOLYCURVE(#6193,$,$);
#6195=IFCCARTESIANPOINTLIST2D(((0.,0.10000000149011612),(0.02500000037252903,0.10000000149011612),(0.02500000037252903,0.090000001713633537),(0.05000000074505806,0.090000001713633537),(0.05000000074505806,0.05000000074505806),(0.,0.05000000074505806)));
#6196=IFCINDEXEDPOLYCURVE(#6195,(IFCLINEINDEX((1,2,3,4,5,6,1))),$);
#6197=IFCCARTESIANPOINTLIST2D(((0.80256462097167969,0.10000000149011612),(0.77756462059915066,0.10000000149011612),(0.77756462059915066,0.090000001713633537),(0.75256462022662163,0.090000001713633537),(0.75256462022662163,0.05000000074505806),(0.80256462097167969,0.05000000074505806)));
#6198=IFCINDEXEDPOLYCURVE(#6197,(IFCLINEINDEX((1,2,3,4,5,6,1))),$);
#6199=IFCCARTESIANPOINTLIST2D(((0.02500000037252903,0.090000001713633537),(0.060000000521540642,0.090000001713633537),(0.060000000521540642,0.12500000186264515),(0.02500000037252903,0.12500000186264515)));
#6200=IFCINDEXEDPOLYCURVE(#6199,(IFCLINEINDEX((1,2,3,4,1))),$);
#6201=IFCINDEXEDPOLYCURVE(#6202,(IFCLINEINDEX((1,2,3,4,1))),$);
#6202=IFCCARTESIANPOINTLIST2D(((0.77756462059915066,0.090000001713633537),(0.74256462045013905,0.090000001713633537),(0.74256462045013905,0.12500000186264515),(0.77756462059915066,0.12500000186264515)));
#6203=IFCCARTESIANPOINTLIST2D(((0.060000000521540642,0.090000001713633537),(0.74256462045013905,0.090000001713633537)));
#6204=IFCINDEXEDPOLYCURVE(#6203,$,$);
#6205=IFCINDEXEDPOLYCURVE(#6206,$,$);
#6206=IFCCARTESIANPOINTLIST2D(((0.060000000521540642,0.12500000186264515),(0.74256462045013905,0.12500000186264515)));
#6207=IFCINDEXEDPOLYCURVE(#6208,$,$);
#6208=IFCCARTESIANPOINTLIST2D(((0.060000000521540642,0.10750000178813934),(0.74256462045013905,0.10750000178813934)));
#6209=IFCSHAPEREPRESENTATION(#24,'Body','Curve2D',(#6194,#6196,#6198,#6200,#6201,#6204,#6205,#6207));
#6210=IFCCARTESIANPOINTLIST2D(((0.,0.),(0.80256462097167969,0.),(0.80256462097167969,0.89999997615814209),(0.,0.89999997615814209)));
#6211=IFCINDEXEDPOLYCURVE(#6210,(IFCLINEINDEX((1,2,3,4,1))),$);
#6212=IFCARBITRARYCLOSEDPROFILEDEF(.AREA.,$,#6211);
#6213=IFCCARTESIANPOINT((0.,-0.60000002384185791,0.));
#6214=IFCDIRECTION((0.,-1.,0.));
#6215=IFCDIRECTION((1.,0.,0.));
#6216=IFCAXIS2PLACEMENT3D(#6213,#6214,#6215);
#6217=IFCDIRECTION((0.,0.,-1.));
#6218=IFCEXTRUDEDAREASOLID(#6212,#6216,#6217,1.2);
#6219=IFCSHAPEREPRESENTATION(#11,'Body','SweptSolid',(#6218));
#6225=IFCCARTESIANPOINT((1.7167754346868973,1.9273069318259672E-07,1.));
#6226=IFCDIRECTION((0.,0.,1.));
#6227=IFCDIRECTION((0.99999999999997125,-2.388791095278564E-07,0.));
#6228=IFCAXIS2PLACEMENT3D(#6225,#6226,#6227);
#6229=IFCLOCALPLACEMENT(#1845,#6228);
#6230=IFCCARTESIANPOINT((-4.4408920985006262E-16,-1.3322676295501878E-15,0.));
#6231=IFCDIRECTION((0.,0.,1.));
#6232=IFCDIRECTION((1.,8.6736173798840355E-19,0.));
#6233=IFCAXIS2PLACEMENT3D(#6230,#6231,#6232);
#6234=IFCLOCALPLACEMENT(#6229,#6233);
#6235=IFCWINDOWTYPE('3jK67bGuX24uGrwYOR6Vjz',$,'GUESS-1-GF',$,$,(#6236),(#6238,#6246,#6294),$,$,.WINDOW.,.SINGLE_PANEL.,$,$);
#6236=IFCPROPERTYSET('38CrcZ6T9CowzGqTDMZdr1',$,'BBIM_Window',$,(#6237));
#6237=IFCPROPERTYSINGLEVALUE('Data',$,IFCTEXT('{"window_type": "DOUBLE_PANEL_VERTICAL", "overall_height": 0.8999999761581421, "overall_width": 0.5920000076293945, "lining_properties": {"lining_depth": 0.05000000074505806, "lining_thickness": 0.05000000074505806, "lining_offset": 0.05000000074505806, "lining_to_panel_offset_x": 0.02500000037252903, "lining_to_panel_offset_y": 0.02500000037252903, "mullion_thickness": 0.05000000074505806, "first_mullion_offset": 0.6382493376731873}, "panel_properties": {"frame_depth": [0.03500000014901161, 0.03500000014901161, 0.03500000014901161], "frame_thickness": [0.03500000014901161, 0.014680061489343643, 0.03500000014901161]}}'),$);
#6238=IFCREPRESENTATIONMAP(#6239,#7730);
#6239=IFCAXIS2PLACEMENT3D(#6240,#6241,#6242);
#6240=IFCCARTESIANPOINT((0.,0.,0.));
#6241=IFCDIRECTION((0.,0.,1.));
#6242=IFCDIRECTION((1.,0.,0.));
#6246=IFCREPRESENTATIONMAP(#6247,#7811);
#6247=IFCAXIS2PLACEMENT3D(#6248,#6249,#6250);
#6248=IFCCARTESIANPOINT((0.,0.,0.));
#6249=IFCDIRECTION((0.,0.,1.));
#6250=IFCDIRECTION((1.,0.,0.));
#6294=IFCREPRESENTATIONMAP(#6295,#7850);
#6295=IFCAXIS2PLACEMENT3D(#6296,#6297,#6298);
#6296=IFCCARTESIANPOINT((0.,0.,0.));
#6297=IFCDIRECTION((0.,0.,1.));
#6298=IFCDIRECTION((1.,0.,0.));
#6316=IFCWINDOW('1Dc_HFjzX3LBz_3NIEdyl$',$,'Window',$,$,#6997,#6326,$,0.89999997615814209,0.59200000762939453,$,$,$);
#6318=IFCRELDEFINESBYTYPE('2ECrkHSHT5xvrqc7CcYtat',$,$,$,(#6316,#6382,#7468,#7679,#7517),#6235);
#6319=IFCCARTESIANPOINT((0.,0.,0.));
#6320=IFCDIRECTION((1.,0.,0.));
#6321=IFCDIRECTION((0.,1.,0.));
#6322=IFCDIRECTION((0.,0.,1.));
#6323=IFCCARTESIANTRANSFORMATIONOPERATOR3D(#6320,#6321,#6319,1.,#6322);
#6324=IFCMAPPEDITEM(#6238,#6323);
#6325=IFCSHAPEREPRESENTATION(#18,'Profile','MappedRepresentation',(#6324));
#6326=IFCPRODUCTDEFINITIONSHAPE($,$,(#6325,#6333,#6340));
#6327=IFCCARTESIANPOINT((0.,0.,0.));
#6328=IFCDIRECTION((1.,0.,0.));
#6329=IFCDIRECTION((0.,1.,0.));
#6330=IFCDIRECTION((0.,0.,1.));
#6331=IFCCARTESIANTRANSFORMATIONOPERATOR3D(#6328,#6329,#6327,1.,#6330);
#6332=IFCMAPPEDITEM(#6246,#6331);
#6333=IFCSHAPEREPRESENTATION(#11,'Body','MappedRepresentation',(#6332));
#6334=IFCCARTESIANPOINT((0.,0.,0.));
#6335=IFCDIRECTION((1.,0.,0.));
#6336=IFCDIRECTION((0.,1.,0.));
#6337=IFCDIRECTION((0.,0.,1.));
#6338=IFCCARTESIANTRANSFORMATIONOPERATOR3D(#6335,#6336,#6334,1.,#6337);
#6339=IFCMAPPEDITEM(#6294,#6338);
#6340=IFCSHAPEREPRESENTATION(#24,'Body','MappedRepresentation',(#6339));
#6341=IFCOPENINGELEMENT('3pd0HyqLDBue56lXSL9hQk',$,'Opening',$,$,#6992,#6369,$,.OPENING.);
#6357=IFCCARTESIANPOINT((0.,0.,0.));
#6358=IFCDIRECTION((1.,0.,0.));
#6359=IFCDIRECTION((0.,0.,1.));
#6360=IFCAXIS2PLACEMENT3D(#6357,#6359,#6358);
#6361=IFCREPRESENTATIONMAP(#6360,#6893);
#6362=IFCCARTESIANPOINT((0.,0.,0.));
#6363=IFCDIRECTION((1.,0.,0.));
#6364=IFCDIRECTION((0.,1.,0.));
#6365=IFCDIRECTION((0.,0.,1.));
#6366=IFCCARTESIANTRANSFORMATIONOPERATOR3D(#6363,#6364,#6362,1.,#6365);
#6367=IFCMAPPEDITEM(#6361,#6366);
#6368=IFCSHAPEREPRESENTATION(#11,'Body','MappedRepresentation',(#6367));
#6369=IFCPRODUCTDEFINITIONSHAPE($,$,(#6368));
#6370=IFCRELVOIDSELEMENT('2E$u2a2X998OMhOxC_KdRd',$,$,$,#253,#6341);
#6376=IFCRELFILLSELEMENT('0wEmRmucf50RCheRJS$X0Z',$,$,$,#6341,#6316);
#6382=IFCWINDOW('0t_LcsWrbBI8RavUkeChEp',$,'Window',$,$,#6923,#6391,$,0.89999997615814209,0.59200000762939453,$,.DOUBLE_PANEL_VERTICAL.,$);
#6384=IFCCARTESIANPOINT((0.,0.,0.));
#6385=IFCDIRECTION((1.,0.,0.));
#6386=IFCDIRECTION((0.,1.,0.));
#6387=IFCDIRECTION((0.,0.,1.));
#6388=IFCCARTESIANTRANSFORMATIONOPERATOR3D(#6385,#6386,#6384,1.,#6387);
#6389=IFCMAPPEDITEM(#6238,#6388);
#6390=IFCSHAPEREPRESENTATION(#18,'Profile','MappedRepresentation',(#6389));
#6391=IFCPRODUCTDEFINITIONSHAPE($,$,(#6390,#6398,#6405));
#6392=IFCCARTESIANPOINT((0.,0.,0.));
#6393=IFCDIRECTION((1.,0.,0.));
#6394=IFCDIRECTION((0.,1.,0.));
#6395=IFCDIRECTION((0.,0.,1.));
#6396=IFCCARTESIANTRANSFORMATIONOPERATOR3D(#6393,#6394,#6392,1.,#6395);
#6397=IFCMAPPEDITEM(#6246,#6396);
#6398=IFCSHAPEREPRESENTATION(#11,'Body','MappedRepresentation',(#6397));
#6399=IFCCARTESIANPOINT((0.,0.,0.));
#6400=IFCDIRECTION((1.,0.,0.));
#6401=IFCDIRECTION((0.,1.,0.));
#6402=IFCDIRECTION((0.,0.,1.));
#6403=IFCCARTESIANTRANSFORMATIONOPERATOR3D(#6400,#6401,#6399,1.,#6402);
#6404=IFCMAPPEDITEM(#6294,#6403);
#6405=IFCSHAPEREPRESENTATION(#24,'Body','MappedRepresentation',(#6404));
#6406=IFCOPENINGELEMENT('34vOYL1_nFWxW_5lBc_HYT',$,'Opening',$,$,#6918,#6419,$,.OPENING.);
#6412=IFCCARTESIANPOINT((0.,0.,0.));
#6413=IFCDIRECTION((1.,0.,0.));
#6414=IFCDIRECTION((0.,1.,0.));
#6415=IFCDIRECTION((0.,0.,1.));
#6416=IFCCARTESIANTRANSFORMATIONOPERATOR3D(#6413,#6414,#6412,1.,#6415);
#6417=IFCMAPPEDITEM(#6361,#6416);
#6418=IFCSHAPEREPRESENTATION(#11,'Body','MappedRepresentation',(#6417));
#6419=IFCPRODUCTDEFINITIONSHAPE($,$,(#6418));
#6420=IFCRELVOIDSELEMENT('0NAUKiXG13sfJi2RZLdK5i',$,$,$,#278,#6406);
#6426=IFCRELFILLSELEMENT('05pO4U8IH7Ue7oBh_8rhXT',$,$,$,#6406,#6382);
#6450=IFCCARTESIANPOINTLIST2D(((0.47627657651901245,0.),(0.,0.),(0.,0.89999997615814209),(0.47627657651901245,0.89999997615814209),(0.47627657651901245,0.87499997578561306),(0.02500000037252903,0.87499997578561306),(0.02500000037252903,0.02500000037252903),(0.47627657651901245,0.02500000037252903)));
#6451=IFCINDEXEDPOLYCURVE(#6450,(IFCLINEINDEX((1,2,3,4,5,6,7,8,1))),$);
#6452=IFCARBITRARYCLOSEDPROFILEDEF(.AREA.,$,#6451);
#6453=IFCCARTESIANPOINT((0.,0.090000001713633537,0.));
#6454=IFCDIRECTION((0.,-1.,0.));
#6455=IFCDIRECTION((1.,0.,0.));
#6456=IFCAXIS2PLACEMENT3D(#6453,#6454,#6455);
#6457=IFCDIRECTION((0.,0.,-1.));
#6458=IFCEXTRUDEDAREASOLID(#6452,#6456,#6457,0.0099999997764825821);
#6459=IFCCARTESIANPOINTLIST2D(((0.,0.),(0.47627657651901245,0.),(0.47627657651901245,0.89999997615814209),(0.,0.89999997615814209)));
#6460=IFCINDEXEDPOLYCURVE(#6459,(IFCLINEINDEX((1,2,3,4,1))),$);
#6461=IFCCARTESIANPOINTLIST2D(((0.05000000074505806,0.05000000074505806),(0.45127657614648342,0.05000000074505806),(0.45127657614648342,0.84999997541308403),(0.05000000074505806,0.84999997541308403)));
#6462=IFCINDEXEDPOLYCURVE(#6461,(IFCLINEINDEX((1,2,3,4,1))),$);
#6463=IFCARBITRARYPROFILEDEFWITHVOIDS(.AREA.,$,#6460,(#6462));
#6464=IFCCARTESIANPOINT((0.,0.05000000074505806,0.));
#6465=IFCDIRECTION((0.,-1.,0.));
#6466=IFCDIRECTION((1.,0.,0.));
#6467=IFCAXIS2PLACEMENT3D(#6464,#6465,#6466);
#6468=IFCDIRECTION((0.,0.,-1.));
#6469=IFCEXTRUDEDAREASOLID(#6463,#6467,#6468,0.040000000968575478);
#6470=IFCCARTESIANPOINTLIST2D(((0.,0.),(0.45127657614648342,0.),(0.45127657614648342,0.84999997541308403),(0.,0.84999997541308403)));
#6471=IFCINDEXEDPOLYCURVE(#6470,(IFCLINEINDEX((1,2,3,4,1))),$);
#6472=IFCCARTESIANPOINTLIST2D(((0.035000000149011612,0.035000000149011612),(0.41627657599747181,0.035000000149011612),(0.41627657599747181,0.81499997526407242),(0.035000000149011612,0.81499997526407242)));
#6473=IFCINDEXEDPOLYCURVE(#6472,(IFCLINEINDEX((1,2,3,4,1))),$);
#6474=IFCARBITRARYPROFILEDEFWITHVOIDS(.AREA.,$,#6471,(#6473));
#6475=IFCCARTESIANPOINT((0.02500000037252903,0.090000001713633537,0.02500000037252903));
#6476=IFCDIRECTION((0.,-1.,0.));
#6477=IFCDIRECTION((1.,0.,0.));
#6478=IFCAXIS2PLACEMENT3D(#6475,#6476,#6477);
#6479=IFCDIRECTION((0.,0.,-1.));
#6480=IFCEXTRUDEDAREASOLID(#6474,#6478,#6479,0.035000000149011612);
#6481=IFCINDEXEDPOLYCURVE(#6482,(IFCLINEINDEX((1,2,3,4,1))),$);
#6482=IFCCARTESIANPOINTLIST2D(((0.035000000149011612,0.035000000149011612),(0.41627657599747181,0.035000000149011612),(0.41627657599747181,0.81499997526407242),(0.035000000149011612,0.81499997526407242)));
#6483=IFCARBITRARYCLOSEDPROFILEDEF(.AREA.,$,#6481);
#6484=IFCCARTESIANPOINT((0.02500000037252903,0.10250000178813934,0.02500000037252903));
#6485=IFCDIRECTION((0.,-1.,0.));
#6486=IFCDIRECTION((1.,0.,0.));
#6487=IFCAXIS2PLACEMENT3D(#6484,#6485,#6486);
#6488=IFCDIRECTION((0.,0.,-1.));
#6489=IFCEXTRUDEDAREASOLID(#6483,#6487,#6488,0.01);
#6490=IFCCARTESIANPOINTLIST2D(((0.,0.89999997615814209),(0.32628804445266724,0.89999997615814209),(0.32628804445266724,0.),(0.,0.),(0.,0.02500000037252903),(0.30128804408013821,0.02500000037252903),(0.30128804408013821,0.87499997578561306),(0.,0.87499997578561306)));
#6491=IFCINDEXEDPOLYCURVE(#6490,(IFCLINEINDEX((1,2,3,4,5,6,7,8,1))),$);
#6492=IFCARBITRARYCLOSEDPROFILEDEF(.AREA.,$,#6491);
#6493=IFCCARTESIANPOINT((0.47627657651901245,0.090000001713633537,0.));
#6494=IFCDIRECTION((0.,-1.,0.));
#6495=IFCDIRECTION((1.,0.,0.));
#6496=IFCAXIS2PLACEMENT3D(#6493,#6494,#6495);
#6497=IFCDIRECTION((0.,0.,-1.));
#6498=IFCEXTRUDEDAREASOLID(#6492,#6496,#6497,0.0099999997764825821);
#6499=IFCCARTESIANPOINTLIST2D(((0.,0.),(0.32628804445266724,0.),(0.32628804445266724,0.89999997615814209),(0.,0.89999997615814209)));
#6500=IFCINDEXEDPOLYCURVE(#6499,(IFCLINEINDEX((1,2,3,4,1))),$);
#6501=IFCCARTESIANPOINTLIST2D(((0.02500000037252903,0.05000000074505806),(0.27628804370760918,0.05000000074505806),(0.27628804370760918,0.84999997541308403),(0.02500000037252903,0.84999997541308403)));
#6502=IFCINDEXEDPOLYCURVE(#6501,(IFCLINEINDEX((1,2,3,4,1))),$);
#6503=IFCARBITRARYPROFILEDEFWITHVOIDS(.AREA.,$,#6500,(#6502));
#6504=IFCCARTESIANPOINT((0.47627657651901245,0.05000000074505806,0.));
#6505=IFCDIRECTION((0.,-1.,0.));
#6506=IFCDIRECTION((1.,0.,0.));
#6507=IFCAXIS2PLACEMENT3D(#6504,#6505,#6506);
#6508=IFCDIRECTION((0.,0.,-1.));
#6509=IFCEXTRUDEDAREASOLID(#6503,#6507,#6508,0.040000000968575478);
#6510=IFCCARTESIANPOINTLIST2D(((0.,0.),(0.30128804408013821,0.),(0.30128804408013821,0.84999997541308403),(0.,0.84999997541308403)));
#6511=IFCINDEXEDPOLYCURVE(#6510,(IFCLINEINDEX((1,2,3,4,1))),$);
#6512=IFCCARTESIANPOINTLIST2D(((0.014680061489343643,0.014680061489343643),(0.28660798259079456,0.014680061489343643),(0.28660798259079456,0.83531991392374039),(0.014680061489343643,0.83531991392374039)));
#6513=IFCINDEXEDPOLYCURVE(#6512,(IFCLINEINDEX((1,2,3,4,1))),$);
#6514=IFCARBITRARYPROFILEDEFWITHVOIDS(.AREA.,$,#6511,(#6513));
#6515=IFCCARTESIANPOINT((0.47627657651901245,0.090000001713633537,0.02500000037252903));
#6516=IFCDIRECTION((0.,-1.,0.));
#6517=IFCDIRECTION((1.,0.,0.));
#6518=IFCAXIS2PLACEMENT3D(#6515,#6516,#6517);
#6519=IFCDIRECTION((0.,0.,-1.));
#6520=IFCEXTRUDEDAREASOLID(#6514,#6518,#6519,0.035000000149011612);
#6521=IFCINDEXEDPOLYCURVE(#6522,(IFCLINEINDEX((1,2,3,4,1))),$);
#6522=IFCCARTESIANPOINTLIST2D(((0.014680061489343643,0.014680061489343643),(0.28660798259079456,0.014680061489343643),(0.28660798259079456,0.83531991392374039),(0.014680061489343643,0.83531991392374039)));
#6523=IFCARBITRARYCLOSEDPROFILEDEF(.AREA.,$,#6521);
#6524=IFCCARTESIANPOINT((0.47627657651901245,0.10250000178813934,0.02500000037252903));
#6525=IFCDIRECTION((0.,-1.,0.));
#6526=IFCDIRECTION((1.,0.,0.));
#6527=IFCAXIS2PLACEMENT3D(#6524,#6525,#6526);
#6528=IFCDIRECTION((0.,0.,-1.));
#6529=IFCEXTRUDEDAREASOLID(#6523,#6527,#6528,0.01);
#6531=IFCSHAPEREPRESENTATION(#11,'Body','SweptSolid',(#6818,#6672,#6661,#6458,#6469,#6829,#6509,#6498,#6621,#6789,#6778,#6632));
#6532=IFCSHAPEASPECT((#6531),'Lining',$,.T.,#6391);
#6533=IFCSHAPEREPRESENTATION(#11,'Body','SweptSolid',(#6840,#6683,#6480,#6520,#6800,#6643));
#6534=IFCSHAPEASPECT((#6533),'Framing',$,.T.,#6391);
#6535=IFCSHAPEREPRESENTATION(#11,'Body','SweptSolid',(#6489,#6529,#6849,#6809,#6652,#6692));
#6536=IFCSHAPEASPECT((#6535),'Glazing',$,.T.,#6391);
#6613=IFCCARTESIANPOINTLIST2D(((0.84557968378067017,0.),(0.,0.),(0.,0.89999997615814209),(0.84557968378067017,0.89999997615814209),(0.84557968378067017,0.87499997578561306),(0.02500000037252903,0.87499997578561306),(0.02500000037252903,0.02500000037252903),(0.84557968378067017,0.02500000037252903)));
#6614=IFCINDEXEDPOLYCURVE(#6613,(IFCLINEINDEX((1,2,3,4,5,6,7,8,1))),$);
#6615=IFCARBITRARYCLOSEDPROFILEDEF(.AREA.,$,#6614);
#6616=IFCCARTESIANPOINT((0.,0.090000001713633537,0.));
#6617=IFCDIRECTION((0.,-1.,0.));
#6618=IFCDIRECTION((1.,0.,0.));
#6619=IFCAXIS2PLACEMENT3D(#6616,#6617,#6618);
#6620=IFCDIRECTION((0.,0.,-1.));
#6621=IFCEXTRUDEDAREASOLID(#6615,#6619,#6620,0.0099999997764825821);
#6622=IFCCARTESIANPOINTLIST2D(((0.,0.),(0.84557968378067017,0.),(0.84557968378067017,0.89999997615814209),(0.,0.89999997615814209)));
#6623=IFCINDEXEDPOLYCURVE(#6622,(IFCLINEINDEX((1,2,3,4,1))),$);
#6624=IFCCARTESIANPOINTLIST2D(((0.05000000074505806,0.05000000074505806),(0.82057968340814114,0.05000000074505806),(0.82057968340814114,0.84999997541308403),(0.05000000074505806,0.84999997541308403)));
#6625=IFCINDEXEDPOLYCURVE(#6624,(IFCLINEINDEX((1,2,3,4,1))),$);
#6626=IFCARBITRARYPROFILEDEFWITHVOIDS(.AREA.,$,#6623,(#6625));
#6627=IFCCARTESIANPOINT((0.,0.05000000074505806,0.));
#6628=IFCDIRECTION((0.,-1.,0.));
#6629=IFCDIRECTION((1.,0.,0.));
#6630=IFCAXIS2PLACEMENT3D(#6627,#6628,#6629);
#6631=IFCDIRECTION((0.,0.,-1.));
#6632=IFCEXTRUDEDAREASOLID(#6626,#6630,#6631,0.040000000968575478);
#6633=IFCCARTESIANPOINTLIST2D(((0.,0.),(0.82057968340814114,0.),(0.82057968340814114,0.84999997541308403),(0.,0.84999997541308403)));
#6634=IFCINDEXEDPOLYCURVE(#6633,(IFCLINEINDEX((1,2,3,4,1))),$);
#6635=IFCCARTESIANPOINTLIST2D(((0.035000000149011612,0.035000000149011612),(0.78557968325912952,0.035000000149011612),(0.78557968325912952,0.81499997526407242),(0.035000000149011612,0.81499997526407242)));
#6636=IFCINDEXEDPOLYCURVE(#6635,(IFCLINEINDEX((1,2,3,4,1))),$);
#6637=IFCARBITRARYPROFILEDEFWITHVOIDS(.AREA.,$,#6634,(#6636));
#6638=IFCCARTESIANPOINT((0.02500000037252903,0.090000001713633537,0.02500000037252903));
#6639=IFCDIRECTION((0.,-1.,0.));
#6640=IFCDIRECTION((1.,0.,0.));
#6641=IFCAXIS2PLACEMENT3D(#6638,#6639,#6640);
#6642=IFCDIRECTION((0.,0.,-1.));
#6643=IFCEXTRUDEDAREASOLID(#6637,#6641,#6642,0.035000000149011612);
#6644=IFCINDEXEDPOLYCURVE(#6645,(IFCLINEINDEX((1,2,3,4,1))),$);
#6645=IFCCARTESIANPOINTLIST2D(((0.035000000149011612,0.035000000149011612),(0.78557968325912952,0.035000000149011612),(0.78557968325912952,0.81499997526407242),(0.035000000149011612,0.81499997526407242)));
#6646=IFCARBITRARYCLOSEDPROFILEDEF(.AREA.,$,#6644);
#6647=IFCCARTESIANPOINT((0.02500000037252903,0.10250000178813934,0.02500000037252903));
#6648=IFCDIRECTION((0.,-1.,0.));
#6649=IFCDIRECTION((1.,0.,0.));
#6650=IFCAXIS2PLACEMENT3D(#6647,#6648,#6649);
#6651=IFCDIRECTION((0.,0.,-1.));
#6652=IFCEXTRUDEDAREASOLID(#6646,#6650,#6651,0.01);
#6653=IFCCARTESIANPOINTLIST2D(((0.,0.89999997615814209),(-0.25357967615127563,0.89999997615814209),(-0.25357967615127563,0.),(0.,0.),(0.,0.02500000037252903),(-0.27857967652380466,0.02500000037252903),(-0.27857967652380466,0.87499997578561306),(0.,0.87499997578561306)));
#6654=IFCINDEXEDPOLYCURVE(#6653,(IFCLINEINDEX((1,2,3,4,5,6,7,8,1))),$);
#6655=IFCARBITRARYCLOSEDPROFILEDEF(.AREA.,$,#6654);
#6656=IFCCARTESIANPOINT((0.84557968378067017,0.090000001713633537,0.));
#6657=IFCDIRECTION((0.,-1.,0.));
#6658=IFCDIRECTION((1.,0.,0.));
#6659=IFCAXIS2PLACEMENT3D(#6656,#6657,#6658);
#6660=IFCDIRECTION((0.,0.,-1.));
#6661=IFCEXTRUDEDAREASOLID(#6655,#6659,#6660,0.0099999997764825821);
#6662=IFCCARTESIANPOINTLIST2D(((0.,0.),(-0.25357967615127563,0.),(-0.25357967615127563,0.89999997615814209),(0.,0.89999997615814209)));
#6663=IFCINDEXEDPOLYCURVE(#6662,(IFCLINEINDEX((1,2,3,4,1))),$);
#6664=IFCCARTESIANPOINTLIST2D(((0.02500000037252903,0.05000000074505806),(-0.30357967689633369,0.05000000074505806),(-0.30357967689633369,0.84999997541308403),(0.02500000037252903,0.84999997541308403)));
#6665=IFCINDEXEDPOLYCURVE(#6664,(IFCLINEINDEX((1,2,3,4,1))),$);
#6666=IFCARBITRARYPROFILEDEFWITHVOIDS(.AREA.,$,#6663,(#6665));
#6667=IFCCARTESIANPOINT((0.84557968378067017,0.05000000074505806,0.));
#6668=IFCDIRECTION((0.,-1.,0.));
#6669=IFCDIRECTION((1.,0.,0.));
#6670=IFCAXIS2PLACEMENT3D(#6667,#6668,#6669);
#6671=IFCDIRECTION((0.,0.,-1.));
#6672=IFCEXTRUDEDAREASOLID(#6666,#6670,#6671,0.040000000968575478);
#6673=IFCCARTESIANPOINTLIST2D(((0.,0.),(-0.27857967652380466,0.),(-0.27857967652380466,0.84999997541308403),(0.,0.84999997541308403)));
#6674=IFCINDEXEDPOLYCURVE(#6673,(IFCLINEINDEX((1,2,3,4,1))),$);
#6675=IFCCARTESIANPOINTLIST2D(((0.014680061489343643,0.014680061489343643),(-0.29325973801314831,0.014680061489343643),(-0.29325973801314831,0.83531991392374039),(0.014680061489343643,0.83531991392374039)));
#6676=IFCINDEXEDPOLYCURVE(#6675,(IFCLINEINDEX((1,2,3,4,1))),$);
#6677=IFCARBITRARYPROFILEDEFWITHVOIDS(.AREA.,$,#6674,(#6676));
#6678=IFCCARTESIANPOINT((0.84557968378067017,0.090000001713633537,0.02500000037252903));
#6679=IFCDIRECTION((0.,-1.,0.));
#6680=IFCDIRECTION((1.,0.,0.));
#6681=IFCAXIS2PLACEMENT3D(#6678,#6679,#6680);
#6682=IFCDIRECTION((0.,0.,-1.));
#6683=IFCEXTRUDEDAREASOLID(#6677,#6681,#6682,0.035000000149011612);
#6684=IFCINDEXEDPOLYCURVE(#6685,(IFCLINEINDEX((1,2,3,4,1))),$);
#6685=IFCCARTESIANPOINTLIST2D(((0.014680061489343643,0.014680061489343643),(-0.29325973801314831,0.014680061489343643),(-0.29325973801314831,0.83531991392374039),(0.014680061489343643,0.83531991392374039)));
#6686=IFCARBITRARYCLOSEDPROFILEDEF(.AREA.,$,#6684);
#6687=IFCCARTESIANPOINT((0.84557968378067017,0.10250000178813934,0.02500000037252903));
#6688=IFCDIRECTION((0.,-1.,0.));
#6689=IFCDIRECTION((1.,0.,0.));
#6690=IFCAXIS2PLACEMENT3D(#6687,#6688,#6689);
#6691=IFCDIRECTION((0.,0.,-1.));
#6692=IFCEXTRUDEDAREASOLID(#6686,#6690,#6691,0.01);
#6770=IFCCARTESIANPOINTLIST2D(((0.63824933767318726,0.),(0.,0.),(0.,0.89999997615814209),(0.63824933767318726,0.89999997615814209),(0.63824933767318726,0.87499997578561306),(0.02500000037252903,0.87499997578561306),(0.02500000037252903,0.02500000037252903),(0.63824933767318726,0.02500000037252903)));
#6771=IFCINDEXEDPOLYCURVE(#6770,(IFCLINEINDEX((1,2,3,4,5,6,7,8,1))),$);
#6772=IFCARBITRARYCLOSEDPROFILEDEF(.AREA.,$,#6771);
#6773=IFCCARTESIANPOINT((0.,0.090000001713633537,0.));
#6774=IFCDIRECTION((0.,-1.,0.));
#6775=IFCDIRECTION((1.,0.,0.));
#6776=IFCAXIS2PLACEMENT3D(#6773,#6774,#6775);
#6777=IFCDIRECTION((0.,0.,-1.));
#6778=IFCEXTRUDEDAREASOLID(#6772,#6776,#6777,0.0099999997764825821);
#6779=IFCCARTESIANPOINTLIST2D(((0.,0.),(0.63824933767318726,0.),(0.63824933767318726,0.89999997615814209),(0.,0.89999997615814209)));
#6780=IFCINDEXEDPOLYCURVE(#6779,(IFCLINEINDEX((1,2,3,4,1))),$);
#6781=IFCCARTESIANPOINTLIST2D(((0.05000000074505806,0.05000000074505806),(0.61324933730065823,0.05000000074505806),(0.61324933730065823,0.84999997541308403),(0.05000000074505806,0.84999997541308403)));
#6782=IFCINDEXEDPOLYCURVE(#6781,(IFCLINEINDEX((1,2,3,4,1))),$);
#6783=IFCARBITRARYPROFILEDEFWITHVOIDS(.AREA.,$,#6780,(#6782));
#6784=IFCCARTESIANPOINT((0.,0.05000000074505806,0.));
#6785=IFCDIRECTION((0.,-1.,0.));
#6786=IFCDIRECTION((1.,0.,0.));
#6787=IFCAXIS2PLACEMENT3D(#6784,#6785,#6786);
#6788=IFCDIRECTION((0.,0.,-1.));
#6789=IFCEXTRUDEDAREASOLID(#6783,#6787,#6788,0.040000000968575478);
#6790=IFCCARTESIANPOINTLIST2D(((0.,0.),(0.61324933730065823,0.),(0.61324933730065823,0.84999997541308403),(0.,0.84999997541308403)));
#6791=IFCINDEXEDPOLYCURVE(#6790,(IFCLINEINDEX((1,2,3,4,1))),$);
#6792=IFCCARTESIANPOINTLIST2D(((0.035000000149011612,0.035000000149011612),(0.57824933715164661,0.035000000149011612),(0.57824933715164661,0.81499997526407242),(0.035000000149011612,0.81499997526407242)));
#6793=IFCINDEXEDPOLYCURVE(#6792,(IFCLINEINDEX((1,2,3,4,1))),$);
#6794=IFCARBITRARYPROFILEDEFWITHVOIDS(.AREA.,$,#6791,(#6793));
#6795=IFCCARTESIANPOINT((0.02500000037252903,0.090000001713633537,0.02500000037252903));
#6796=IFCDIRECTION((0.,-1.,0.));
#6797=IFCDIRECTION((1.,0.,0.));
#6798=IFCAXIS2PLACEMENT3D(#6795,#6796,#6797);
#6799=IFCDIRECTION((0.,0.,-1.));
#6800=IFCEXTRUDEDAREASOLID(#6794,#6798,#6799,0.035000000149011612);
#6801=IFCINDEXEDPOLYCURVE(#6802,(IFCLINEINDEX((1,2,3,4,1))),$);
#6802=IFCCARTESIANPOINTLIST2D(((0.035000000149011612,0.035000000149011612),(0.57824933715164661,0.035000000149011612),(0.57824933715164661,0.81499997526407242),(0.035000000149011612,0.81499997526407242)));
#6803=IFCARBITRARYCLOSEDPROFILEDEF(.AREA.,$,#6801);
#6804=IFCCARTESIANPOINT((0.02500000037252903,0.10250000178813934,0.02500000037252903));
#6805=IFCDIRECTION((0.,-1.,0.));
#6806=IFCDIRECTION((1.,0.,0.));
#6807=IFCAXIS2PLACEMENT3D(#6804,#6805,#6806);
#6808=IFCDIRECTION((0.,0.,-1.));
#6809=IFCEXTRUDEDAREASOLID(#6803,#6807,#6808,0.01);
#6810=IFCCARTESIANPOINTLIST2D(((0.,0.89999997615814209),(-0.046249330043792725,0.89999997615814209),(-0.046249330043792725,0.),(0.,0.),(0.,0.02500000037252903),(-0.071249330416321754,0.02500000037252903),(-0.071249330416321754,0.87499997578561306),(0.,0.87499997578561306)));
#6811=IFCINDEXEDPOLYCURVE(#6810,(IFCLINEINDEX((1,2,3,4,5,6,7,8,1))),$);
#6812=IFCARBITRARYCLOSEDPROFILEDEF(.AREA.,$,#6811);
#6813=IFCCARTESIANPOINT((0.63824933767318726,0.090000001713633537,0.));
#6814=IFCDIRECTION((0.,-1.,0.));
#6815=IFCDIRECTION((1.,0.,0.));
#6816=IFCAXIS2PLACEMENT3D(#6813,#6814,#6815);
#6817=IFCDIRECTION((0.,0.,-1.));
#6818=IFCEXTRUDEDAREASOLID(#6812,#6816,#6817,0.0099999997764825821);
#6819=IFCCARTESIANPOINTLIST2D(((0.,0.),(-0.046249330043792725,0.),(-0.046249330043792725,0.89999997615814209),(0.,0.89999997615814209)));
#6820=IFCINDEXEDPOLYCURVE(#6819,(IFCLINEINDEX((1,2,3,4,1))),$);
#6821=IFCCARTESIANPOINTLIST2D(((0.02500000037252903,0.05000000074505806),(-0.096249330788850784,0.05000000074505806),(-0.096249330788850784,0.84999997541308403),(0.02500000037252903,0.84999997541308403)));
#6822=IFCINDEXEDPOLYCURVE(#6821,(IFCLINEINDEX((1,2,3,4,1))),$);
#6823=IFCARBITRARYPROFILEDEFWITHVOIDS(.AREA.,$,#6820,(#6822));
#6824=IFCCARTESIANPOINT((0.63824933767318726,0.05000000074505806,0.));
#6825=IFCDIRECTION((0.,-1.,0.));
#6826=IFCDIRECTION((1.,0.,0.));
#6827=IFCAXIS2PLACEMENT3D(#6824,#6825,#6826);
#6828=IFCDIRECTION((0.,0.,-1.));
#6829=IFCEXTRUDEDAREASOLID(#6823,#6827,#6828,0.040000000968575478);
#6830=IFCCARTESIANPOINTLIST2D(((0.,0.),(-0.071249330416321754,0.),(-0.071249330416321754,0.84999997541308403),(0.,0.84999997541308403)));
#6831=IFCINDEXEDPOLYCURVE(#6830,(IFCLINEINDEX((1,2,3,4,1))),$);
#6832=IFCCARTESIANPOINTLIST2D(((0.014680061489343643,0.014680061489343643),(-0.085929391905665398,0.014680061489343643),(-0.085929391905665398,0.83531991392374039),(0.014680061489343643,0.83531991392374039)));
#6833=IFCINDEXEDPOLYCURVE(#6832,(IFCLINEINDEX((1,2,3,4,1))),$);
#6834=IFCARBITRARYPROFILEDEFWITHVOIDS(.AREA.,$,#6831,(#6833));
#6835=IFCCARTESIANPOINT((0.63824933767318726,0.090000001713633537,0.02500000037252903));
#6836=IFCDIRECTION((0.,-1.,0.));
#6837=IFCDIRECTION((1.,0.,0.));
#6838=IFCAXIS2PLACEMENT3D(#6835,#6836,#6837);
#6839=IFCDIRECTION((0.,0.,-1.));
#6840=IFCEXTRUDEDAREASOLID(#6834,#6838,#6839,0.035000000149011612);
#6841=IFCINDEXEDPOLYCURVE(#6842,(IFCLINEINDEX((1,2,3,4,1))),$);
#6842=IFCCARTESIANPOINTLIST2D(((0.014680061489343643,0.014680061489343643),(-0.085929391905665398,0.014680061489343643),(-0.085929391905665398,0.83531991392374039),(0.014680061489343643,0.83531991392374039)));
#6843=IFCARBITRARYCLOSEDPROFILEDEF(.AREA.,$,#6841);
#6844=IFCCARTESIANPOINT((0.63824933767318726,0.10250000178813934,0.02500000037252903));
#6845=IFCDIRECTION((0.,-1.,0.));
#6846=IFCDIRECTION((1.,0.,0.));
#6847=IFCAXIS2PLACEMENT3D(#6844,#6845,#6846);
#6848=IFCDIRECTION((0.,0.,-1.));
#6849=IFCEXTRUDEDAREASOLID(#6843,#6847,#6848,0.01);
#6884=IFCCARTESIANPOINTLIST2D(((0.,0.),(0.59200000762939453,0.),(0.59200000762939453,0.89999997615814209),(0.,0.89999997615814209)));
#6885=IFCINDEXEDPOLYCURVE(#6884,(IFCLINEINDEX((1,2,3,4,1))),$);
#6886=IFCARBITRARYCLOSEDPROFILEDEF(.AREA.,$,#6885);
#6887=IFCCARTESIANPOINT((0.,-0.60000002384185791,0.));
#6888=IFCDIRECTION((0.,-1.,0.));
#6889=IFCDIRECTION((1.,0.,0.));
#6890=IFCAXIS2PLACEMENT3D(#6887,#6888,#6889);
#6891=IFCDIRECTION((0.,0.,-1.));
#6892=IFCEXTRUDEDAREASOLID(#6886,#6890,#6891,1.2);
#6893=IFCSHAPEREPRESENTATION(#11,'Body','SweptSolid',(#6892));
#6914=IFCCARTESIANPOINT((0.79743574063640921,1.9371509552001953E-07,1.));
#6915=IFCDIRECTION((0.,0.,1.));
#6916=IFCDIRECTION((0.99999999999997158,-2.3841857910155572E-07,0.));
#6917=IFCAXIS2PLACEMENT3D(#6914,#6915,#6916);
#6918=IFCLOCALPLACEMENT(#560,#6917);
#6919=IFCCARTESIANPOINT((0.,0.,0.));
#6920=IFCDIRECTION((0.,0.,1.));
#6921=IFCDIRECTION((1.,0.,0.));
#6922=IFCAXIS2PLACEMENT3D(#6919,#6920,#6921);
#6923=IFCLOCALPLACEMENT(#6918,#6922);
#6988=IFCCARTESIANPOINT((2.5935968677111032,2.8102610505342795E-07,1.));
#6989=IFCDIRECTION((0.,0.,1.));
#6990=IFCDIRECTION((0.99999999999999289,1.1920928244535129E-07,0.));
#6991=IFCAXIS2PLACEMENT3D(#6988,#6989,#6990);
#6992=IFCLOCALPLACEMENT(#528,#6991);
#6993=IFCCARTESIANPOINT((1.1861512972846366,0.1601717546740451,0.));
#6994=IFCDIRECTION((0.,0.,1.));
#6995=IFCDIRECTION((-0.99999999999999944,3.1786498766449671E-08,0.));
#6996=IFCAXIS2PLACEMENT3D(#6993,#6994,#6995);
#6997=IFCLOCALPLACEMENT(#6992,#6996);
#6998=IFCWINDOWTYPE('0qwmeWP31AkeNnnouiFfFC',$,'GUESS-2-GF',$,$,(#6999),(#7001,#7009,#7057),$,$,.WINDOW.,.SINGLE_PANEL.,$,$);
#6999=IFCPROPERTYSET('0rHpmMdaDCOA2$1e$GxmnZ',$,'BBIM_Window',$,(#7000));
#7000=IFCPROPERTYSINGLEVALUE('Data',$,IFCTEXT('{"window_type": "SINGLE_PANEL", "overall_height": 0.8999999761581421, "overall_width": 0.8025646209716797, "lining_properties": {"lining_depth": 0.05000000074505806, "lining_thickness": 0.05000000074505806, "lining_offset": 0.05000000074505806, "lining_to_panel_offset_x": 0.02500000037252903, "lining_to_panel_offset_y": 0.02500000037252903}, "panel_properties": {"frame_depth": [0.03500000014901161, 0.03500000014901161, 0.03500000014901161], "frame_thickness": [0.03500000014901161, 0.03500000014901161, 0.03500000014901161]}}'),$);
#7001=IFCREPRESENTATIONMAP(#7002,#7006);
#7002=IFCAXIS2PLACEMENT3D(#7003,#7004,#7005);
#7003=IFCCARTESIANPOINT((0.,0.,0.));
#7004=IFCDIRECTION((0.,0.,1.));
#7005=IFCDIRECTION((1.,0.,0.));
#7006=IFCSHAPEREPRESENTATION(#18,'Profile','Curve3D',(#7007));
#7007=IFCINDEXEDPOLYCURVE(#7008,(IFCLINEINDEX((1,2,3,4,1))),$);
#7008=IFCCARTESIANPOINTLIST3D(((0.,0.,0.),(0.80256462097167969,0.,0.),(0.80256462097167969,0.,0.89999997615814209),(0.,0.,0.89999997615814209)));
#7009=IFCREPRESENTATIONMAP(#7010,#7014);
#7010=IFCAXIS2PLACEMENT3D(#7011,#7012,#7013);
#7011=IFCCARTESIANPOINT((0.,0.,0.));
#7012=IFCDIRECTION((0.,0.,1.));
#7013=IFCDIRECTION((1.,0.,0.));
#7014=IFCSHAPEREPRESENTATION(#11,'Body','SweptSolid',(#7015,#7026,#7037,#7048));
#7015=IFCEXTRUDEDAREASOLID(#7016,#7021,#7025,0.0099999997764825821);
#7016=IFCARBITRARYPROFILEDEFWITHVOIDS(.AREA.,$,#7017,(#7019));
#7017=IFCINDEXEDPOLYCURVE(#7018,(IFCLINEINDEX((1,2,3,4,1))),$);
#7018=IFCCARTESIANPOINTLIST2D(((0.,0.),(0.80256462097167969,0.),(0.80256462097167969,0.89999997615814209),(0.,0.89999997615814209)));
#7019=IFCINDEXEDPOLYCURVE(#7020,(IFCLINEINDEX((1,2,3,4,1))),$);
#7020=IFCCARTESIANPOINTLIST2D(((0.02500000037252903,0.02500000037252903),(0.77756462059915066,0.02500000037252903),(0.77756462059915066,0.87499997578561306),(0.02500000037252903,0.87499997578561306)));
#7021=IFCAXIS2PLACEMENT3D(#7022,#7023,#7024);
#7022=IFCCARTESIANPOINT((0.,0.090000001713633537,0.));
#7023=IFCDIRECTION((0.,-1.,0.));
#7024=IFCDIRECTION((1.,0.,0.));
#7025=IFCDIRECTION((0.,0.,-1.));
#7026=IFCEXTRUDEDAREASOLID(#7027,#7032,#7036,0.040000000968575478);
#7027=IFCARBITRARYPROFILEDEFWITHVOIDS(.AREA.,$,#7028,(#7030));
#7028=IFCINDEXEDPOLYCURVE(#7029,(IFCLINEINDEX((1,2,3,4,1))),$);
#7029=IFCCARTESIANPOINTLIST2D(((0.,0.),(0.80256462097167969,0.),(0.80256462097167969,0.89999997615814209),(0.,0.89999997615814209)));
#7030=IFCINDEXEDPOLYCURVE(#7031,(IFCLINEINDEX((1,2,3,4,1))),$);
#7031=IFCCARTESIANPOINTLIST2D(((0.05000000074505806,0.05000000074505806),(0.75256462022662163,0.05000000074505806),(0.75256462022662163,0.84999997541308403),(0.05000000074505806,0.84999997541308403)));
#7032=IFCAXIS2PLACEMENT3D(#7033,#7034,#7035);
#7033=IFCCARTESIANPOINT((0.,0.05000000074505806,0.));
#7034=IFCDIRECTION((0.,-1.,0.));
#7035=IFCDIRECTION((1.,0.,0.));
#7036=IFCDIRECTION((0.,0.,-1.));
#7037=IFCEXTRUDEDAREASOLID(#7038,#7043,#7047,0.035000000149011612);
#7038=IFCARBITRARYPROFILEDEFWITHVOIDS(.AREA.,$,#7039,(#7041));
#7039=IFCINDEXEDPOLYCURVE(#7040,(IFCLINEINDEX((1,2,3,4,1))),$);
#7040=IFCCARTESIANPOINTLIST2D(((0.,0.),(0.75256462022662163,0.),(0.75256462022662163,0.84999997541308403),(0.,0.84999997541308403)));
#7041=IFCINDEXEDPOLYCURVE(#7042,(IFCLINEINDEX((1,2,3,4,1))),$);
#7042=IFCCARTESIANPOINTLIST2D(((0.035000000149011612,0.035000000149011612),(0.71756462007761002,0.035000000149011612),(0.71756462007761002,0.81499997526407242),(0.035000000149011612,0.81499997526407242)));
#7043=IFCAXIS2PLACEMENT3D(#7044,#7045,#7046);
#7044=IFCCARTESIANPOINT((0.02500000037252903,0.090000001713633537,0.02500000037252903));
#7045=IFCDIRECTION((0.,-1.,0.));
#7046=IFCDIRECTION((1.,0.,0.));
#7047=IFCDIRECTION((0.,0.,-1.));
#7048=IFCEXTRUDEDAREASOLID(#7049,#7052,#7056,0.01);
#7049=IFCARBITRARYCLOSEDPROFILEDEF(.AREA.,$,#7050);
#7050=IFCINDEXEDPOLYCURVE(#7051,(IFCLINEINDEX((1,2,3,4,1))),$);
#7051=IFCCARTESIANPOINTLIST2D(((0.035000000149011612,0.035000000149011612),(0.71756462007761002,0.035000000149011612),(0.71756462007761002,0.81499997526407242),(0.035000000149011612,0.81499997526407242)));
#7052=IFCAXIS2PLACEMENT3D(#7053,#7054,#7055);
#7053=IFCCARTESIANPOINT((0.02500000037252903,0.10250000178813934,0.02500000037252903));
#7054=IFCDIRECTION((0.,-1.,0.));
#7055=IFCDIRECTION((1.,0.,0.));
#7056=IFCDIRECTION((0.,0.,-1.));
#7057=IFCREPRESENTATIONMAP(#7058,#7062);
#7058=IFCAXIS2PLACEMENT3D(#7059,#7060,#7061);
#7059=IFCCARTESIANPOINT((0.,0.,0.));
#7060=IFCDIRECTION((0.,0.,1.));
#7061=IFCDIRECTION((1.,0.,0.));
#7062=IFCSHAPEREPRESENTATION(#24,'Body','Curve2D',(#7063,#7065,#7067,#7069,#7071,#7073,#7075,#7077));
#7063=IFCINDEXEDPOLYCURVE(#7064,$,$);
#7064=IFCCARTESIANPOINTLIST2D(((0.05000000074505806,0.05000000074505806),(0.75256462022662163,0.05000000074505806)));
#7065=IFCINDEXEDPOLYCURVE(#7066,(IFCLINEINDEX((1,2,3,4,5,6,1))),$);
#7066=IFCCARTESIANPOINTLIST2D(((0.,0.10000000149011612),(0.02500000037252903,0.10000000149011612),(0.02500000037252903,0.090000001713633537),(0.05000000074505806,0.090000001713633537),(0.05000000074505806,0.05000000074505806),(0.,0.05000000074505806)));
#7067=IFCINDEXEDPOLYCURVE(#7068,(IFCLINEINDEX((1,2,3,4,5,6,1))),$);
#7068=IFCCARTESIANPOINTLIST2D(((0.80256462097167969,0.10000000149011612),(0.77756462059915066,0.10000000149011612),(0.77756462059915066,0.090000001713633537),(0.75256462022662163,0.090000001713633537),(0.75256462022662163,0.05000000074505806),(0.80256462097167969,0.05000000074505806)));
#7069=IFCINDEXEDPOLYCURVE(#7070,(IFCLINEINDEX((1,2,3,4,1))),$);
#7070=IFCCARTESIANPOINTLIST2D(((0.02500000037252903,0.090000001713633537),(0.060000000521540642,0.090000001713633537),(0.060000000521540642,0.12500000186264515),(0.02500000037252903,0.12500000186264515)));
#7071=IFCINDEXEDPOLYCURVE(#7072,(IFCLINEINDEX((1,2,3,4,1))),$);
#7072=IFCCARTESIANPOINTLIST2D(((0.77756462059915066,0.090000001713633537),(0.74256462045013905,0.090000001713633537),(0.74256462045013905,0.12500000186264515),(0.77756462059915066,0.12500000186264515)));
#7073=IFCINDEXEDPOLYCURVE(#7074,$,$);
#7074=IFCCARTESIANPOINTLIST2D(((0.060000000521540642,0.090000001713633537),(0.74256462045013905,0.090000001713633537)));
#7075=IFCINDEXEDPOLYCURVE(#7076,$,$);
#7076=IFCCARTESIANPOINTLIST2D(((0.060000000521540642,0.12500000186264515),(0.74256462045013905,0.12500000186264515)));
#7077=IFCINDEXEDPOLYCURVE(#7078,$,$);
#7078=IFCCARTESIANPOINTLIST2D(((0.060000000521540642,0.10750000178813934),(0.74256462045013905,0.10750000178813934)));
#7079=IFCWINDOW('1Wnsn20317R9tVTiCEiNHL',$,'Window',$,$,#7144,#7089,$,0.89999997615814209,0.80256462097167969,$,$,$);
#7081=IFCRELDEFINESBYTYPE('1zBYIgutr8S9DNHmtXOump',$,$,$,(#7174,#7079),#6998);
#7082=IFCCARTESIANPOINT((0.,0.,0.));
#7083=IFCDIRECTION((1.,0.,0.));
#7084=IFCDIRECTION((0.,1.,0.));
#7085=IFCDIRECTION((0.,0.,1.));
#7086=IFCCARTESIANTRANSFORMATIONOPERATOR3D(#7083,#7084,#7082,1.,#7085);
#7087=IFCMAPPEDITEM(#7001,#7086);
#7088=IFCSHAPEREPRESENTATION(#18,'Profile','MappedRepresentation',(#7087));
#7089=IFCPRODUCTDEFINITIONSHAPE($,$,(#7088,#7096,#7103));
#7090=IFCCARTESIANPOINT((0.,0.,0.));
#7091=IFCDIRECTION((1.,0.,0.));
#7092=IFCDIRECTION((0.,1.,0.));
#7093=IFCDIRECTION((0.,0.,1.));
#7094=IFCCARTESIANTRANSFORMATIONOPERATOR3D(#7091,#7092,#7090,1.,#7093);
#7095=IFCMAPPEDITEM(#7009,#7094);
#7096=IFCSHAPEREPRESENTATION(#11,'Body','MappedRepresentation',(#7095));
#7097=IFCCARTESIANPOINT((0.,0.,0.));
#7098=IFCDIRECTION((1.,0.,0.));
#7099=IFCDIRECTION((0.,1.,0.));
#7100=IFCDIRECTION((0.,0.,1.));
#7101=IFCCARTESIANTRANSFORMATIONOPERATOR3D(#7098,#7099,#7097,1.,#7100);
#7102=IFCMAPPEDITEM(#7057,#7101);
#7103=IFCSHAPEREPRESENTATION(#24,'Body','MappedRepresentation',(#7102));
#7104=IFCOPENINGELEMENT('0GyvFXMCf7jOJvjZtNRvFQ',$,'Opening',$,$,#7138,#7132,$,.OPENING.);
#7110=IFCCARTESIANPOINTLIST2D(((0.,0.),(0.80256462097167969,0.),(0.80256462097167969,0.89999997615814209),(0.,0.89999997615814209)));
#7111=IFCINDEXEDPOLYCURVE(#7110,(IFCLINEINDEX((1,2,3,4,1))),$);
#7112=IFCARBITRARYCLOSEDPROFILEDEF(.AREA.,$,#7111);
#7113=IFCCARTESIANPOINT((0.,-0.60000002384185791,0.));
#7114=IFCDIRECTION((0.,-1.,0.));
#7115=IFCDIRECTION((1.,0.,0.));
#7116=IFCAXIS2PLACEMENT3D(#7113,#7114,#7115);
#7117=IFCDIRECTION((0.,0.,-1.));
#7118=IFCEXTRUDEDAREASOLID(#7112,#7116,#7117,1.2);
#7119=IFCSHAPEREPRESENTATION(#11,'Body','SweptSolid',(#7118));
#7120=IFCCARTESIANPOINT((0.,0.,0.));
#7121=IFCDIRECTION((1.,0.,0.));
#7122=IFCDIRECTION((0.,0.,1.));
#7123=IFCAXIS2PLACEMENT3D(#7120,#7122,#7121);
#7124=IFCREPRESENTATIONMAP(#7123,#7119);
#7125=IFCCARTESIANPOINT((0.,0.,0.));
#7126=IFCDIRECTION((1.,0.,0.));
#7127=IFCDIRECTION((0.,1.,0.));
#7128=IFCDIRECTION((0.,0.,1.));
#7129=IFCCARTESIANTRANSFORMATIONOPERATOR3D(#7126,#7127,#7125,1.,#7128);
#7130=IFCMAPPEDITEM(#7124,#7129);
#7131=IFCSHAPEREPRESENTATION(#11,'Body','MappedRepresentation',(#7130));
#7132=IFCPRODUCTDEFINITIONSHAPE($,$,(#7131));
#7133=IFCRELVOIDSELEMENT('0tLbPHlgv3xxvQqyxRVvm8',$,$,$,#253,#7104);
#7134=IFCCARTESIANPOINT((3.2337631579147108,0.10000037574604148,1.));
#7135=IFCDIRECTION((0.,0.,1.));
#7136=IFCDIRECTION((-0.99999999999999623,-8.7422783678901786E-08,0.));
#7137=IFCAXIS2PLACEMENT3D(#7134,#7135,#7136);
#7138=IFCLOCALPLACEMENT(#528,#7137);
#7139=IFCRELFILLSELEMENT('0N0U5d6Mb6e98dqdMZ1B3e',$,$,$,#7104,#7079);
#7140=IFCCARTESIANPOINT((-4.4408920985006262E-16,0.,0.));
#7141=IFCDIRECTION((0.,0.,1.));
#7142=IFCDIRECTION((0.99999999999999978,2.6469779601696886E-23,0.));
#7143=IFCAXIS2PLACEMENT3D(#7140,#7141,#7142);
#7144=IFCLOCALPLACEMENT(#7138,#7143);
#7174=IFCWINDOW('0OldivUxfC2u7gFJLndoME',$,'Window',$,$,#8133,#7183,$,0.89999997615814209,0.80256462097167969,$,$,$);
#7176=IFCCARTESIANPOINT((0.,0.,0.));
#7177=IFCDIRECTION((1.,0.,0.));
#7178=IFCDIRECTION((0.,1.,0.));
#7179=IFCDIRECTION((0.,0.,1.));
#7180=IFCCARTESIANTRANSFORMATIONOPERATOR3D(#7177,#7178,#7176,1.,#7179);
#7181=IFCMAPPEDITEM(#7001,#7180);
#7182=IFCSHAPEREPRESENTATION(#18,'Profile','MappedRepresentation',(#7181));
#7183=IFCPRODUCTDEFINITIONSHAPE($,$,(#7182,#7190,#7197));
#7184=IFCCARTESIANPOINT((0.,0.,0.));
#7185=IFCDIRECTION((1.,0.,0.));
#7186=IFCDIRECTION((0.,1.,0.));
#7187=IFCDIRECTION((0.,0.,1.));
#7188=IFCCARTESIANTRANSFORMATIONOPERATOR3D(#7185,#7186,#7184,1.,#7187);
#7189=IFCMAPPEDITEM(#7009,#7188);
#7190=IFCSHAPEREPRESENTATION(#11,'Body','MappedRepresentation',(#7189));
#7191=IFCCARTESIANPOINT((0.,0.,0.));
#7192=IFCDIRECTION((1.,0.,0.));
#7193=IFCDIRECTION((0.,1.,0.));
#7194=IFCDIRECTION((0.,0.,1.));
#7195=IFCCARTESIANTRANSFORMATIONOPERATOR3D(#7192,#7193,#7191,1.,#7194);
#7196=IFCMAPPEDITEM(#7057,#7195);
#7197=IFCSHAPEREPRESENTATION(#24,'Body','MappedRepresentation',(#7196));
#7198=IFCOPENINGELEMENT('1T2eSOuf93QRudxPSUzDBj',$,'Opening',$,$,#7248,#7211,$,.OPENING.);
#7204=IFCCARTESIANPOINT((0.,0.,0.));
#7205=IFCDIRECTION((1.,0.,0.));
#7206=IFCDIRECTION((0.,1.,0.));
#7207=IFCDIRECTION((0.,0.,1.));
#7208=IFCCARTESIANTRANSFORMATIONOPERATOR3D(#7205,#7206,#7204,1.,#7207);
#7209=IFCMAPPEDITEM(#7124,#7208);
#7210=IFCSHAPEREPRESENTATION(#11,'Body','MappedRepresentation',(#7209));
#7211=IFCPRODUCTDEFINITIONSHAPE($,$,(#7210));
#7212=IFCRELVOIDSELEMENT('0hpZ0CtU10tgz5GLfViuit',$,$,$,#253,#7198);
#7218=IFCRELFILLSELEMENT('3IXFUmK2LFweh9i8CG76On',$,$,$,#7198,#7174);
#7244=IFCCARTESIANPOINT((2.9711151639528803,4.9094284504391794E-07,1.));
#7245=IFCDIRECTION((0.,0.,1.));
#7246=IFCDIRECTION((0.99999999999999289,1.1920928244535129E-07,0.));
#7247=IFCAXIS2PLACEMENT3D(#7244,#7245,#7246);
#7248=IFCLOCALPLACEMENT(#528,#7247);
#7254=IFCWALL('1KZaO$iKz1Zw4OrZ2f7DK9',$,'Wall',$,$,#8010,#7261,$,$);
#7255=IFCRELCONTAINEDINSPATIALSTRUCTURE('2qWsAlxPrBgB_7tn3weJsA',$,$,$,(#8300,#8781,#7641,#9276,#9580,#10711,#10581,#10646,#8673,#9835,#8857,#8102,#10010,#8225,#7254,#8698,#9301,#8150,#7866,#8021,#7679,#8819,#8175,#10866,#11021,#9542,#10134,#9073,#10246,#9251,#9098),#39);
#7256=IFCMATERIALLAYERSETUSAGE(#82,.AXIS2.,.POSITIVE.,0.,$);
#7257=IFCRELASSOCIATESMATERIAL('3bluE1xvv0oA5bqSVss3x5',$,$,$,(#7254),#7256);
#7261=IFCPRODUCTDEFINITIONSHAPE($,$,(#7292,#7289));
#7277=IFCPROPERTYSET('1x5z5zImXCMuiWsWN8rc8Q',$,'EPset_Parametric',$,(#7279));
#7278=IFCRELDEFINESBYPROPERTIES('3iKBwIGpP3Cvd9MalvzHRZ',$,$,$,(#7254),#7277);
#7279=IFCPROPERTYSINGLEVALUE('Engine',$,IFCLABEL('Bonsai.DumbLayer2'),$);
#7280=IFCCARTESIANPOINTLIST2D(((0.,0.),(0.,0.10000000000000001),(2.6756961171588669,0.10000000000000001),(2.6756961171588669,0.)));
#7281=IFCINDEXEDPOLYCURVE(#7280,(IFCLINEINDEX((1,2,3,4,1))),$);
#7282=IFCARBITRARYCLOSEDPROFILEDEF(.AREA.,$,#7281);
#7283=IFCCARTESIANPOINT((0.,0.,0.));
#7284=IFCDIRECTION((0.,0.,1.));
#7285=IFCDIRECTION((1.,0.,0.));
#7286=IFCAXIS2PLACEMENT3D(#7283,#7284,#7285);
#7287=IFCDIRECTION((0.,0.,1.));
#7288=IFCEXTRUDEDAREASOLID(#7282,#7286,#7287,3.);
#7289=IFCSHAPEREPRESENTATION(#11,'Body','SweptSolid',(#7288));
#7290=IFCCARTESIANPOINTLIST2D(((0.,0.),(2.6756961171588669,0.)));
#7291=IFCINDEXEDPOLYCURVE(#7290,$,$);
#7292=IFCSHAPEREPRESENTATION(#23,'Axis','Curve2D',(#7291));
#7293=IFCWINDOWTYPE('2F97lNftjAwu0letbWv0kl',$,'MAID - GF',$,$,(#7294),(#7296,#7304,#7352),$,$,.WINDOW.,.SINGLE_PANEL.,$,$);
#7294=IFCPROPERTYSET('11P18GK9X5nw4vvfVmg38R',$,'BBIM_Window',$,(#7295));
#7295=IFCPROPERTYSINGLEVALUE('Data',$,IFCTEXT('{"window_type": "SINGLE_PANEL", "overall_height": 0.8999999761581421, "overall_width": 0.8025646209716797, "lining_properties": {"lining_depth": 0.05000000074505806, "lining_thickness": 0.05000000074505806, "lining_offset": 0.05000000074505806, "lining_to_panel_offset_x": 0.02500000037252903, "lining_to_panel_offset_y": 0.02500000037252903}, "panel_properties": {"frame_depth": [0.03500000014901161, 0.03500000014901161, 0.03500000014901161], "frame_thickness": [0.03500000014901161, 0.03500000014901161, 0.03500000014901161]}}'),$);
#7296=IFCREPRESENTATIONMAP(#7297,#7301);
#7297=IFCAXIS2PLACEMENT3D(#7298,#7299,#7300);
#7298=IFCCARTESIANPOINT((0.,0.,0.));
#7299=IFCDIRECTION((0.,0.,1.));
#7300=IFCDIRECTION((1.,0.,0.));
#7301=IFCSHAPEREPRESENTATION(#18,'Profile','Curve3D',(#7302));
#7302=IFCINDEXEDPOLYCURVE(#7303,(IFCLINEINDEX((1,2,3,4,1))),$);
#7303=IFCCARTESIANPOINTLIST3D(((0.,0.,0.),(0.80256462097167969,0.,0.),(0.80256462097167969,0.,0.89999997615814209),(0.,0.,0.89999997615814209)));
#7304=IFCREPRESENTATIONMAP(#7305,#7309);
#7305=IFCAXIS2PLACEMENT3D(#7306,#7307,#7308);
#7306=IFCCARTESIANPOINT((0.,0.,0.));
#7307=IFCDIRECTION((0.,0.,1.));
#7308=IFCDIRECTION((1.,0.,0.));
#7309=IFCSHAPEREPRESENTATION(#11,'Body','SweptSolid',(#7310,#7321,#7332,#7343));
#7310=IFCEXTRUDEDAREASOLID(#7311,#7316,#7320,0.0099999997764825821);
#7311=IFCARBITRARYPROFILEDEFWITHVOIDS(.AREA.,$,#7312,(#7314));
#7312=IFCINDEXEDPOLYCURVE(#7313,(IFCLINEINDEX((1,2,3,4,1))),$);
#7313=IFCCARTESIANPOINTLIST2D(((0.,0.),(0.80256462097167969,0.),(0.80256462097167969,0.89999997615814209),(0.,0.89999997615814209)));
#7314=IFCINDEXEDPOLYCURVE(#7315,(IFCLINEINDEX((1,2,3,4,1))),$);
#7315=IFCCARTESIANPOINTLIST2D(((0.02500000037252903,0.02500000037252903),(0.77756462059915066,0.02500000037252903),(0.77756462059915066,0.87499997578561306),(0.02500000037252903,0.87499997578561306)));
#7316=IFCAXIS2PLACEMENT3D(#7317,#7318,#7319);
#7317=IFCCARTESIANPOINT((0.,0.090000001713633537,0.));
#7318=IFCDIRECTION((0.,-1.,0.));
#7319=IFCDIRECTION((1.,0.,0.));
#7320=IFCDIRECTION((0.,0.,-1.));
#7321=IFCEXTRUDEDAREASOLID(#7322,#7327,#7331,0.040000000968575478);
#7322=IFCARBITRARYPROFILEDEFWITHVOIDS(.AREA.,$,#7323,(#7325));
#7323=IFCINDEXEDPOLYCURVE(#7324,(IFCLINEINDEX((1,2,3,4,1))),$);
#7324=IFCCARTESIANPOINTLIST2D(((0.,0.),(0.80256462097167969,0.),(0.80256462097167969,0.89999997615814209),(0.,0.89999997615814209)));
#7325=IFCINDEXEDPOLYCURVE(#7326,(IFCLINEINDEX((1,2,3,4,1))),$);
#7326=IFCCARTESIANPOINTLIST2D(((0.05000000074505806,0.05000000074505806),(0.75256462022662163,0.05000000074505806),(0.75256462022662163,0.84999997541308403),(0.05000000074505806,0.84999997541308403)));
#7327=IFCAXIS2PLACEMENT3D(#7328,#7329,#7330);
#7328=IFCCARTESIANPOINT((0.,0.05000000074505806,0.));
#7329=IFCDIRECTION((0.,-1.,0.));
#7330=IFCDIRECTION((1.,0.,0.));
#7331=IFCDIRECTION((0.,0.,-1.));
#7332=IFCEXTRUDEDAREASOLID(#7333,#7338,#7342,0.035000000149011612);
#7333=IFCARBITRARYPROFILEDEFWITHVOIDS(.AREA.,$,#7334,(#7336));
#7334=IFCINDEXEDPOLYCURVE(#7335,(IFCLINEINDEX((1,2,3,4,1))),$);
#7335=IFCCARTESIANPOINTLIST2D(((0.,0.),(0.75256462022662163,0.),(0.75256462022662163,0.84999997541308403),(0.,0.84999997541308403)));
#7336=IFCINDEXEDPOLYCURVE(#7337,(IFCLINEINDEX((1,2,3,4,1))),$);
#7337=IFCCARTESIANPOINTLIST2D(((0.035000000149011612,0.035000000149011612),(0.71756462007761002,0.035000000149011612),(0.71756462007761002,0.81499997526407242),(0.035000000149011612,0.81499997526407242)));
#7338=IFCAXIS2PLACEMENT3D(#7339,#7340,#7341);
#7339=IFCCARTESIANPOINT((0.02500000037252903,0.090000001713633537,0.02500000037252903));
#7340=IFCDIRECTION((0.,-1.,0.));
#7341=IFCDIRECTION((1.,0.,0.));
#7342=IFCDIRECTION((0.,0.,-1.));
#7343=IFCEXTRUDEDAREASOLID(#7344,#7347,#7351,0.01);
#7344=IFCARBITRARYCLOSEDPROFILEDEF(.AREA.,$,#7345);
#7345=IFCINDEXEDPOLYCURVE(#7346,(IFCLINEINDEX((1,2,3,4,1))),$);
#7346=IFCCARTESIANPOINTLIST2D(((0.035000000149011612,0.035000000149011612),(0.71756462007761002,0.035000000149011612),(0.71756462007761002,0.81499997526407242),(0.035000000149011612,0.81499997526407242)));
#7347=IFCAXIS2PLACEMENT3D(#7348,#7349,#7350);
#7348=IFCCARTESIANPOINT((0.02500000037252903,0.10250000178813934,0.02500000037252903));
#7349=IFCDIRECTION((0.,-1.,0.));
#7350=IFCDIRECTION((1.,0.,0.));
#7351=IFCDIRECTION((0.,0.,-1.));
#7352=IFCREPRESENTATIONMAP(#7353,#7357);
#7353=IFCAXIS2PLACEMENT3D(#7354,#7355,#7356);
#7354=IFCCARTESIANPOINT((0.,0.,0.));
#7355=IFCDIRECTION((0.,0.,1.));
#7356=IFCDIRECTION((1.,0.,0.));
#7357=IFCSHAPEREPRESENTATION(#24,'Body','Curve2D',(#7358,#7360,#7362,#7364,#7366,#7368,#7370,#7372));
#7358=IFCINDEXEDPOLYCURVE(#7359,$,$);
#7359=IFCCARTESIANPOINTLIST2D(((0.05000000074505806,0.05000000074505806),(0.75256462022662163,0.05000000074505806)));
#7360=IFCINDEXEDPOLYCURVE(#7361,(IFCLINEINDEX((1,2,3,4,5,6,1))),$);
#7361=IFCCARTESIANPOINTLIST2D(((0.,0.10000000149011612),(0.02500000037252903,0.10000000149011612),(0.02500000037252903,0.090000001713633537),(0.05000000074505806,0.090000001713633537),(0.05000000074505806,0.05000000074505806),(0.,0.05000000074505806)));
#7362=IFCINDEXEDPOLYCURVE(#7363,(IFCLINEINDEX((1,2,3,4,5,6,1))),$);
#7363=IFCCARTESIANPOINTLIST2D(((0.80256462097167969,0.10000000149011612),(0.77756462059915066,0.10000000149011612),(0.77756462059915066,0.090000001713633537),(0.75256462022662163,0.090000001713633537),(0.75256462022662163,0.05000000074505806),(0.80256462097167969,0.05000000074505806)));
#7364=IFCINDEXEDPOLYCURVE(#7365,(IFCLINEINDEX((1,2,3,4,1))),$);
#7365=IFCCARTESIANPOINTLIST2D(((0.02500000037252903,0.090000001713633537),(0.060000000521540642,0.090000001713633537),(0.060000000521540642,0.12500000186264515),(0.02500000037252903,0.12500000186264515)));
#7366=IFCINDEXEDPOLYCURVE(#7367,(IFCLINEINDEX((1,2,3,4,1))),$);
#7367=IFCCARTESIANPOINTLIST2D(((0.77756462059915066,0.090000001713633537),(0.74256462045013905,0.090000001713633537),(0.74256462045013905,0.12500000186264515),(0.77756462059915066,0.12500000186264515)));
#7368=IFCINDEXEDPOLYCURVE(#7369,$,$);
#7369=IFCCARTESIANPOINTLIST2D(((0.060000000521540642,0.090000001713633537),(0.74256462045013905,0.090000001713633537)));
#7370=IFCINDEXEDPOLYCURVE(#7371,$,$);
#7371=IFCCARTESIANPOINTLIST2D(((0.060000000521540642,0.12500000186264515),(0.74256462045013905,0.12500000186264515)));
#7372=IFCINDEXEDPOLYCURVE(#7373,$,$);
#7373=IFCCARTESIANPOINTLIST2D(((0.060000000521540642,0.10750000178813934),(0.74256462045013905,0.10750000178813934)));
#7403=IFCWINDOW('08stO5cbT2Y9YCcdtBvn2s',$,'Window',$,$,#7467,#7412,$,0.89999997615814209,0.80256462097167969,$,$,$);
#7404=IFCRELDEFINESBYTYPE('1mlrXwhbf4tPdPncC9vy4Y',$,$,$,(#7403),#7293);
#7405=IFCCARTESIANPOINT((0.,0.,0.));
#7406=IFCDIRECTION((1.,0.,0.));
#7407=IFCDIRECTION((0.,1.,0.));
#7408=IFCDIRECTION((0.,0.,1.));
#7409=IFCCARTESIANTRANSFORMATIONOPERATOR3D(#7406,#7407,#7405,1.,#7408);
#7410=IFCMAPPEDITEM(#7296,#7409);
#7411=IFCSHAPEREPRESENTATION(#18,'Profile','MappedRepresentation',(#7410));
#7412=IFCPRODUCTDEFINITIONSHAPE($,$,(#7411,#7419,#7426));
#7413=IFCCARTESIANPOINT((0.,0.,0.));
#7414=IFCDIRECTION((1.,0.,0.));
#7415=IFCDIRECTION((0.,1.,0.));
#7416=IFCDIRECTION((0.,0.,1.));
#7417=IFCCARTESIANTRANSFORMATIONOPERATOR3D(#7414,#7415,#7413,1.,#7416);
#7418=IFCMAPPEDITEM(#7304,#7417);
#7419=IFCSHAPEREPRESENTATION(#11,'Body','MappedRepresentation',(#7418));
#7420=IFCCARTESIANPOINT((0.,0.,0.));
#7421=IFCDIRECTION((1.,0.,0.));
#7422=IFCDIRECTION((0.,1.,0.));
#7423=IFCDIRECTION((0.,0.,1.));
#7424=IFCCARTESIANTRANSFORMATIONOPERATOR3D(#7421,#7422,#7420,1.,#7423);
#7425=IFCMAPPEDITEM(#7352,#7424);
#7426=IFCSHAPEREPRESENTATION(#24,'Body','MappedRepresentation',(#7425));
#7427=IFCOPENINGELEMENT('1LDuK3ajjEnQhFAKTX3zDZ',$,'Opening',$,$,#7982,#7455,$,.OPENING.);
#7433=IFCCARTESIANPOINTLIST2D(((0.,0.),(0.80256462097167969,0.),(0.80256462097167969,0.89999997615814209),(0.,0.89999997615814209)));
#7434=IFCINDEXEDPOLYCURVE(#7433,(IFCLINEINDEX((1,2,3,4,1))),$);
#7435=IFCARBITRARYCLOSEDPROFILEDEF(.AREA.,$,#7434);
#7436=IFCCARTESIANPOINT((0.,-0.60000002384185791,0.));
#7437=IFCDIRECTION((0.,-1.,0.));
#7438=IFCDIRECTION((1.,0.,0.));
#7439=IFCAXIS2PLACEMENT3D(#7436,#7437,#7438);
#7440=IFCDIRECTION((0.,0.,-1.));
#7441=IFCEXTRUDEDAREASOLID(#7435,#7439,#7440,1.2);
#7442=IFCSHAPEREPRESENTATION(#11,'Body','SweptSolid',(#7441));
#7443=IFCCARTESIANPOINT((0.,0.,0.));
#7444=IFCDIRECTION((1.,0.,0.));
#7445=IFCDIRECTION((0.,0.,1.));
#7446=IFCAXIS2PLACEMENT3D(#7443,#7445,#7444);
#7447=IFCREPRESENTATIONMAP(#7446,#7442);
#7448=IFCCARTESIANPOINT((0.,0.,0.));
#7449=IFCDIRECTION((1.,0.,0.));
#7450=IFCDIRECTION((0.,1.,0.));
#7451=IFCDIRECTION((0.,0.,1.));
#7452=IFCCARTESIANTRANSFORMATIONOPERATOR3D(#7449,#7450,#7448,1.,#7451);
#7453=IFCMAPPEDITEM(#7447,#7452);
#7454=IFCSHAPEREPRESENTATION(#11,'Body','MappedRepresentation',(#7453));
#7455=IFCPRODUCTDEFINITIONSHAPE($,$,(#7454));
#7456=IFCRELVOIDSELEMENT('1zfYFcaPD6xxEnete649Et',$,$,$,#1133,#7427);
#7462=IFCRELFILLSELEMENT('1FYJgL_UX1eO_VLxRtSASX',$,$,$,#7427,#7403);
#7463=IFCCARTESIANPOINT((4.3715031594615539E-16,0.,0.));
#7464=IFCDIRECTION((0.,0.,1.));
#7465=IFCDIRECTION((0.99999999999999989,2.1684043449710089E-19,0.));
#7466=IFCAXIS2PLACEMENT3D(#7463,#7464,#7465);
#7467=IFCLOCALPLACEMENT(#7982,#7466);
#7468=IFCWINDOW('0126SvQ1DBVuBecLzP4tt9',$,'Window',$,$,#7591,#7476,$,0.89999997615814209,0.59200000762939453,$,$,$);
#7469=IFCCARTESIANPOINT((0.,0.,0.));
#7470=IFCDIRECTION((1.,0.,0.));
#7471=IFCDIRECTION((0.,1.,0.));
#7472=IFCDIRECTION((0.,0.,1.));
#7473=IFCCARTESIANTRANSFORMATIONOPERATOR3D(#7470,#7471,#7469,1.,#7472);
#7474=IFCMAPPEDITEM(#6238,#7473);
#7475=IFCSHAPEREPRESENTATION(#18,'Profile','MappedRepresentation',(#7474));
#7476=IFCPRODUCTDEFINITIONSHAPE($,$,(#7475,#7483,#7490));
#7477=IFCCARTESIANPOINT((0.,0.,0.));
#7478=IFCDIRECTION((1.,0.,0.));
#7479=IFCDIRECTION((0.,1.,0.));
#7480=IFCDIRECTION((0.,0.,1.));
#7481=IFCCARTESIANTRANSFORMATIONOPERATOR3D(#7478,#7479,#7477,1.,#7480);
#7482=IFCMAPPEDITEM(#6246,#7481);
#7483=IFCSHAPEREPRESENTATION(#11,'Body','MappedRepresentation',(#7482));
#7484=IFCCARTESIANPOINT((0.,0.,0.));
#7485=IFCDIRECTION((1.,0.,0.));
#7486=IFCDIRECTION((0.,1.,0.));
#7487=IFCDIRECTION((0.,0.,1.));
#7488=IFCCARTESIANTRANSFORMATIONOPERATOR3D(#7485,#7486,#7484,1.,#7487);
#7489=IFCMAPPEDITEM(#6294,#7488);
#7490=IFCSHAPEREPRESENTATION(#24,'Body','MappedRepresentation',(#7489));
#7491=IFCOPENINGELEMENT('1KYj3xoOz1ZA3rWODpBTX5',$,'Opening',$,$,#7586,#7504,$,.OPENING.);
#7497=IFCCARTESIANPOINT((0.,0.,0.));
#7498=IFCDIRECTION((1.,0.,0.));
#7499=IFCDIRECTION((0.,1.,0.));
#7500=IFCDIRECTION((0.,0.,1.));
#7501=IFCCARTESIANTRANSFORMATIONOPERATOR3D(#7498,#7499,#7497,1.,#7500);
#7502=IFCMAPPEDITEM(#6361,#7501);
#7503=IFCSHAPEREPRESENTATION(#11,'Body','MappedRepresentation',(#7502));
#7504=IFCPRODUCTDEFINITIONSHAPE($,$,(#7503));
#7505=IFCRELVOIDSELEMENT('1eTxPBYrf0hQ7KARJL45ls',$,$,$,#278,#7491);
#7511=IFCRELFILLSELEMENT('38h3Lj2NL1gvz6gMDTPFd9',$,$,$,#7491,#7468);
#7517=IFCWINDOW('1uflHCuL12qwhXERycIe3u',$,'Window',$,$,#7544,#7525,$,0.89999997615814209,0.59200000762939453,$,$,$);
#7518=IFCCARTESIANPOINT((0.,0.,0.));
#7519=IFCDIRECTION((1.,0.,0.));
#7520=IFCDIRECTION((0.,1.,0.));
#7521=IFCDIRECTION((0.,0.,1.));
#7522=IFCCARTESIANTRANSFORMATIONOPERATOR3D(#7519,#7520,#7518,1.,#7521);
#7523=IFCMAPPEDITEM(#6238,#7522);
#7524=IFCSHAPEREPRESENTATION(#18,'Profile','MappedRepresentation',(#7523));
#7525=IFCPRODUCTDEFINITIONSHAPE($,$,(#7524,#7532,#7539));
#7526=IFCCARTESIANPOINT((0.,0.,0.));
#7527=IFCDIRECTION((1.,0.,0.));
#7528=IFCDIRECTION((0.,1.,0.));
#7529=IFCDIRECTION((0.,0.,1.));
#7530=IFCCARTESIANTRANSFORMATIONOPERATOR3D(#7527,#7528,#7526,1.,#7529);
#7531=IFCMAPPEDITEM(#6246,#7530);
#7532=IFCSHAPEREPRESENTATION(#11,'Body','MappedRepresentation',(#7531));
#7533=IFCCARTESIANPOINT((0.,0.,0.));
#7534=IFCDIRECTION((1.,0.,0.));
#7535=IFCDIRECTION((0.,1.,0.));
#7536=IFCDIRECTION((0.,0.,1.));
#7537=IFCCARTESIANTRANSFORMATIONOPERATOR3D(#7534,#7535,#7533,1.,#7536);
#7538=IFCMAPPEDITEM(#6294,#7537);
#7539=IFCSHAPEREPRESENTATION(#24,'Body','MappedRepresentation',(#7538));
#7540=IFCCARTESIANPOINT((-163.94798278808594,-131.11656188964844,0.));
#7541=IFCDIRECTION((0.,0.,1.));
#7542=IFCDIRECTION((1.,0.,0.));
#7543=IFCAXIS2PLACEMENT3D(#7540,#7541,#7542);
#7544=IFCLOCALPLACEMENT(#79,#7543);
#7582=IFCCARTESIANPOINT((2.1909261743293413,0.099999360740184784,1.));
#7583=IFCDIRECTION((0.,0.,1.));
#7584=IFCDIRECTION((-0.99999999999992428,3.8941436741876494E-07,0.));
#7585=IFCAXIS2PLACEMENT3D(#7582,#7583,#7584);
#7586=IFCLOCALPLACEMENT(#560,#7585);
#7587=IFCCARTESIANPOINT((1.4212588757678133,0.13000007185310611,0.));
#7588=IFCDIRECTION((0.,0.,1.));
#7589=IFCDIRECTION((-0.99999999999998845,-1.5099578831721615E-07,0.));
#7590=IFCAXIS2PLACEMENT3D(#7587,#7588,#7589);
#7591=IFCLOCALPLACEMENT(#7586,#7590);
#7625=IFCCARTESIANPOINTLIST2D(((0.,0.),(0.66945379972457886,0.),(0.66945379972457886,0.89999997615814209),(0.,0.89999997615814209)));
#7626=IFCINDEXEDPOLYCURVE(#7625,(IFCLINEINDEX((1,2,3,4,1))),$);
#7627=IFCCARTESIANPOINTLIST2D(((0.05000000074505806,0.05000000074505806),(0.64445379935204983,0.05000000074505806),(0.64445379935204983,0.84999997541308403),(0.05000000074505806,0.84999997541308403)));
#7628=IFCINDEXEDPOLYCURVE(#7627,(IFCLINEINDEX((1,2,3,4,1))),$);
#7629=IFCARBITRARYPROFILEDEFWITHVOIDS(.AREA.,$,#7626,(#7628));
#7630=IFCCARTESIANPOINT((0.,0.,0.));
#7631=IFCDIRECTION((0.,-1.,0.));
#7632=IFCDIRECTION((1.,0.,0.));
#7633=IFCAXIS2PLACEMENT3D(#7630,#7631,#7632);
#7634=IFCDIRECTION((0.,0.,-1.));
#7635=IFCEXTRUDEDAREASOLID(#7629,#7633,#7634,0.05000000074505806);
#7636=IFCCARTESIANPOINTLIST2D(((0.,0.),(0.64445379935204983,0.),(0.64445379935204983,0.84999997541308403),(0.,0.84999997541308403)));
#7637=IFCINDEXEDPOLYCURVE(#7636,(IFCLINEINDEX((1,2,3,4,1))),$);
#7638=IFCCARTESIANPOINTLIST2D(((0.035000000149011612,0.035000000149011612),(0.60945379920303822,0.035000000149011612),(0.60945379920303822,0.81499997526407242),(0.035000000149011612,0.81499997526407242)));
#7639=IFCINDEXEDPOLYCURVE(#7638,(IFCLINEINDEX((1,2,3,4,1))),$);
#7640=IFCARBITRARYPROFILEDEFWITHVOIDS(.AREA.,$,#7637,(#7639));
#7641=IFCWALL('2etorrE019I97psm07vbFz',$,'Wall',$,$,#8015,#7647,$,$);
#7642=IFCMATERIALLAYERSETUSAGE(#82,.AXIS2.,.POSITIVE.,0.,$);
#7643=IFCRELASSOCIATESMATERIAL('0ROEHIcTjECfxIhM$bIruF',$,$,$,(#7641),#7642);
#7647=IFCPRODUCTDEFINITIONSHAPE($,$,(#7678,#7675));
#7663=IFCPROPERTYSET('3hEFcKeGv67B5bt9fsPwSp',$,'EPset_Parametric',$,(#7665));
#7664=IFCRELDEFINESBYPROPERTIES('0Al$9f95D0P9M$biNTjrtM',$,$,$,(#7641),#7663);
#7665=IFCPROPERTYSINGLEVALUE('Engine',$,IFCLABEL('Bonsai.DumbLayer2'),$);
#7666=IFCCARTESIANPOINTLIST2D(((0.,0.),(0.,0.10000000000000001),(2.7511092294489026,0.10000000000000001),(2.7511092294489026,0.)));
#7667=IFCINDEXEDPOLYCURVE(#7666,(IFCLINEINDEX((1,2,3,4,1))),$);
#7668=IFCARBITRARYCLOSEDPROFILEDEF(.AREA.,$,#7667);
#7669=IFCCARTESIANPOINT((0.,0.,0.));
#7670=IFCDIRECTION((0.,0.,1.));
#7671=IFCDIRECTION((1.,0.,0.));
#7672=IFCAXIS2PLACEMENT3D(#7669,#7670,#7671);
#7673=IFCDIRECTION((0.,0.,1.));
#7674=IFCEXTRUDEDAREASOLID(#7668,#7672,#7673,3.);
#7675=IFCSHAPEREPRESENTATION(#11,'Body','SweptSolid',(#7674));
#7676=IFCCARTESIANPOINTLIST2D(((0.,0.),(2.7511092294489026,0.)));
#7677=IFCINDEXEDPOLYCURVE(#7676,$,$);
#7678=IFCSHAPEREPRESENTATION(#23,'Axis','Curve2D',(#7677));
#7679=IFCWINDOW('2EsEqzZFH6OfcfJSD94MSN',$,'Window',$,$,#8138,#7687,$,0.89999997615814209,0.59200000762939453,$,.DOUBLE_PANEL_VERTICAL.,$);
#7680=IFCCARTESIANPOINT((0.,0.,0.));
#7681=IFCDIRECTION((1.,0.,0.));
#7682=IFCDIRECTION((0.,1.,0.));
#7683=IFCDIRECTION((0.,0.,1.));
#7684=IFCCARTESIANTRANSFORMATIONOPERATOR3D(#7681,#7682,#7680,1.,#7683);
#7685=IFCMAPPEDITEM(#6238,#7684);
#7686=IFCSHAPEREPRESENTATION(#18,'Profile','MappedRepresentation',(#7685));
#7687=IFCPRODUCTDEFINITIONSHAPE($,$,(#7686,#7694,#7701));
#7688=IFCCARTESIANPOINT((0.,0.,0.));
#7689=IFCDIRECTION((1.,0.,0.));
#7690=IFCDIRECTION((0.,1.,0.));
#7691=IFCDIRECTION((0.,0.,1.));
#7692=IFCCARTESIANTRANSFORMATIONOPERATOR3D(#7689,#7690,#7688,1.,#7691);
#7693=IFCMAPPEDITEM(#6246,#7692);
#7694=IFCSHAPEREPRESENTATION(#11,'Body','MappedRepresentation',(#7693));
#7695=IFCCARTESIANPOINT((0.,0.,0.));
#7696=IFCDIRECTION((1.,0.,0.));
#7697=IFCDIRECTION((0.,1.,0.));
#7698=IFCDIRECTION((0.,0.,1.));
#7699=IFCCARTESIANTRANSFORMATIONOPERATOR3D(#7696,#7697,#7695,1.,#7698);
#7700=IFCMAPPEDITEM(#6294,#7699);
#7701=IFCSHAPEREPRESENTATION(#24,'Body','MappedRepresentation',(#7700));
#7702=IFCOPENINGELEMENT('0TafZwKVT1NfdCSWhxVLu_',$,'Opening',$,$,#7860,#7715,$,.OPENING.);
#7708=IFCCARTESIANPOINT((0.,0.,0.));
#7709=IFCDIRECTION((1.,0.,0.));
#7710=IFCDIRECTION((0.,1.,0.));
#7711=IFCDIRECTION((0.,0.,1.));
#7712=IFCCARTESIANTRANSFORMATIONOPERATOR3D(#7709,#7710,#7708,1.,#7711);
#7713=IFCMAPPEDITEM(#6361,#7712);
#7714=IFCSHAPEREPRESENTATION(#11,'Body','MappedRepresentation',(#7713));
#7715=IFCPRODUCTDEFINITIONSHAPE($,$,(#7714));
#7716=IFCRELVOIDSELEMENT('2ViPGXPRf6PxdiIezQZIB4',$,$,$,#7641,#7702);
#7722=IFCRELFILLSELEMENT('2o6ucbnDn9tfmVs$m4VUwZ',$,$,$,#7702,#7679);
#7728=IFCCARTESIANPOINTLIST3D(((0.,0.,0.),(0.59200000762939453,0.,0.),(0.59200000762939453,0.,0.89999997615814209),(0.,0.,0.89999997615814209)));
#7729=IFCINDEXEDPOLYCURVE(#7728,(IFCLINEINDEX((1,2,3,4,1))),$);
#7730=IFCSHAPEREPRESENTATION(#18,'Profile','Curve3D',(#7729));
#7731=IFCCARTESIANPOINTLIST2D(((1.0458003282546997,0.),(0.,0.),(0.,0.89999997615814209),(1.0458003282546997,0.89999997615814209),(1.0458003282546997,0.87499997578561306),(0.02500000037252903,0.87499997578561306),(0.02500000037252903,0.02500000037252903),(1.0458003282546997,0.02500000037252903)));
#7732=IFCINDEXEDPOLYCURVE(#7731,(IFCLINEINDEX((1,2,3,4,5,6,7,8,1))),$);
#7733=IFCARBITRARYCLOSEDPROFILEDEF(.AREA.,$,#7732);
#7734=IFCCARTESIANPOINT((0.,0.090000001713633537,0.));
#7735=IFCDIRECTION((0.,-1.,0.));
#7736=IFCDIRECTION((1.,0.,0.));
#7737=IFCAXIS2PLACEMENT3D(#7734,#7735,#7736);
#7738=IFCDIRECTION((0.,0.,-1.));
#7739=IFCEXTRUDEDAREASOLID(#7733,#7737,#7738,0.0099999997764825821);
#7740=IFCCARTESIANPOINTLIST2D(((0.,0.),(1.0458003282546997,0.),(1.0458003282546997,0.89999997615814209),(0.,0.89999997615814209)));
#7741=IFCINDEXEDPOLYCURVE(#7740,(IFCLINEINDEX((1,2,3,4,1))),$);
#7742=IFCCARTESIANPOINTLIST2D(((0.05000000074505806,0.05000000074505806),(1.0208003278821707,0.05000000074505806),(1.0208003278821707,0.84999997541308403),(0.05000000074505806,0.84999997541308403)));
#7743=IFCINDEXEDPOLYCURVE(#7742,(IFCLINEINDEX((1,2,3,4,1))),$);
#7744=IFCARBITRARYPROFILEDEFWITHVOIDS(.AREA.,$,#7741,(#7743));
#7745=IFCCARTESIANPOINT((0.,0.05000000074505806,0.));
#7746=IFCDIRECTION((0.,-1.,0.));
#7747=IFCDIRECTION((1.,0.,0.));
#7748=IFCAXIS2PLACEMENT3D(#7745,#7746,#7747);
#7749=IFCDIRECTION((0.,0.,-1.));
#7750=IFCEXTRUDEDAREASOLID(#7744,#7748,#7749,0.040000000968575478);
#7751=IFCCARTESIANPOINTLIST2D(((0.,0.),(1.0208003278821707,0.),(1.0208003278821707,0.84999997541308403),(0.,0.84999997541308403)));
#7752=IFCINDEXEDPOLYCURVE(#7751,(IFCLINEINDEX((1,2,3,4,1))),$);
#7753=IFCCARTESIANPOINTLIST2D(((0.035000000149011612,0.035000000149011612),(0.98580032773315907,0.035000000149011612),(0.98580032773315907,0.81499997526407242),(0.035000000149011612,0.81499997526407242)));
#7754=IFCINDEXEDPOLYCURVE(#7753,(IFCLINEINDEX((1,2,3,4,1))),$);
#7755=IFCARBITRARYPROFILEDEFWITHVOIDS(.AREA.,$,#7752,(#7754));
#7756=IFCCARTESIANPOINT((0.02500000037252903,0.090000001713633537,0.02500000037252903));
#7757=IFCDIRECTION((0.,-1.,0.));
#7758=IFCDIRECTION((1.,0.,0.));
#7759=IFCAXIS2PLACEMENT3D(#7756,#7757,#7758);
#7760=IFCDIRECTION((0.,0.,-1.));
#7761=IFCEXTRUDEDAREASOLID(#7755,#7759,#7760,0.035000000149011612);
#7762=IFCINDEXEDPOLYCURVE(#7763,(IFCLINEINDEX((1,2,3,4,1))),$);
#7763=IFCCARTESIANPOINTLIST2D(((0.035000000149011612,0.035000000149011612),(0.98580032773315907,0.035000000149011612),(0.98580032773315907,0.81499997526407242),(0.035000000149011612,0.81499997526407242)));
#7764=IFCARBITRARYCLOSEDPROFILEDEF(.AREA.,$,#7762);
#7765=IFCCARTESIANPOINT((0.02500000037252903,0.10250000178813934,0.02500000037252903));
#7766=IFCDIRECTION((0.,-1.,0.));
#7767=IFCDIRECTION((1.,0.,0.));
#7768=IFCAXIS2PLACEMENT3D(#7765,#7766,#7767);
#7769=IFCDIRECTION((0.,0.,-1.));
#7770=IFCEXTRUDEDAREASOLID(#7764,#7768,#7769,0.01);
#7771=IFCCARTESIANPOINTLIST2D(((0.,0.89999997615814209),(-0.45380032062530518,0.89999997615814209),(-0.45380032062530518,0.),(0.,0.),(0.,0.02500000037252903),(-0.47880032099783421,0.02500000037252903),(-0.47880032099783421,0.87499997578561306),(0.,0.87499997578561306)));
#7772=IFCINDEXEDPOLYCURVE(#7771,(IFCLINEINDEX((1,2,3,4,5,6,7,8,1))),$);
#7773=IFCARBITRARYCLOSEDPROFILEDEF(.AREA.,$,#7772);
#7774=IFCCARTESIANPOINT((1.0458003282546997,0.090000001713633537,0.));
#7775=IFCDIRECTION((0.,-1.,0.));
#7776=IFCDIRECTION((1.,0.,0.));
#7777=IFCAXIS2PLACEMENT3D(#7774,#7775,#7776);
#7778=IFCDIRECTION((0.,0.,-1.));
#7779=IFCEXTRUDEDAREASOLID(#7773,#7777,#7778,0.0099999997764825821);
#7780=IFCCARTESIANPOINTLIST2D(((0.,0.),(-0.45380032062530518,0.),(-0.45380032062530518,0.89999997615814209),(0.,0.89999997615814209)));
#7781=IFCINDEXEDPOLYCURVE(#7780,(IFCLINEINDEX((1,2,3,4,1))),$);
#7782=IFCCARTESIANPOINTLIST2D(((0.02500000037252903,0.05000000074505806),(-0.50380032137036324,0.05000000074505806),(-0.50380032137036324,0.84999997541308403),(0.02500000037252903,0.84999997541308403)));
#7783=IFCINDEXEDPOLYCURVE(#7782,(IFCLINEINDEX((1,2,3,4,1))),$);
#7784=IFCARBITRARYPROFILEDEFWITHVOIDS(.AREA.,$,#7781,(#7783));
#7785=IFCCARTESIANPOINT((1.0458003282546997,0.05000000074505806,0.));
#7786=IFCDIRECTION((0.,-1.,0.));
#7787=IFCDIRECTION((1.,0.,0.));
#7788=IFCAXIS2PLACEMENT3D(#7785,#7786,#7787);
#7789=IFCDIRECTION((0.,0.,-1.));
#7790=IFCEXTRUDEDAREASOLID(#7784,#7788,#7789,0.040000000968575478);
#7791=IFCCARTESIANPOINTLIST2D(((0.,0.),(-0.47880032099783421,0.),(-0.47880032099783421,0.84999997541308403),(0.,0.84999997541308403)));
#7792=IFCINDEXEDPOLYCURVE(#7791,(IFCLINEINDEX((1,2,3,4,1))),$);
#7793=IFCCARTESIANPOINTLIST2D(((0.014680061489343643,0.014680061489343643),(-0.49348038248717785,0.014680061489343643),(-0.49348038248717785,0.83531991392374039),(0.014680061489343643,0.83531991392374039)));
#7794=IFCINDEXEDPOLYCURVE(#7793,(IFCLINEINDEX((1,2,3,4,1))),$);
#7795=IFCARBITRARYPROFILEDEFWITHVOIDS(.AREA.,$,#7792,(#7794));
#7796=IFCCARTESIANPOINT((1.0458003282546997,0.090000001713633537,0.02500000037252903));
#7797=IFCDIRECTION((0.,-1.,0.));
#7798=IFCDIRECTION((1.,0.,0.));
#7799=IFCAXIS2PLACEMENT3D(#7796,#7797,#7798);
#7800=IFCDIRECTION((0.,0.,-1.));
#7801=IFCEXTRUDEDAREASOLID(#7795,#7799,#7800,0.035000000149011612);
#7802=IFCINDEXEDPOLYCURVE(#7803,(IFCLINEINDEX((1,2,3,4,1))),$);
#7803=IFCCARTESIANPOINTLIST2D(((0.014680061489343643,0.014680061489343643),(-0.49348038248717785,0.014680061489343643),(-0.49348038248717785,0.83531991392374039),(0.014680061489343643,0.83531991392374039)));
#7804=IFCARBITRARYCLOSEDPROFILEDEF(.AREA.,$,#7802);
#7805=IFCCARTESIANPOINT((1.0458003282546997,0.10250000178813934,0.02500000037252903));
#7806=IFCDIRECTION((0.,-1.,0.));
#7807=IFCDIRECTION((1.,0.,0.));
#7808=IFCAXIS2PLACEMENT3D(#7805,#7806,#7807);
#7809=IFCDIRECTION((0.,0.,-1.));
#7810=IFCEXTRUDEDAREASOLID(#7804,#7808,#7809,0.01);
#7811=IFCSHAPEREPRESENTATION(#11,'Body','SweptSolid',(#7739,#7750,#7761,#7770,#7779,#7790,#7801,#7810));
#7812=IFCSHAPEREPRESENTATION(#11,'Body','SweptSolid',(#7739,#7750,#7779,#7790));
#7813=IFCSHAPEASPECT((#7812),'Lining',$,.T.,#7687);
#7814=IFCSHAPEREPRESENTATION(#11,'Body','SweptSolid',(#7761,#7801));
#7815=IFCSHAPEASPECT((#7814),'Framing',$,.T.,#7687);
#7816=IFCSHAPEREPRESENTATION(#11,'Body','SweptSolid',(#7770,#7810));
#7817=IFCSHAPEASPECT((#7816),'Glazing',$,.T.,#7687);
#7818=IFCCARTESIANPOINTLIST2D(((0.05000000074505806,0.05000000074505806),(1.0208003278821707,0.05000000074505806)));
#7819=IFCINDEXEDPOLYCURVE(#7818,$,$);
#7820=IFCCARTESIANPOINTLIST2D(((0.,0.10000000149011612),(0.02500000037252903,0.10000000149011612),(0.02500000037252903,0.090000001713633537),(0.05000000074505806,0.090000001713633537),(0.05000000074505806,0.05000000074505806),(0.,0.05000000074505806)));
#7821=IFCINDEXEDPOLYCURVE(#7820,(IFCLINEINDEX((1,2,3,4,5,6,1))),$);
#7822=IFCCARTESIANPOINTLIST2D(((1.0458003282546997,0.10000000149011612),(1.0458003282546997,0.10000000149011612),(1.0458003282546997,0.090000001713633537),(1.0208003278821707,0.090000001713633537),(1.0208003278821707,0.05000000074505806),(1.0458003282546997,0.05000000074505806)));
#7823=IFCINDEXEDPOLYCURVE(#7822,$,$);
#7824=IFCCARTESIANPOINTLIST2D(((0.02500000037252903,0.090000001713633537),(0.060000000521540642,0.090000001713633537),(0.060000000521540642,0.12500000186264515),(0.02500000037252903,0.12500000186264515)));
#7825=IFCINDEXEDPOLYCURVE(#7824,(IFCLINEINDEX((1,2,3,4,1))),$);
#7826=IFCINDEXEDPOLYCURVE(#7827,(IFCLINEINDEX((1,2,3,4,1))),$);
#7827=IFCCARTESIANPOINTLIST2D(((1.0458003282546997,0.090000001713633537),(1.0108003281056881,0.090000001713633537),(1.0108003281056881,0.12500000186264515),(1.0458003282546997,0.12500000186264515)));
#7828=IFCCARTESIANPOINTLIST2D(((0.060000000521540642,0.090000001713633537),(1.0108003281056881,0.090000001713633537)));
#7829=IFCINDEXEDPOLYCURVE(#7828,$,$);
#7830=IFCINDEXEDPOLYCURVE(#7831,$,$);
#7831=IFCCARTESIANPOINTLIST2D(((0.060000000521540642,0.12500000186264515),(1.0108003281056881,0.12500000186264515)));
#7832=IFCINDEXEDPOLYCURVE(#7833,$,$);
#7833=IFCCARTESIANPOINTLIST2D(((0.060000000521540642,0.10750000178813934),(1.0108003281056881,0.10750000178813934)));
#7834=IFCCARTESIANPOINTLIST2D(((1.0708003286272287,0.05000000074505806),(0.54200000688433647,0.05000000074505806)));
#7835=IFCINDEXEDPOLYCURVE(#7834,$,$);
#7836=IFCCARTESIANPOINTLIST2D(((1.0458003282546997,0.10000000149011612),(1.0458003282546997,0.10000000149011612),(1.0458003282546997,0.090000001713633537),(1.0708003286272287,0.090000001713633537),(1.0708003286272287,0.05000000074505806),(1.0458003282546997,0.05000000074505806)));
#7837=IFCINDEXEDPOLYCURVE(#7836,$,$);
#7838=IFCCARTESIANPOINTLIST2D(((0.59200000762939453,0.10000000149011612),(0.5670000072568655,0.10000000149011612),(0.5670000072568655,0.090000001713633537),(0.54200000688433647,0.090000001713633537),(0.54200000688433647,0.05000000074505806),(0.59200000762939453,0.05000000074505806)));
#7839=IFCINDEXEDPOLYCURVE(#7838,(IFCLINEINDEX((1,2,3,4,5,6,1))),$);
#7840=IFCCARTESIANPOINTLIST2D(((1.0458003282546997,0.090000001713633537),(1.0604803897440434,0.090000001713633537),(1.0604803897440434,0.12500000186264515),(1.0458003282546997,0.12500000186264515)));
#7841=IFCINDEXEDPOLYCURVE(#7840,(IFCLINEINDEX((1,2,3,4,1))),$);
#7842=IFCINDEXEDPOLYCURVE(#7843,(IFCLINEINDEX((1,2,3,4,1))),$);
#7843=IFCCARTESIANPOINTLIST2D(((0.5670000072568655,0.090000001713633537),(0.55231994576752186,0.090000001713633537),(0.55231994576752186,0.12500000186264515),(0.5670000072568655,0.12500000186264515)));
#7844=IFCCARTESIANPOINTLIST2D(((1.0604803897440434,0.090000001713633537),(0.55231994576752186,0.090000001713633537)));
#7845=IFCINDEXEDPOLYCURVE(#7844,$,$);
#7846=IFCINDEXEDPOLYCURVE(#7847,$,$);
#7847=IFCCARTESIANPOINTLIST2D(((1.0604803897440434,0.12500000186264515),(0.55231994576752186,0.12500000186264515)));
#7848=IFCINDEXEDPOLYCURVE(#7849,$,$);
#7849=IFCCARTESIANPOINTLIST2D(((1.0604803897440434,0.10750000178813934),(0.55231994576752186,0.10750000178813934)));
#7850=IFCSHAPEREPRESENTATION(#24,'Body','Curve2D',(#7819,#7821,#7823,#7825,#7826,#7829,#7830,#7832,#7835,#7837,#7839,#7841,#7842,#7845,#7846,#7848));
#7856=IFCCARTESIANPOINT((0.78920123491144323,2.5420439291740093E-07,1.));
#7857=IFCDIRECTION((0.,0.,1.));
#7858=IFCDIRECTION((0.99999999999997158,-2.3841855031859691E-07,0.));
#7859=IFCAXIS2PLACEMENT3D(#7856,#7857,#7858);
#7860=IFCLOCALPLACEMENT(#8015,#7859);
#7866=IFCWALL('13KvbMhgb1evrrPACMkT9a',$,'Wall',$,$,#8020,#7872,$,$);
#7867=IFCMATERIALLAYERSETUSAGE(#82,.AXIS2.,.POSITIVE.,0.,$);
#7868=IFCRELASSOCIATESMATERIAL('2_8Ge5NX50iBVZ3Dbcp9Q4',$,$,$,(#7866),#7867);
#7872=IFCPRODUCTDEFINITIONSHAPE($,$,(#7995,#7992));
#7888=IFCPROPERTYSET('0MBFKwmmj6Bgy43$3z4FIf',$,'EPset_Parametric',$,(#7890));
#7889=IFCRELDEFINESBYPROPERTIES('2Yi4QuZ_P8MvnG8HJwmYHY',$,$,$,(#7866),#7888);
#7890=IFCPROPERTYSINGLEVALUE('Engine',$,IFCLABEL('Bonsai.DumbLayer2'),$);
#7904=IFCCARTESIANPOINTLIST2D(((0.,0.),(0.,0.10000000000000001),(2.9832585768529514,0.10000000000000001),(2.8835837111987663,0.)));
#7905=IFCINDEXEDPOLYCURVE(#7904,(IFCLINEINDEX((1,2,3,4,1))),$);
#7906=IFCARBITRARYCLOSEDPROFILEDEF(.AREA.,$,#7905);
#7907=IFCCARTESIANPOINT((0.,0.,0.));
#7908=IFCDIRECTION((0.,0.,1.));
#7909=IFCDIRECTION((1.,0.,0.));
#7910=IFCAXIS2PLACEMENT3D(#7907,#7908,#7909);
#7911=IFCDIRECTION((0.,0.,1.));
#7912=IFCEXTRUDEDAREASOLID(#7906,#7910,#7911,3.);
#7913=IFCSHAPEREPRESENTATION(#11,'Body','SweptSolid',(#7912));
#7914=IFCCARTESIANPOINTLIST2D(((0.,0.),(2.8835837111987663,0.)));
#7915=IFCINDEXEDPOLYCURVE(#7914,$,$);
#7916=IFCSHAPEREPRESENTATION(#23,'Axis','Curve2D',(#7915));
#7930=IFCCARTESIANPOINTLIST2D(((0.,0.),(0.,0.10000000000000001),(2.2263135915527674,0.10000000000000001),(2.2263866982505283,0.)));
#7931=IFCINDEXEDPOLYCURVE(#7930,(IFCLINEINDEX((1,2,3,4,1))),$);
#7932=IFCARBITRARYCLOSEDPROFILEDEF(.AREA.,$,#7931);
#7933=IFCCARTESIANPOINT((0.,0.,0.));
#7934=IFCDIRECTION((0.,0.,1.));
#7935=IFCDIRECTION((1.,0.,0.));
#7936=IFCAXIS2PLACEMENT3D(#7933,#7934,#7935);
#7937=IFCDIRECTION((0.,0.,1.));
#7938=IFCEXTRUDEDAREASOLID(#7932,#7936,#7937,3.);
#7939=IFCSHAPEREPRESENTATION(#11,'Body','SweptSolid',(#7938));
#7940=IFCCARTESIANPOINTLIST2D(((0.,0.),(2.2263866982505283,0.)));
#7941=IFCINDEXEDPOLYCURVE(#7940,$,$);
#7942=IFCSHAPEREPRESENTATION(#23,'Axis','Curve2D',(#7941));
#7959=IFCRELCONNECTSPATHELEMENTS('0tYqs5lYT5b9sK$guBWwzn',$,$,$,$,#1133,#7866,(),(),.ATSTART.,.ATSTART.);
#7960=IFCCARTESIANPOINTLIST2D(((0.10000655972471183,0.),(-0.0011454204347554758,0.10000000000000001),(3.5458334666281148,0.10000000000000001),(3.5455344010310514,0.)));
#7961=IFCINDEXEDPOLYCURVE(#7960,(IFCLINEINDEX((1,2,3,4,1))),$);
#7962=IFCARBITRARYCLOSEDPROFILEDEF(.AREA.,$,#7961);
#7963=IFCCARTESIANPOINT((0.,0.,0.));
#7964=IFCDIRECTION((0.,0.,1.));
#7965=IFCDIRECTION((1.,0.,0.));
#7966=IFCAXIS2PLACEMENT3D(#7963,#7964,#7965);
#7967=IFCDIRECTION((0.,0.,1.));
#7968=IFCEXTRUDEDAREASOLID(#7962,#7966,#7967,3.);
#7969=IFCSHAPEREPRESENTATION(#11,'Body','SweptSolid',(#7968));
#7970=IFCCARTESIANPOINTLIST2D(((0.,0.),(3.5455344010310514,0.)));
#7971=IFCINDEXEDPOLYCURVE(#7970,$,$);
#7972=IFCSHAPEREPRESENTATION(#23,'Axis','Curve2D',(#7971));
#7973=IFCCARTESIANPOINT((-2.7011048781242084,4.8599475784267652,0.));
#7974=IFCDIRECTION((0.,0.,1.));
#7975=IFCDIRECTION((0.99999973300008893,0.00073075286585273238,0.));
#7976=IFCAXIS2PLACEMENT3D(#7973,#7974,#7975);
#7977=IFCLOCALPLACEMENT(#79,#7976);
#7978=IFCCARTESIANPOINT((2.6661871625696869,0.10000006705128417,1.));
#7979=IFCDIRECTION((0.,0.,1.));
#7980=IFCDIRECTION((-0.99999999999999623,8.7427880855707116E-08,0.));
#7981=IFCAXIS2PLACEMENT3D(#7978,#7979,#7980);
#7982=IFCLOCALPLACEMENT(#7977,#7981);
#7983=IFCCARTESIANPOINTLIST2D(((-0.10000655972471184,0.),(0.0011454204347554771,0.10000000000000001),(2.2743257321706243,0.10000000000000001),(2.2743257321706243,0.)));
#7984=IFCINDEXEDPOLYCURVE(#7983,(IFCLINEINDEX((1,2,3,4,1))),$);
#7985=IFCARBITRARYCLOSEDPROFILEDEF(.AREA.,$,#7984);
#7986=IFCCARTESIANPOINT((0.,0.,0.));
#7987=IFCDIRECTION((0.,0.,1.));
#7988=IFCDIRECTION((1.,0.,0.));
#7989=IFCAXIS2PLACEMENT3D(#7986,#7987,#7988);
#7990=IFCDIRECTION((0.,0.,1.));
#7991=IFCEXTRUDEDAREASOLID(#7985,#7989,#7990,3.);
#7992=IFCSHAPEREPRESENTATION(#11,'Body','SweptSolid',(#7991));
#7993=IFCCARTESIANPOINTLIST2D(((0.,0.),(2.2743257321706243,0.)));
#7994=IFCINDEXEDPOLYCURVE(#7993,$,$);
#7995=IFCSHAPEREPRESENTATION(#23,'Axis','Curve2D',(#7994));
#8001=IFCCARTESIANPOINT((0.,0.,3.));
#8002=IFCDIRECTION((0.,0.,1.));
#8003=IFCDIRECTION((1.,0.,0.));
#8004=IFCAXIS2PLACEMENT3D(#8001,#8002,#8003);
#8005=IFCLOCALPLACEMENT(#56,#8004);
#8006=IFCCARTESIANPOINT((-2.6605308055877686,2.6353471279144287,-3.));
#8007=IFCDIRECTION((0.,0.,1.));
#8008=IFCDIRECTION((0.013468411023269069,-0.99990929683872243,0.));
#8009=IFCAXIS2PLACEMENT3D(#8006,#8007,#8008);
#8010=IFCLOCALPLACEMENT(#8005,#8009);
#8011=IFCCARTESIANPOINT((-2.5245027542114258,-0.038759227842092514,-3.));
#8012=IFCDIRECTION((0.,0.,1.));
#8013=IFCDIRECTION((0.99999988009118834,-0.00048971176113204507,0.));
#8014=IFCAXIS2PLACEMENT3D(#8011,#8012,#8013);
#8015=IFCLOCALPLACEMENT(#8005,#8014);
#8016=IFCCARTESIANPOINT((-2.7011048781242084,4.8599475784267652,-3.));
#8017=IFCDIRECTION((0.,0.,1.));
#8018=IFCDIRECTION((0.012184154908115525,-0.99992577042957298,0.));
#8019=IFCAXIS2PLACEMENT3D(#8016,#8017,#8018);
#8020=IFCLOCALPLACEMENT(#8005,#8019);
#8021=IFCSLAB('03BRJRMo58HeKegIdpcH7S',$,'Slab',$,$,#8028,#8035,$,$);
#8022=IFCMATERIALLAYERSETUSAGE(#2284,.AXIS3.,.POSITIVE.,-0.10000000149011612,$);
#8023=IFCRELASSOCIATESMATERIAL('2fYObW2QHC9QEjLP1xiFPU',$,$,$,(#8021),#8022);
#8024=IFCCARTESIANPOINT((-2.6010982990264893,4.860020637512207,0.));
#8025=IFCDIRECTION((0.,0.,1.));
#8026=IFCDIRECTION((1.,0.,0.));
#8027=IFCAXIS2PLACEMENT3D(#8024,#8025,#8026);
#8028=IFCLOCALPLACEMENT(#8005,#8027);
#8029=IFCCARTESIANPOINTLIST2D(((0.,0.),(3.4455268383026123,0.0025181770324707031),(3.4491367340087891,1.5998725891113281),(6.7277040481567383,1.499873161315918),(6.8277034759521484,-7.2705106735229492),(2.8277051448822021,-7.244300365447998),(2.8277044296264648,-4.9001269340515137),(-0.023395538330078125,-4.9001264572143555),(0.,0.)));
#8030=IFCINDEXEDPOLYCURVE(#8029,$,$);
#8031=IFCDIRECTION((0.,0.,1.));
#8032=IFCARBITRARYCLOSEDPROFILEDEF(.AREA.,$,#8030);
#8033=IFCEXTRUDEDAREASOLID(#8032,#8042,#8031,0.10000000000000001);
#8034=IFCSHAPEREPRESENTATION(#11,'Body','SweptSolid',(#8033));
#8035=IFCPRODUCTDEFINITIONSHAPE($,$,(#8034));
#8036=IFCPROPERTYSET('2KEkAlv_zEhOTvqsaYnf7B',$,'EPset_Parametric',$,(#8038));
#8037=IFCRELDEFINESBYPROPERTIES('3eVpZYEmP4IhQ1xLFDegTz',$,$,$,(#8021),#8036);
#8038=IFCPROPERTYSINGLEVALUE('Engine',$,IFCLABEL('Bonsai.DumbLayer3'),$);
#8039=IFCCARTESIANPOINT((-0.,-0.,-0.10000000149011612));
#8040=IFCDIRECTION((0.,0.,1.));
#8041=IFCDIRECTION((1.,0.,0.));
#8042=IFCAXIS2PLACEMENT3D(#8039,#8040,#8041);
#8043=IFCROOFTYPE('0K16OOO9r52Oefb_4g2dF2',$,'ROOF',$,$,(#8044),(#8073,#8101),$,$,.HIP_ROOF.);
#8044=IFCPROPERTYSET('09IztUU5v8GRthUvBspd3i',$,'BBIM_Roof',$,(#8045));
#8045=IFCPROPERTYSINGLEVALUE('Data',$,IFCTEXT('{"roof_type": "HIP/GABLE ROOF", "generation_method": "ANGLE", "roof_thickness": 0.10000000149011612, "rafter_edge_angle": 1.5707963705062866, "angle": 0.1745329201221466, "percentage": 17.63269805908203, "path_data": {"edges": [[0, 1], [1, 2], [2, 3], [3, 0]], "verts": [[-5.0, -5.0, 0.0], [-5.0, 5.0, 0.0], [5.0, 5.0, 0.0], [5.0, -5.0, 0.0]]}}'),$);
#8069=IFCCARTESIANPOINT((0.,0.,0.));
#8070=IFCDIRECTION((1.,0.,0.));
#8071=IFCDIRECTION((0.,0.,1.));
#8072=IFCAXIS2PLACEMENT3D(#8069,#8071,#8070);
#8073=IFCREPRESENTATIONMAP(#8072,#8092);
#8074=IFCINDEXEDPOLYGONALFACE((3,1,2));
#8075=IFCINDEXEDPOLYGONALFACE((2,4,3));
#8076=IFCINDEXEDPOLYGONALFACE((1,3,5));
#8077=IFCINDEXEDPOLYGONALFACE((4,5,3));
#8078=IFCINDEXEDPOLYGONALFACE((6,7,8));
#8079=IFCINDEXEDPOLYGONALFACE((8,2,1));
#8080=IFCINDEXEDPOLYGONALFACE((8,1,6));
#8081=IFCINDEXEDPOLYGONALFACE((8,7,9));
#8082=IFCINDEXEDPOLYGONALFACE((2,8,9));
#8083=IFCINDEXEDPOLYGONALFACE((2,9,4));
#8084=IFCINDEXEDPOLYGONALFACE((10,7,6));
#8085=IFCINDEXEDPOLYGONALFACE((6,1,5));
#8086=IFCINDEXEDPOLYGONALFACE((6,5,10));
#8087=IFCINDEXEDPOLYGONALFACE((9,7,10));
#8088=IFCINDEXEDPOLYGONALFACE((4,9,10));
#8089=IFCINDEXEDPOLYGONALFACE((4,10,5));
#8090=IFCCARTESIANPOINTLIST3D(((-5.,-5.,0.),(5.,-5.,0.),(0.,0.,0.88163489103317261),(5.,5.,0.),(-5.,5.,0.),(-5.,-5.,-0.10154265910387039),(0.,0.,0.78009223937988281),(5.,-5.,-0.10154265910387039),(5.,5.,-0.10154265910387039),(-5.,5.,-0.10154265910387039)));
#8091=IFCPOLYGONALFACESET(#8090,.T.,(#8074,#8075,#8076,#8077,#8078,#8079,#8080,#8081,#8082,#8083,#8084,#8085,#8086,#8087,#8088,#8089),$);
#8092=IFCSHAPEREPRESENTATION(#11,'Body','Tessellation',(#8091));
#8094=IFCCARTESIANPOINT((-5.,-5.,-0.10154265910387039));
#8095=IFCBOUNDINGBOX(#8094,10.,10.,0.9831775426864624);
#8096=IFCSHAPEREPRESENTATION(#13,'Box','BoundingBox',(#8095));
#8097=IFCCARTESIANPOINT((0.,0.,0.));
#8098=IFCDIRECTION((1.,0.,0.));
#8099=IFCDIRECTION((0.,0.,1.));
#8100=IFCAXIS2PLACEMENT3D(#8097,#8099,#8098);
#8101=IFCREPRESENTATIONMAP(#8100,#8096);
#8102=IFCROOF('1XhfF3BBr0UuXz38gIO4xV',$,'Roof',$,$,#8143,#8111,$,$);
#8103=IFCRELDEFINESBYTYPE('1wYPs_sn11_BCBovgbmRfa',$,$,$,(#8102),#8043);
#8104=IFCCARTESIANPOINT((0.,0.,0.));
#8105=IFCDIRECTION((1.,0.,0.));
#8106=IFCDIRECTION((0.,1.,0.));
#8107=IFCDIRECTION((0.,0.,1.));
#8108=IFCCARTESIANTRANSFORMATIONOPERATOR3D(#8105,#8106,#8104,1.,#8107);
#8109=IFCMAPPEDITEM(#8073,#8108);
#8110=IFCSHAPEREPRESENTATION(#11,'Body','MappedRepresentation',(#8109));
#8111=IFCPRODUCTDEFINITIONSHAPE($,$,(#8110,#8118));
#8112=IFCCARTESIANPOINT((0.,0.,0.));
#8113=IFCDIRECTION((1.,0.,0.));
#8114=IFCDIRECTION((0.,1.,0.));
#8115=IFCDIRECTION((0.,0.,1.));
#8116=IFCCARTESIANTRANSFORMATIONOPERATOR3D(#8113,#8114,#8112,1.,#8115);
#8117=IFCMAPPEDITEM(#8101,#8116);
#8118=IFCSHAPEREPRESENTATION(#13,'Box','MappedRepresentation',(#8117));
#8124=IFCCARTESIANPOINT((-1.5916902914803188E-05,0.15179127371305001,0.));
#8125=IFCDIRECTION((0.,0.,1.));
#8126=IFCDIRECTION((0.99999999999999989,0.,0.));
#8127=IFCAXIS2PLACEMENT3D(#8124,#8125,#8126);
#8128=IFCLOCALPLACEMENT(#3606,#8127);
#8129=IFCCARTESIANPOINT((4.4408920985006262E-16,0.,0.));
#8130=IFCDIRECTION((0.,0.,1.));
#8131=IFCDIRECTION((1.,0.,0.));
#8132=IFCAXIS2PLACEMENT3D(#8129,#8130,#8131);
#8133=IFCLOCALPLACEMENT(#7248,#8132);
#8134=IFCCARTESIANPOINT((-6.6613381477509392E-16,-6.9388939039072284E-18,0.));
#8135=IFCDIRECTION((0.,0.,1.));
#8136=IFCDIRECTION((1.,1.0842021724855044E-19,0.));
#8137=IFCAXIS2PLACEMENT3D(#8134,#8135,#8136);
#8138=IFCLOCALPLACEMENT(#7860,#8137);
#8139=IFCCARTESIANPOINT((0.88604998588562012,2.0633206367492676,0.10154271125793457));
#8140=IFCDIRECTION((0.,0.,1.));
#8141=IFCDIRECTION((1.,0.,0.));
#8142=IFCAXIS2PLACEMENT3D(#8139,#8140,#8141);
#8143=IFCLOCALPLACEMENT(#8005,#8142);
#8144=IFCWALLTYPE('34A_Ba2E56jR0CYHz_sp7r',$,'',$,$,(#8145),$,$,$,.SOLIDWALL.);
#8145=IFCPROPERTYSET('3UwTDUh6b9ew$ZKc45dKLv',$,'EPset_Parametric',$,(#8146));
#8146=IFCPROPERTYSINGLEVALUE('LayerSetDirection',$,IFCLABEL('AXIS2'),$);
#8147=IFCRELASSOCIATESMATERIAL('2c314kYlf9exSNhTG7hp99',$,$,$,(#8144),#8148);
#8148=IFCMATERIALLAYERSET((#8149),$,$);
#8149=IFCMATERIALLAYER(#81,0.10000000000000001,$,$,$,$,$);
#8150=IFCWALL('2OKY0dDFf3VvSAVy3RUloY',$,'Wall',$,$,#8161,#8156,$,$);
#8151=IFCMATERIALLAYERSETUSAGE(#82,.AXIS2.,.POSITIVE.,0.,$);
#8152=IFCRELASSOCIATESMATERIAL('2P13XCDC50YhjlMcwKx$GC',$,$,$,(#8150),#8151);
#8156=IFCPRODUCTDEFINITIONSHAPE($,$,(#9729,#9726));
#8157=IFCCARTESIANPOINT((4.1266064643859863,6.359893798828125,0.));
#8158=IFCDIRECTION((0.,0.,1.));
#8159=IFCDIRECTION((-0.99999999999999623,8.7422776573475527E-08,0.));
#8160=IFCAXIS2PLACEMENT3D(#8157,#8158,#8159);
#8161=IFCLOCALPLACEMENT(#8005,#8160);
#8172=IFCPROPERTYSET('0rU$oE5eXC5eJ5e0MvlipZ',$,'EPset_Parametric',$,(#8174));
#8173=IFCRELDEFINESBYPROPERTIES('3yVoXkLU51kBVAs5C7Z5Of',$,$,$,(#8150),#8172);
#8174=IFCPROPERTYSINGLEVALUE('Engine',$,IFCLABEL('Bonsai.DumbLayer2'),$);
#8175=IFCWALL('1Gah2xt651rAx2QEox2zNJ',$,'Wall',$,$,#8472,#8181,$,$);
#8176=IFCMATERIALLAYERSETUSAGE(#82,.AXIS2.,.POSITIVE.,0.,$);
#8177=IFCRELASSOCIATESMATERIAL('1DgErNK6rCiAEAV5Vyw9RP',$,$,$,(#8175),#8176);
#8181=IFCPRODUCTDEFINITIONSHAPE($,$,(#8512,#8509));
#8197=IFCPROPERTYSET('02gG5SpinFBP$2c9dePaXS',$,'EPset_Parametric',$,(#8199));
#8198=IFCRELDEFINESBYPROPERTIES('3t3K99aSD7xx8fHprzxwmN',$,$,$,(#8175),#8197);
#8199=IFCPROPERTYSINGLEVALUE('Engine',$,IFCLABEL('Bonsai.DumbLayer2'),$);
#8225=IFCWALL('1toZcylVb128C$yLuFtO0r',$,'Wall',$,$,#10079,#8231,$,$);
#8226=IFCMATERIALLAYERSETUSAGE(#82,.AXIS2.,.POSITIVE.,0.,$);
#8227=IFCRELASSOCIATESMATERIAL('2tjCT7o8jFEvSKeLWbeO_Z',$,$,$,(#8225),#8226);
#8231=IFCPRODUCTDEFINITIONSHAPE($,$,(#10074,#10071));
#8247=IFCPROPERTYSET('1LvTgZ$OTAlxXW8eeTlJwO',$,'EPset_Parametric',$,(#8249));
#8248=IFCRELDEFINESBYPROPERTIES('28xHUD2mjDUOKNUCuAEcYm',$,$,$,(#8225),#8247);
#8249=IFCPROPERTYSINGLEVALUE('Engine',$,IFCLABEL('Bonsai.DumbLayer2'),$);
#8300=IFCWALL('3kM4evlW53LwkvAC5KpRd0',$,'Wall',$,$,#8627,#8306,$,$);
#8301=IFCMATERIALLAYERSETUSAGE(#82,.AXIS2.,.POSITIVE.,0.,$);
#8302=IFCRELASSOCIATESMATERIAL('07YUHeRvbA3eQkOhjjCVdg',$,$,$,(#8300),#8301);
#8306=IFCPRODUCTDEFINITIONSHAPE($,$,(#8672,#8669));
#8322=IFCPROPERTYSET('0VqUKbMazFBQHtdo2Ns6F9',$,'EPset_Parametric',$,(#8324));
#8323=IFCRELDEFINESBYPROPERTIES('3_UAuoL7XCkhsqI9eLvb2s',$,$,$,(#8300),#8322);
#8324=IFCPROPERTYSINGLEVALUE('Engine',$,IFCLABEL('Bonsai.DumbLayer2'),$);
#8468=IFCCARTESIANPOINT((0.12660646438595993,6.3598941485192313,0.));
#8469=IFCDIRECTION((0.,0.,1.));
#8470=IFCDIRECTION((7.5497901264043123E-08,-0.99999999999999722,0.));
#8471=IFCAXIS2PLACEMENT3D(#8468,#8469,#8470);
#8472=IFCLOCALPLACEMENT(#8005,#8471);
#8500=IFCCARTESIANPOINTLIST2D(((0.,0.),(0.10000001629206913,0.10000000000000001),(1.100000396182347,0.10000000000000001),(1.0000003496911094,0.)));
#8501=IFCINDEXEDPOLYCURVE(#8500,(IFCLINEINDEX((1,2,3,4,1))),$);
#8502=IFCARBITRARYCLOSEDPROFILEDEF(.AREA.,$,#8501);
#8503=IFCCARTESIANPOINT((0.,0.,0.));
#8504=IFCDIRECTION((0.,0.,1.));
#8505=IFCDIRECTION((1.,0.,0.));
#8506=IFCAXIS2PLACEMENT3D(#8503,#8504,#8505);
#8507=IFCDIRECTION((0.,0.,1.));
#8508=IFCEXTRUDEDAREASOLID(#8502,#8506,#8507,3.);
#8509=IFCSHAPEREPRESENTATION(#11,'Body','SweptSolid',(#8508));
#8510=IFCCARTESIANPOINTLIST2D(((0.,0.),(1.0000003496911094,0.)));
#8511=IFCINDEXEDPOLYCURVE(#8510,$,$);
#8512=IFCSHAPEREPRESENTATION(#23,'Axis','Curve2D',(#8511));
#8623=IFCCARTESIANPOINT((0.12660689751175624,-2.6401054859161377,0.));
#8624=IFCDIRECTION((0.,0.,1.));
#8625=IFCDIRECTION((1.,0.,0.));
#8626=IFCAXIS2PLACEMENT3D(#8623,#8624,#8625);
#8627=IFCLOCALPLACEMENT(#8005,#8626);
#8660=IFCCARTESIANPOINTLIST2D(((0.,0.),(0.10000000437113894,0.10000000000000001),(3.9000006234627222,0.10000000000000001),(4.0000000437100063,0.)));
#8661=IFCINDEXEDPOLYCURVE(#8660,(IFCLINEINDEX((1,2,3,4,1))),$);
#8662=IFCARBITRARYCLOSEDPROFILEDEF(.AREA.,$,#8661);
#8663=IFCCARTESIANPOINT((0.,0.,0.));
#8664=IFCDIRECTION((0.,0.,1.));
#8665=IFCDIRECTION((1.,0.,0.));
#8666=IFCAXIS2PLACEMENT3D(#8663,#8664,#8665);
#8667=IFCDIRECTION((0.,0.,1.));
#8668=IFCEXTRUDEDAREASOLID(#8662,#8666,#8667,3.);
#8669=IFCSHAPEREPRESENTATION(#11,'Body','SweptSolid',(#8668));
#8670=IFCCARTESIANPOINTLIST2D(((0.,0.),(4.0000000437100063,0.)));
#8671=IFCINDEXEDPOLYCURVE(#8670,$,$);
#8672=IFCSHAPEREPRESENTATION(#23,'Axis','Curve2D',(#8671));
#8673=IFCWALL('1w6zYVG5n0WRCh9RVOetuh',$,'Wall',$,$,#8684,#8679,$,$);
#8674=IFCMATERIALLAYERSETUSAGE(#82,.AXIS2.,.POSITIVE.,0.,$);
#8675=IFCRELASSOCIATESMATERIAL('0fwXl2UoTBv9PAjf3QhNEU',$,$,$,(#8673),#8674);
#8679=IFCPRODUCTDEFINITIONSHAPE($,$,(#8780,#8777));
#8680=IFCCARTESIANPOINT((4.0266518592834473,4.9503593444824219,0.));
#8681=IFCDIRECTION((0.,0.,1.));
#8682=IFCDIRECTION((-0.99999323968777687,-0.0036770339602088514,0.));
#8683=IFCAXIS2PLACEMENT3D(#8680,#8681,#8682);
#8684=IFCLOCALPLACEMENT(#8005,#8683);
#8695=IFCPROPERTYSET('3FzSQBybr69AHSgGRd0mJq',$,'EPset_Parametric',$,(#8697));
#8696=IFCRELDEFINESBYPROPERTIES('27UQOfQYjB6OwihqsYmZj_',$,$,$,(#8673),#8695);
#8697=IFCPROPERTYSINGLEVALUE('Engine',$,IFCLABEL('Bonsai.DumbLayer2'),$);
#8698=IFCWALL('0T8M$_14X74wrtgDprdpE3',$,'Wall',$,$,#8767,#8704,$,$);
#8699=IFCMATERIALLAYERSETUSAGE(#82,.AXIS2.,.POSITIVE.,0.,$);
#8700=IFCRELASSOCIATESMATERIAL('26Ug5CsMT5HeeuIM5ti7SO',$,$,$,(#8698),#8699);
#8704=IFCPRODUCTDEFINITIONSHAPE($,$,(#8762,#8759));
#8720=IFCPROPERTYSET('1l64D07BzC0B5O6swxOQos',$,'EPset_Parametric',$,(#8722));
#8721=IFCRELDEFINESBYPROPERTIES('2PqhzpIRfFPvw1cwxWfEfA',$,$,$,(#8698),#8720);
#8722=IFCPROPERTYSINGLEVALUE('Engine',$,IFCLABEL('Bonsai.DumbLayer2'),$);
#8749=IFCRELCONNECTSPATHELEMENTS('3hybv8YIT51A2Ml0vB2K3d',$,$,$,$,#8698,#8673,(),(),.ATEND.,.ATSTART.);
#8750=IFCCARTESIANPOINTLIST2D(((0.,0.),(0.099924275551738009,0.10000000000000001),(6.4760112269546335,0.10000000000000001),(6.4760112269546335,0.)));
#8751=IFCINDEXEDPOLYCURVE(#8750,(IFCLINEINDEX((1,2,3,4,1))),$);
#8752=IFCARBITRARYCLOSEDPROFILEDEF(.AREA.,$,#8751);
#8753=IFCCARTESIANPOINT((0.,0.,0.));
#8754=IFCDIRECTION((0.,0.,1.));
#8755=IFCDIRECTION((1.,0.,0.));
#8756=IFCAXIS2PLACEMENT3D(#8753,#8754,#8755);
#8757=IFCDIRECTION((0.,0.,1.));
#8758=IFCEXTRUDEDAREASOLID(#8752,#8756,#8757,3.);
#8759=IFCSHAPEREPRESENTATION(#11,'Body','SweptSolid',(#8758));
#8760=IFCCARTESIANPOINTLIST2D(((0.,0.),(6.4760112269546335,0.)));
#8761=IFCINDEXEDPOLYCURVE(#8760,$,$);
#8762=IFCSHAPEREPRESENTATION(#23,'Axis','Curve2D',(#8761));
#8763=IFCCARTESIANPOINT((0.088339931854477874,4.9358779398805535,0.));
#8764=IFCDIRECTION((0.,0.,1.));
#8765=IFCDIRECTION((0.0029195068341758565,-0.99999573823084131,0.));
#8766=IFCAXIS2PLACEMENT3D(#8763,#8764,#8765);
#8767=IFCLOCALPLACEMENT(#8005,#8766);
#8768=IFCCARTESIANPOINTLIST2D(((0.,0.),(0.,0.10000000000000001),(3.8384142762754823,0.10000000000000001),(3.9383385518272207,0.)));
#8769=IFCINDEXEDPOLYCURVE(#8768,(IFCLINEINDEX((1,2,3,4,1))),$);
#8770=IFCARBITRARYCLOSEDPROFILEDEF(.AREA.,$,#8769);
#8771=IFCCARTESIANPOINT((0.,0.,0.));
#8772=IFCDIRECTION((0.,0.,1.));
#8773=IFCDIRECTION((1.,0.,0.));
#8774=IFCAXIS2PLACEMENT3D(#8771,#8772,#8773);
#8775=IFCDIRECTION((0.,0.,1.));
#8776=IFCEXTRUDEDAREASOLID(#8770,#8774,#8775,3.);
#8777=IFCSHAPEREPRESENTATION(#11,'Body','SweptSolid',(#8776));
#8778=IFCCARTESIANPOINTLIST2D(((0.,0.),(3.9383385518272207,0.)));
#8779=IFCINDEXEDPOLYCURVE(#8778,$,$);
#8780=IFCSHAPEREPRESENTATION(#23,'Axis','Curve2D',(#8779));
#8781=IFCWALL('36kh5NftXEUAMHkyUi5Lyr',$,'Wall',$,$,#8792,#8787,$,$);
#8782=IFCMATERIALLAYERSETUSAGE(#82,.AXIS2.,.POSITIVE.,0.,$);
#8783=IFCRELASSOCIATESMATERIAL('2$dTwxpi95FfsRSlnFHf2G',$,$,$,(#8781),#8782);
#8787=IFCPRODUCTDEFINITIONSHAPE($,$,(#9990,#9987));
#8788=IFCCARTESIANPOINT((-3.2733931541442871,2.5552029609680176,0.));
#8789=IFCDIRECTION((0.,0.,1.));
#8790=IFCDIRECTION((1.,0.,0.));
#8791=IFCAXIS2PLACEMENT3D(#8788,#8789,#8790);
#8792=IFCLOCALPLACEMENT(#8005,#8791);
#8803=IFCPROPERTYSET('0vp9Y6cH58wOtRznUXhycx',$,'EPset_Parametric',$,(#8805));
#8804=IFCRELDEFINESBYPROPERTIES('3UBVkRnUj9hPdVc6l7e8e6',$,$,$,(#8781),#8803);
#8805=IFCPROPERTYSINGLEVALUE('Engine',$,IFCLABEL('Bonsai.DumbLayer2'),$);
#8819=IFCWALL('3Gw55zJCz9VuAiyAxuS37J',$,'Wall',$,$,#8830,#8825,$,$);
#8820=IFCMATERIALLAYERSETUSAGE(#82,.AXIS2.,.POSITIVE.,0.,$);
#8821=IFCRELASSOCIATESMATERIAL('25bvCFreD8ouseaMoNNs3g',$,$,$,(#8819),#8820);
#8825=IFCPRODUCTDEFINITIONSHAPE($,$,(#9947,#9944));
#8826=IFCCARTESIANPOINT((4.0266251564025879,0.45330661535263062,0.));
#8827=IFCDIRECTION((0.,0.,1.));
#8828=IFCDIRECTION((-0.99999999999998868,-1.5099580252808492E-07,0.));
#8829=IFCAXIS2PLACEMENT3D(#8826,#8827,#8828);
#8830=IFCLOCALPLACEMENT(#8005,#8829);
#8841=IFCPROPERTYSET('2umNnku6D4NOR0zo6DGogV',$,'EPset_Parametric',$,(#8843));
#8842=IFCRELDEFINESBYPROPERTIES('0JSbbfr$zC79$RGVaHBGmw',$,$,$,(#8819),#8841);
#8843=IFCPROPERTYSINGLEVALUE('Engine',$,IFCLABEL('Bonsai.DumbLayer2'),$);
#8857=IFCWALL('1HGV3kIQf8Nu1gTwUHfgCJ',$,'Wall',$,$,#8868,#8863,$,$);
#8858=IFCMATERIALLAYERSETUSAGE(#82,.AXIS2.,.POSITIVE.,0.,$);
#8859=IFCRELASSOCIATESMATERIAL('2g1weUjaz8BQxxyAPUMqAV',$,$,$,(#8857),#8858);
#8863=IFCPRODUCTDEFINITIONSHAPE($,$,(#10111,#10108));
#8864=IFCCARTESIANPOINT((4.1266064643859863,6.359893798828125,0.));
#8865=IFCDIRECTION((0.,0.,1.));
#8866=IFCDIRECTION((7.5497901264043109E-08,-0.99999999999999711,0.));
#8867=IFCAXIS2PLACEMENT3D(#8864,#8865,#8866);
#8868=IFCLOCALPLACEMENT(#8005,#8867);
#8879=IFCPROPERTYSET('0flOw5xQT0yuzD8dsZapFk',$,'EPset_Parametric',$,(#8881));
#8880=IFCRELDEFINESBYPROPERTIES('3M_ozN2Vr10f7zXYhijEdj',$,$,$,(#8857),#8879);
#8881=IFCPROPERTYSINGLEVALUE('Engine',$,IFCLABEL('Bonsai.DumbLayer2'),$);
#9073=IFCWALL('1khvlltY1EcQf6HjR5O7SO',$,'Wall',$,$,#9084,#9079,$,$);
#9074=IFCMATERIALLAYERSETUSAGE(#82,.AXIS2.,.POSITIVE.,0.,$);
#9075=IFCRELASSOCIATESMATERIAL('01w2KtL_10RhgmqV20o36g',$,$,$,(#9073),#9074);
#9079=IFCPRODUCTDEFINITIONSHAPE($,$,(#9218,#9215));
#9080=IFCCARTESIANPOINT((4.1266083717346191,-3.0819811820983887,0.));
#9081=IFCDIRECTION((0.,0.,1.));
#9082=IFCDIRECTION((-0.99999999999999623,8.7422776573475527E-08,0.));
#9083=IFCAXIS2PLACEMENT3D(#9080,#9081,#9082);
#9084=IFCLOCALPLACEMENT(#8005,#9083);
#9095=IFCPROPERTYSET('3mkl6a9xT4Vwx7q5DjDZ2O',$,'EPset_Parametric',$,(#9097));
#9096=IFCRELDEFINESBYPROPERTIES('3giXn3mdvAIPq_heoLELPu',$,$,$,(#9073),#9095);
#9097=IFCPROPERTYSINGLEVALUE('Engine',$,IFCLABEL('Bonsai.DumbLayer2'),$);
#9098=IFCWALL('0ZLLZFZf98H8eQ_znohDlc',$,'Wall',$,$,#9205,#9104,$,$);
#9099=IFCMATERIALLAYERSETUSAGE(#82,.AXIS2.,.POSITIVE.,0.,$);
#9100=IFCRELASSOCIATESMATERIAL('02fU7LfMH7GBmzY5dbLSKg',$,$,$,(#9098),#9099);
#9104=IFCPRODUCTDEFINITIONSHAPE($,$,(#9250,#9247));
#9120=IFCPROPERTYSET('2JbOpByMb4ZhePgbQIF4Hk',$,'EPset_Parametric',$,(#9122));
#9121=IFCRELDEFINESBYPROPERTIES('0t7CqiPED7Mu6tV3vkzZgV',$,$,$,(#9098),#9120);
#9122=IFCPROPERTYSINGLEVALUE('Engine',$,IFCLABEL('Bonsai.DumbLayer2'),$);
#9187=IFCRELCONNECTSPATHELEMENTS('2V428DX0P2svi57_BEPEMl',$,$,$,$,#9098,#9073,(),(),.ATEND.,.ATSTART.);
#9201=IFCCARTESIANPOINT((1.9766082693912912,-3.0819809941394105,0.));
#9202=IFCDIRECTION((0.,0.,1.));
#9203=IFCDIRECTION((-0.037088394359399993,0.99931198882223049,0.));
#9204=IFCAXIS2PLACEMENT3D(#9201,#9202,#9203);
#9205=IFCLOCALPLACEMENT(#8005,#9204);
#9206=IFCCARTESIANPOINTLIST2D(((0.,0.),(0.,0.10000000000000001),(2.2463575494842556,0.10000000000000001),(2.1500001023433368,0.)));
#9207=IFCINDEXEDPOLYCURVE(#9206,(IFCLINEINDEX((1,2,3,4,1))),$);
#9208=IFCARBITRARYCLOSEDPROFILEDEF(.AREA.,$,#9207);
#9209=IFCCARTESIANPOINT((0.,0.,0.));
#9210=IFCDIRECTION((0.,0.,1.));
#9211=IFCDIRECTION((1.,0.,0.));
#9212=IFCAXIS2PLACEMENT3D(#9209,#9210,#9211);
#9213=IFCDIRECTION((0.,0.,1.));
#9214=IFCEXTRUDEDAREASOLID(#9208,#9212,#9213,3.);
#9215=IFCSHAPEREPRESENTATION(#11,'Body','SweptSolid',(#9214));
#9216=IFCCARTESIANPOINTLIST2D(((0.,0.),(2.1500001023433368,0.)));
#9217=IFCINDEXEDPOLYCURVE(#9216,$,$);
#9218=IFCSHAPEREPRESENTATION(#23,'Axis','Curve2D',(#9217));
#9238=IFCCARTESIANPOINTLIST2D(((0.,0.),(-0.096357447140918345,0.10000000000000001),(0.90638422934082008,0.10000000000000001),(1.0063842282240019,0.)));
#9239=IFCINDEXEDPOLYCURVE(#9238,(IFCLINEINDEX((1,2,3,4,1))),$);
#9240=IFCARBITRARYCLOSEDPROFILEDEF(.AREA.,$,#9239);
#9241=IFCCARTESIANPOINT((0.,0.,0.));
#9242=IFCDIRECTION((0.,0.,1.));
#9243=IFCDIRECTION((1.,0.,0.));
#9244=IFCAXIS2PLACEMENT3D(#9241,#9242,#9243);
#9245=IFCDIRECTION((0.,0.,1.));
#9246=IFCEXTRUDEDAREASOLID(#9240,#9244,#9245,3.);
#9247=IFCSHAPEREPRESENTATION(#11,'Body','SweptSolid',(#9246));
#9248=IFCCARTESIANPOINTLIST2D(((0.,0.),(1.0063842282240019,0.)));
#9249=IFCINDEXEDPOLYCURVE(#9248,$,$);
#9250=IFCSHAPEREPRESENTATION(#23,'Axis','Curve2D',(#9249));
#9251=IFCWALL('37G16DxdH6peJl5$zk74y6',$,'Wall',$,$,#10098,#9257,$,$);
#9252=IFCMATERIALLAYERSETUSAGE(#82,.AXIS2.,.POSITIVE.,0.,$);
#9253=IFCRELASSOCIATESMATERIAL('1iORbFwCj7MP9cSTotsqzY',$,$,$,(#9251),#9252);
#9257=IFCPRODUCTDEFINITIONSHAPE($,$,(#10093,#10090));
#9273=IFCPROPERTYSET('1897UlxOv4PvXV1gPoERL$',$,'EPset_Parametric',$,(#9275));
#9274=IFCRELDEFINESBYPROPERTIES('2rOV4PpSr8sfIIo9AEtHAK',$,$,$,(#9251),#9273);
#9275=IFCPROPERTYSINGLEVALUE('Engine',$,IFCLABEL('Bonsai.DumbLayer2'),$);
#9276=IFCWALL('0rzUYuuxvFOxg3$9x1Y219',$,'Wall',$,$,#9383,#9282,$,$);
#9277=IFCMATERIALLAYERSETUSAGE(#82,.AXIS2.,.POSITIVE.,0.,$);
#9278=IFCRELASSOCIATESMATERIAL('1YL3P3o3P4xALxt$NACGBd',$,$,$,(#9276),#9277);
#9282=IFCPRODUCTDEFINITIONSHAPE($,$,(#9428,#9425));
#9298=IFCPROPERTYSET('1$8w7j969CKf7eRTWGYCrD',$,'EPset_Parametric',$,(#9300));
#9299=IFCRELDEFINESBYPROPERTIES('0UfDpWLQX2VhvtAG2FuA4t',$,$,$,(#9276),#9298);
#9300=IFCPROPERTYSINGLEVALUE('Engine',$,IFCLABEL('Bonsai.DumbLayer2'),$);
#9301=IFCWALL('1ieY5cvXf3dvHqPSlIt4_E',$,'Wall',$,$,#9415,#9307,$,$);
#9302=IFCMATERIALLAYERSETUSAGE(#82,.AXIS2.,.POSITIVE.,0.,$);
#9303=IFCRELASSOCIATESMATERIAL('2ta8a_JoH2$wuVc7yIIBc_',$,$,$,(#9301),#9302);
#9307=IFCPRODUCTDEFINITIONSHAPE($,$,(#9802,#9799));
#9323=IFCPROPERTYSET('34DSUx1rn4zw6UwRDITOjx',$,'EPset_Parametric',$,(#9325));
#9324=IFCRELDEFINESBYPROPERTIES('2zWO3xgCj2Se6oRHo82pNb',$,$,$,(#9301),#9323);
#9325=IFCPROPERTYSINGLEVALUE('Engine',$,IFCLABEL('Bonsai.DumbLayer2'),$);
#9365=IFCRELCONNECTSPATHELEMENTS('0dJtYavUnD$fr2K80$fejo',$,$,$,$,#9276,#9251,(),(),.ATEND.,.ATSTART.);
#9379=IFCCARTESIANPOINT((1.9266083242330543,-3.0581191046974756,0.));
#9380=IFCDIRECTION((0.,0.,1.));
#9381=IFCDIRECTION((0.00094707400197366397,0.99999955152531683,0.));
#9382=IFCAXIS2PLACEMENT3D(#9379,#9380,#9381);
#9383=IFCLOCALPLACEMENT(#8005,#9382);
#9397=IFCRELCONNECTSPATHELEMENTS('18Kz49iG16ewCQfRQ2_quy',$,$,$,$,#9301,#9276,(),(),.ATEND.,.ATSTART.);
#9411=IFCCARTESIANPOINT((1.927448896680666,-2.1705727578602043,0.));
#9412=IFCDIRECTION((0.,0.,1.));
#9413=IFCDIRECTION((-0.99999955213101244,0.00094643424212767014,0.));
#9414=IFCAXIS2PLACEMENT3D(#9411,#9412,#9413);
#9415=IFCLOCALPLACEMENT(#8005,#9414);
#9416=IFCCARTESIANPOINTLIST2D(((0.,0.),(-0.10009474353959499,0.10000000000000001),(0.78754668090348212,0.10000000000000001),(0.8875467448795159,0.)));
#9417=IFCINDEXEDPOLYCURVE(#9416,(IFCLINEINDEX((1,2,3,4,1))),$);
#9418=IFCARBITRARYCLOSEDPROFILEDEF(.AREA.,$,#9417);
#9419=IFCCARTESIANPOINT((0.,0.,0.));
#9420=IFCDIRECTION((0.,0.,1.));
#9421=IFCDIRECTION((1.,0.,0.));
#9422=IFCAXIS2PLACEMENT3D(#9419,#9420,#9421);
#9423=IFCDIRECTION((0.,0.,1.));
#9424=IFCEXTRUDEDAREASOLID(#9418,#9422,#9423,3.);
#9425=IFCSHAPEREPRESENTATION(#11,'Body','SweptSolid',(#9424));
#9426=IFCCARTESIANPOINTLIST2D(((0.,0.),(0.8875467448795159,0.)));
#9427=IFCINDEXEDPOLYCURVE(#9426,$,$);
#9428=IFCSHAPEREPRESENTATION(#23,'Axis','Curve2D',(#9427));
#9542=IFCWALL('3ar5H1Z0nEoPPQ$ltW$Uh1',$,'Wall',$,$,#9716,#9548,$,$);
#9543=IFCMATERIALLAYERSETUSAGE(#82,.AXIS2.,.POSITIVE.,0.,$);
#9544=IFCRELASSOCIATESMATERIAL('2eAUGM9K1Bpear9TEWczeG',$,$,$,(#9542),#9543);
#9548=IFCPRODUCTDEFINITIONSHAPE($,$,(#10003,#10000));
#9564=IFCPROPERTYSET('2iIGal3LPFEfG1jp5g36gR',$,'EPset_Parametric',$,(#9566));
#9565=IFCRELDEFINESBYPROPERTIES('0Fk1DcLlz38xJoJIG2mtm9',$,$,$,(#9542),#9564);
#9566=IFCPROPERTYSINGLEVALUE('Engine',$,IFCLABEL('Bonsai.DumbLayer2'),$);
#9580=IFCWALL('3$hAyqjt1ErP1LxjuSVJxw',$,'Wall',$,$,#9591,#9586,$,$);
#9581=IFCMATERIALLAYERSETUSAGE(#82,.AXIS2.,.POSITIVE.,0.,$);
#9582=IFCRELASSOCIATESMATERIAL('3x7la1ZSnBCRSl_zqyJ9cA',$,$,$,(#9580),#9581);
#9586=IFCPRODUCTDEFINITIONSHAPE($,$,(#9617,#9614));
#9587=IFCCARTESIANPOINT((4.211728572845459,4.9586596488952637,0.));
#9588=IFCDIRECTION((0.,0.,1.));
#9589=IFCDIRECTION((-0.99999998457756734,-0.00017562706218256295,0.));
#9590=IFCAXIS2PLACEMENT3D(#9587,#9588,#9589);
#9591=IFCLOCALPLACEMENT(#8005,#9590);
#9602=IFCPROPERTYSET('2jc1w6mavDuAn$Zsmlrbjx',$,'EPset_Parametric',$,(#9604));
#9603=IFCRELDEFINESBYPROPERTIES('3kpNDFXfzAXBmhBhUBXBeH',$,$,$,(#9580),#9602);
#9604=IFCPROPERTYSINGLEVALUE('Engine',$,IFCLABEL('Bonsai.DumbLayer2'),$);
#9605=IFCCARTESIANPOINTLIST2D(((0.,0.),(0.,0.10000000000000001),(3.9001832150732736,0.10000000000000001),(3.9001832150732736,0.)));
#9606=IFCINDEXEDPOLYCURVE(#9605,(IFCLINEINDEX((1,2,3,4,1))),$);
#9607=IFCARBITRARYCLOSEDPROFILEDEF(.AREA.,$,#9606);
#9608=IFCCARTESIANPOINT((0.,0.,0.));
#9609=IFCDIRECTION((0.,0.,1.));
#9610=IFCDIRECTION((1.,0.,0.));
#9611=IFCAXIS2PLACEMENT3D(#9608,#9609,#9610);
#9612=IFCDIRECTION((0.,0.,1.));
#9613=IFCEXTRUDEDAREASOLID(#9607,#9611,#9612,3.);
#9614=IFCSHAPEREPRESENTATION(#11,'Body','SweptSolid',(#9613));
#9615=IFCCARTESIANPOINTLIST2D(((0.,0.),(3.9001832150732736,0.)));
#9616=IFCINDEXEDPOLYCURVE(#9615,$,$);
#9617=IFCSHAPEREPRESENTATION(#23,'Axis','Curve2D',(#9616));
#9698=IFCRELCONNECTSPATHELEMENTS('0HOkz1qZDDkRXF7sjDNA2W',$,$,$,$,#9542,#8150,(),(),.ATEND.,.ATSTART.);
#9712=IFCCARTESIANPOINT((0.22660634656762083,6.3598941397769639,0.));
#9713=IFCDIRECTION((0.,0.,1.));
#9714=IFCDIRECTION((7.5497901264043123E-08,-0.99999999999999722,0.));
#9715=IFCAXIS2PLACEMENT3D(#9712,#9713,#9714);
#9716=IFCLOCALPLACEMENT(#8005,#9715);
#9717=IFCCARTESIANPOINTLIST2D(((0.,0.),(0.,0.10000000000000001),(3.8000001015263112,0.10000000000000001),(3.9000001178183803,0.)));
#9718=IFCINDEXEDPOLYCURVE(#9717,(IFCLINEINDEX((1,2,3,4,1))),$);
#9719=IFCARBITRARYCLOSEDPROFILEDEF(.AREA.,$,#9718);
#9720=IFCCARTESIANPOINT((0.,0.,0.));
#9721=IFCDIRECTION((0.,0.,1.));
#9722=IFCDIRECTION((1.,0.,0.));
#9723=IFCAXIS2PLACEMENT3D(#9720,#9721,#9722);
#9724=IFCDIRECTION((0.,0.,1.));
#9725=IFCEXTRUDEDAREASOLID(#9719,#9723,#9724,3.);
#9726=IFCSHAPEREPRESENTATION(#11,'Body','SweptSolid',(#9725));
#9727=IFCCARTESIANPOINTLIST2D(((0.,0.),(3.9000001178183803,0.)));
#9728=IFCINDEXEDPOLYCURVE(#9727,$,$);
#9729=IFCSHAPEREPRESENTATION(#23,'Axis','Curve2D',(#9728));
#9776=IFCRELCONNECTSPATHELEMENTS('0qDiCn$RbDEOnHFuA9ZdsR',$,$,$,$,#9542,#9301,(),(),.ATEND.,.ATEND.);
#9790=IFCCARTESIANPOINTLIST2D(((0.,0.),(0.10000006397603374,0.10000000000000001),(1.7007480169405154,0.10000000000000001),(1.6008426231628485,0.)));
#9791=IFCINDEXEDPOLYCURVE(#9790,(IFCLINEINDEX((1,2,3,4,1))),$);
#9792=IFCARBITRARYCLOSEDPROFILEDEF(.AREA.,$,#9791);
#9793=IFCCARTESIANPOINT((0.,0.,0.));
#9794=IFCDIRECTION((0.,0.,1.));
#9795=IFCDIRECTION((1.,0.,0.));
#9796=IFCAXIS2PLACEMENT3D(#9793,#9794,#9795);
#9797=IFCDIRECTION((0.,0.,1.));
#9798=IFCEXTRUDEDAREASOLID(#9792,#9796,#9797,3.);
#9799=IFCSHAPEREPRESENTATION(#11,'Body','SweptSolid',(#9798));
#9800=IFCCARTESIANPOINTLIST2D(((0.,0.),(1.7008426679569129,0.)));
#9801=IFCINDEXEDPOLYCURVE(#9800,$,$);
#9802=IFCSHAPEREPRESENTATION(#23,'Axis','Curve2D',(#9801));
#9835=IFCWALL('2rG3iZGCzEOg_DxToyzHcT',$,'Wall',$,$,#9904,#9841,$,$);
#9836=IFCMATERIALLAYERSETUSAGE(#82,.AXIS2.,.POSITIVE.,0.,$);
#9837=IFCRELASSOCIATESMATERIAL('0_cmZ2IRrFthR2dYDH5w4K',$,$,$,(#9835),#9836);
#9841=IFCPRODUCTDEFINITIONSHAPE($,$,(#9899,#9896));
#9857=IFCPROPERTYSET('3UolN5hOLBxeX9kHPgt4Cw',$,'EPset_Parametric',$,(#9859));
#9858=IFCRELDEFINESBYPROPERTIES('24Dg1wAFL0ZeR$2N7w4YYG',$,$,$,(#9835),#9857);
#9859=IFCPROPERTYSINGLEVALUE('Engine',$,IFCLABEL('Bonsai.DumbLayer2'),$);
#9873=IFCRELCONNECTSPATHELEMENTS('1TxOBK3i54ZQQMiEK5K7Ol',$,$,$,$,#8225,#9835,(),(),.ATSTART.,.ATEND.);
#9887=IFCCARTESIANPOINTLIST2D(((0.,0.),(0.10001832851830764,0.10000000000000001),(3.6096843035914143,0.10000000000000001),(3.6096843035914143,0.)));
#9888=IFCINDEXEDPOLYCURVE(#9887,(IFCLINEINDEX((1,2,3,4,1))),$);
#9889=IFCARBITRARYCLOSEDPROFILEDEF(.AREA.,$,#9888);
#9890=IFCCARTESIANPOINT((0.,0.,0.));
#9891=IFCDIRECTION((0.,0.,1.));
#9892=IFCDIRECTION((1.,0.,0.));
#9893=IFCAXIS2PLACEMENT3D(#9890,#9891,#9892);
#9894=IFCDIRECTION((0.,0.,1.));
#9895=IFCEXTRUDEDAREASOLID(#9889,#9893,#9894,3.);
#9896=IFCSHAPEREPRESENTATION(#11,'Body','SweptSolid',(#9895));
#9897=IFCCARTESIANPOINTLIST2D(((0.,0.),(3.6096843035914143,0.)));
#9898=IFCINDEXEDPOLYCURVE(#9897,$,$);
#9899=IFCSHAPEREPRESENTATION(#23,'Axis','Curve2D',(#9898));
#9900=IFCCARTESIANPOINT((-3.3733930146771032,-1.5401241542401614,0.));
#9901=IFCDIRECTION((0.,0.,1.));
#9902=IFCDIRECTION((0.99999998319251004,0.000183343884247551,0.));
#9903=IFCAXIS2PLACEMENT3D(#9900,#9901,#9902);
#9904=IFCLOCALPLACEMENT(#8005,#9903);
#9934=IFCRELCONNECTSPATHELEMENTS('19Iy9fmvL5JQu1S63hPSyT',$,$,$,$,#8819,#9542,(),(),.ATPATH.,.ATEND.);
#9935=IFCCARTESIANPOINTLIST2D(((0.,0.),(0.,0.10000000000000001),(3.700018371449795,0.10000000000000001),(3.7000183639000048,0.)));
#9936=IFCINDEXEDPOLYCURVE(#9935,(IFCLINEINDEX((1,2,3,4,1))),$);
#9937=IFCARBITRARYCLOSEDPROFILEDEF(.AREA.,$,#9936);
#9938=IFCCARTESIANPOINT((0.,0.,0.));
#9939=IFCDIRECTION((0.,0.,1.));
#9940=IFCDIRECTION((1.,0.,0.));
#9941=IFCAXIS2PLACEMENT3D(#9938,#9939,#9940);
#9942=IFCDIRECTION((0.,0.,1.));
#9943=IFCEXTRUDEDAREASOLID(#9937,#9941,#9942,3.);
#9944=IFCSHAPEREPRESENTATION(#11,'Body','SweptSolid',(#9943));
#9945=IFCCARTESIANPOINTLIST2D(((0.,0.),(3.8000183639000049,0.)));
#9946=IFCINDEXEDPOLYCURVE(#9945,$,$);
#9947=IFCSHAPEREPRESENTATION(#23,'Axis','Curve2D',(#9946));
#9977=IFCRELCONNECTSPATHELEMENTS('2csz3v7JLBdxG$vCmuWOZb',$,$,$,$,#8781,#9542,(),(),.ATPATH.,.ATEND.);
#9978=IFCCARTESIANPOINTLIST2D(((0.,0.),(0.,0.10000000000000001),(3.4999997804083165,0.10000000000000001),(3.4999997879581066,0.)));
#9979=IFCINDEXEDPOLYCURVE(#9978,(IFCLINEINDEX((1,2,3,4,1))),$);
#9980=IFCARBITRARYCLOSEDPROFILEDEF(.AREA.,$,#9979);
#9981=IFCCARTESIANPOINT((0.,0.,0.));
#9982=IFCDIRECTION((0.,0.,1.));
#9983=IFCDIRECTION((1.,0.,0.));
#9984=IFCAXIS2PLACEMENT3D(#9981,#9982,#9983);
#9985=IFCDIRECTION((0.,0.,1.));
#9986=IFCEXTRUDEDAREASOLID(#9980,#9984,#9985,3.);
#9987=IFCSHAPEREPRESENTATION(#11,'Body','SweptSolid',(#9986));
#9988=IFCCARTESIANPOINTLIST2D(((0.,0.),(3.4999997879581066,0.)));
#9989=IFCINDEXEDPOLYCURVE(#9988,$,$);
#9990=IFCSHAPEREPRESENTATION(#23,'Axis','Curve2D',(#9989));
#9991=IFCCARTESIANPOINTLIST2D(((0.,0.),(0.10000001629206913,0.10000000000000001),(8.5289518129121635,0.10000000000000001),(8.6288572066898315,0.)));
#9992=IFCINDEXEDPOLYCURVE(#9991,(IFCLINEINDEX((1,2,3,4,1))),$);
#9993=IFCARBITRARYCLOSEDPROFILEDEF(.AREA.,$,#9992);
#9994=IFCCARTESIANPOINT((0.,0.,0.));
#9995=IFCDIRECTION((0.,0.,1.));
#9996=IFCDIRECTION((1.,0.,0.));
#9997=IFCAXIS2PLACEMENT3D(#9994,#9995,#9996);
#9998=IFCDIRECTION((0.,0.,1.));
#9999=IFCEXTRUDEDAREASOLID(#9993,#9997,#9998,3.);
#10000=IFCSHAPEREPRESENTATION(#11,'Body','SweptSolid',(#9999));
#10001=IFCCARTESIANPOINTLIST2D(((0.,0.),(8.5288571618957665,0.)));
#10002=IFCINDEXEDPOLYCURVE(#10001,$,$);
#10003=IFCSHAPEREPRESENTATION(#23,'Axis','Curve2D',(#10002));
#10008=IFCMATERIALLAYERSET((#10009),$,$);
#10009=IFCMATERIALLAYER(#81,0.10000000000000001,$,$,$,$,$);
#10010=IFCWALL('2xGDlRuaL3D80YkjYZsdkr',$,'Wall',$,$,#10021,#10016,$,$);
#10011=IFCMATERIALLAYERSETUSAGE(#82,.AXIS2.,.POSITIVE.,0.,$);
#10012=IFCRELASSOCIATESMATERIAL('1y_I34qN16IA2ILd8pHl_M',$,$,$,(#10010),#10011);
#10016=IFCPRODUCTDEFINITIONSHAPE($,$,(#10061,#10058));
#10017=IFCCARTESIANPOINT((0.22660650312900543,5.511929988861084,0.));
#10018=IFCDIRECTION((0.,0.,1.));
#10019=IFCDIRECTION((-0.99999999999999623,8.7422776573475527E-08,0.));
#10020=IFCAXIS2PLACEMENT3D(#10017,#10018,#10019);
#10021=IFCLOCALPLACEMENT(#8005,#10020);
#10032=IFCPROPERTYSET('26I6HnnOr738cmLrPa7vBB',$,'EPset_Parametric',$,(#10034));
#10033=IFCRELDEFINESBYPROPERTIES('2fYPrD2Cn1Lxe7JJOEW3nm',$,$,$,(#10010),#10032);
#10034=IFCPROPERTYSINGLEVALUE('Engine',$,IFCLABEL('Bonsai.DumbLayer2'),$);
#10048=IFCRELCONNECTSPATHELEMENTS('3$BS0_JIz5k9KNRCWXVndx',$,$,$,$,#10010,#8225,(),(),.ATSTART.,.ATEND.);
#10049=IFCCARTESIANPOINTLIST2D(((0.,0.),(0.,0.10000000000000001),(3.5000000339293642,0.10000000000000001),(3.6000000502214338,0.)));
#10050=IFCINDEXEDPOLYCURVE(#10049,(IFCLINEINDEX((1,2,3,4,1))),$);
#10051=IFCARBITRARYCLOSEDPROFILEDEF(.AREA.,$,#10050);
#10052=IFCCARTESIANPOINT((0.,0.,0.));
#10053=IFCDIRECTION((0.,0.,1.));
#10054=IFCDIRECTION((1.,0.,0.));
#10055=IFCAXIS2PLACEMENT3D(#10052,#10053,#10054);
#10056=IFCDIRECTION((0.,0.,1.));
#10057=IFCEXTRUDEDAREASOLID(#10051,#10055,#10056,3.);
#10058=IFCSHAPEREPRESENTATION(#11,'Body','SweptSolid',(#10057));
#10059=IFCCARTESIANPOINTLIST2D(((0.,0.),(3.6000000502214338,0.)));
#10060=IFCINDEXEDPOLYCURVE(#10059,$,$);
#10061=IFCSHAPEREPRESENTATION(#23,'Axis','Curve2D',(#10060));
#10062=IFCCARTESIANPOINTLIST2D(((0.,0.),(0.10000001629206912,0.10000000000000001),(6.9520361293049584,0.10000000000000001),(7.0520544578232656,0.)));
#10063=IFCINDEXEDPOLYCURVE(#10062,(IFCLINEINDEX((1,2,3,4,1))),$);
#10064=IFCARBITRARYCLOSEDPROFILEDEF(.AREA.,$,#10063);
#10065=IFCCARTESIANPOINT((0.,0.,0.));
#10066=IFCDIRECTION((0.,0.,1.));
#10067=IFCDIRECTION((1.,0.,0.));
#10068=IFCAXIS2PLACEMENT3D(#10065,#10066,#10067);
#10069=IFCDIRECTION((0.,0.,1.));
#10070=IFCEXTRUDEDAREASOLID(#10064,#10068,#10069,3.);
#10071=IFCSHAPEREPRESENTATION(#11,'Body','SweptSolid',(#10070));
#10072=IFCCARTESIANPOINTLIST2D(((0.,0.),(7.0520544578232656,0.)));
#10073=IFCINDEXEDPOLYCURVE(#10072,$,$);
#10074=IFCSHAPEREPRESENTATION(#23,'Axis','Curve2D',(#10073));
#10075=IFCCARTESIANPOINT((-3.373393547092415,5.5119303035830836,0.));
#10076=IFCDIRECTION((0.,0.,1.));
#10077=IFCDIRECTION((7.5497901264043123E-08,-0.99999999999999722,0.));
#10078=IFCAXIS2PLACEMENT3D(#10075,#10076,#10077);
#10079=IFCLOCALPLACEMENT(#8005,#10078);
#10080=IFCRELCONNECTSPATHELEMENTS('3mz_EwlE96$xntyFw7LkvY',$,$,$,$,#9251,#8857,(),(),.ATEND.,.ATSTART.);
#10081=IFCCARTESIANPOINTLIST2D(((0.,0.),(-0.10000001629206913,0.10000000000000001),(2.3000935947327585,0.10000000000000001),(2.1999988511931634,0.)));
#10082=IFCINDEXEDPOLYCURVE(#10081,(IFCLINEINDEX((1,2,3,4,1))),$);
#10083=IFCARBITRARYCLOSEDPROFILEDEF(.AREA.,$,#10082);
#10084=IFCCARTESIANPOINT((0.,0.,0.));
#10085=IFCDIRECTION((0.,0.,1.));
#10086=IFCDIRECTION((1.,0.,0.));
#10087=IFCAXIS2PLACEMENT3D(#10084,#10085,#10086);
#10088=IFCDIRECTION((0.,0.,1.));
#10089=IFCEXTRUDEDAREASOLID(#10083,#10087,#10088,3.);
#10090=IFCSHAPEREPRESENTATION(#11,'Body','SweptSolid',(#10089));
#10091=IFCCARTESIANPOINTLIST2D(((0.,0.),(2.1999988511931634,0.)));
#10092=IFCINDEXEDPOLYCURVE(#10091,$,$);
#10093=IFCSHAPEREPRESENTATION(#23,'Axis','Curve2D',(#10092));
#10094=IFCCARTESIANPOINT((4.1266071754262086,-3.0581192970274831,0.));
#10095=IFCDIRECTION((0.,0.,1.));
#10096=IFCDIRECTION((-0.99999999999999623,8.7422776573475527E-08,0.));
#10097=IFCAXIS2PLACEMENT3D(#10094,#10095,#10096);
#10098=IFCLOCALPLACEMENT(#8005,#10097);
#10099=IFCCARTESIANPOINTLIST2D(((0.,0.),(0.,0.10000000000000001),(9.5180131121477025,0.10000000000000001),(9.4180130958556347,0.)));
#10100=IFCINDEXEDPOLYCURVE(#10099,(IFCLINEINDEX((1,2,3,4,1))),$);
#10101=IFCARBITRARYCLOSEDPROFILEDEF(.AREA.,$,#10100);
#10102=IFCCARTESIANPOINT((0.,0.,0.));
#10103=IFCDIRECTION((0.,0.,1.));
#10104=IFCDIRECTION((1.,0.,0.));
#10105=IFCAXIS2PLACEMENT3D(#10102,#10103,#10104);
#10106=IFCDIRECTION((0.,0.,1.));
#10107=IFCEXTRUDEDAREASOLID(#10101,#10105,#10106,3.);
#10108=IFCSHAPEREPRESENTATION(#11,'Body','SweptSolid',(#10107));
#10109=IFCCARTESIANPOINTLIST2D(((0.,0.),(9.4180130958556347,0.)));
#10110=IFCINDEXEDPOLYCURVE(#10109,$,$);
#10111=IFCSHAPEREPRESENTATION(#23,'Axis','Curve2D',(#10110));
#10134=IFCSLAB('2CzQfwGs19oBQ9G7Fkgp76',$,'Slab',$,$,#10141,#10148,$,$);
#10135=IFCMATERIALLAYERSETUSAGE(#2284,.AXIS3.,.POSITIVE.,-0.10000000149011612,$);
#10136=IFCRELASSOCIATESMATERIAL('2PO4s2ctv8p8envm7KROoq',$,$,$,(#10134),#10135);
#10137=IFCCARTESIANPOINT((-3.3733935356140137,5.5119304656982422,0.));
#10138=IFCDIRECTION((0.,0.,1.));
#10139=IFCDIRECTION((1.,0.,0.));
#10140=IFCAXIS2PLACEMENT3D(#10137,#10138,#10139);
#10141=IFCLOCALPLACEMENT(#8005,#10140);
#10142=IFCCARTESIANPOINTLIST2D(((0.,0.),(3.6000001430511475,-4.76837158203125E-07),(3.5999999046325684,0.84796380996704102),(7.5999999046325684,0.84796333312988281),(7.6000003814697266,-8.6700496673583984),(0.050000190734863281,-8.6700496673583984),(0.,0.)));
#10143=IFCINDEXEDPOLYCURVE(#10142,$,$);
#10144=IFCDIRECTION((0.,0.,1.));
#10145=IFCARBITRARYCLOSEDPROFILEDEF(.AREA.,$,#10143);
#10146=IFCEXTRUDEDAREASOLID(#10145,#10155,#10144,0.10000000000000001);
#10147=IFCSHAPEREPRESENTATION(#11,'Body','SweptSolid',(#10146));
#10148=IFCPRODUCTDEFINITIONSHAPE($,$,(#10147));
#10149=IFCPROPERTYSET('0y13xawUT6GPBOcP$Fk4f5',$,'EPset_Parametric',$,(#10151));
#10150=IFCRELDEFINESBYPROPERTIES('1VKCvHYnzCD8VN1PjyKGUW',$,$,$,(#10134),#10149);
#10151=IFCPROPERTYSINGLEVALUE('Engine',$,IFCLABEL('Bonsai.DumbLayer3'),$);
#10152=IFCCARTESIANPOINT((-0.,-0.,-0.10000000149011612));
#10153=IFCDIRECTION((0.,0.,1.));
#10154=IFCDIRECTION((1.,0.,0.));
#10155=IFCAXIS2PLACEMENT3D(#10152,#10153,#10154);
#10156=IFCDOORTYPE('2AlnbE7RP3Igb3ed8LpKEs',$,'BATHROOM-2F',$,$,(#10157),(#10159,#10167,#10227),$,$,.DOOR.,.SINGLE_SWING_LEFT.,$,$);
#10157=IFCPROPERTYSET('31wDfquJf4jwBKeaX3$bow',$,'BBIM_Door',$,(#10158));
#10158=IFCPROPERTYSINGLEVALUE('Data',$,IFCTEXT('{"door_type": "SINGLE_SWING_LEFT", "overall_height": 1.9501360654830933, "overall_width": 0.7868293523788452, "lining_properties": {"lining_depth": 0.08190326392650604, "lining_thickness": 0.08637778460979462, "lining_offset": -0.01569223403930664, "lining_to_panel_offset_x": 0.02500000037252903, "lining_to_panel_offset_y": 0.02500000037252903, "transom_thickness": 0.0, "threshold_thickness": 0.02500000037252903, "threshold_depth": 0.010999999940395355, "threshold_offset": 0.16501547396183014}, "panel_properties": {"panel_depth": 0.09499999135732651, "panel_width_ratio": 1.0}}'),$);
#10159=IFCREPRESENTATIONMAP(#10160,#10164);
#10160=IFCAXIS2PLACEMENT3D(#10161,#10162,#10163);
#10161=IFCCARTESIANPOINT((0.,0.,0.));
#10162=IFCDIRECTION((0.,0.,1.));
#10163=IFCDIRECTION((1.,0.,0.));
#10164=IFCSHAPEREPRESENTATION(#18,'Profile','Curve3D',(#10165));
#10165=IFCINDEXEDPOLYCURVE(#10166,(IFCLINEINDEX((1,2,3,4,1))),$);
#10166=IFCCARTESIANPOINTLIST3D(((0.,0.,0.),(0.78682935237884521,0.,0.),(0.78682935237884521,0.,1.9501360654830933),(0.,0.,1.9501360654830933)));
#10167=IFCREPRESENTATIONMAP(#10168,#10172);
#10168=IFCAXIS2PLACEMENT3D(#10169,#10170,#10171);
#10169=IFCCARTESIANPOINT((0.,0.,0.));
#10170=IFCDIRECTION((0.,0.,1.));
#10171=IFCDIRECTION((1.,0.,0.));
#10172=IFCSHAPEREPRESENTATION(#11,'Body','SweptSolid',(#10173,#10182,#10191,#10200,#10209,#10218));
#10173=IFCEXTRUDEDAREASOLID(#10174,#10177,#10181,0.056903263553977013);
#10174=IFCARBITRARYCLOSEDPROFILEDEF(.AREA.,$,#10175);
#10175=IFCINDEXEDPOLYCURVE(#10176,(IFCLINEINDEX((1,2,3,4,5,6,7,8,1))),$);
#10176=IFCCARTESIANPOINTLIST2D(((0.,0.),(0.,1.9501360654830933),(0.78682935237884521,1.9501360654830933),(0.78682935237884521,0.),(0.76182935200631618,0.),(0.76182935200631618,1.9251360651105642),(0.02500000037252903,1.9251360651105642),(0.02500000037252903,0.)));
#10177=IFCAXIS2PLACEMENT3D(#10178,#10179,#10180);
#10178=IFCCARTESIANPOINT((0.,0.0093077663332223892,0.));
#10179=IFCDIRECTION((0.,-1.,0.));
#10180=IFCDIRECTION((1.,0.,0.));
#10181=IFCDIRECTION((0.,0.,-1.));
#10182=IFCEXTRUDEDAREASOLID(#10183,#10186,#10190,0.02500000037252903);
#10183=IFCARBITRARYCLOSEDPROFILEDEF(.AREA.,$,#10184);
#10184=IFCINDEXEDPOLYCURVE(#10185,(IFCLINEINDEX((1,2,3,4,5,6,7,8,1))),$);
#10185=IFCCARTESIANPOINTLIST2D(((0.,0.),(0.,1.9501360654830933),(0.78682935237884521,1.9501360654830933),(0.78682935237884521,0.),(0.7004515677690506,0.),(0.7004515677690506,1.8637582808732986),(0.086377784609794617,1.8637582808732986),(0.086377784609794617,0.)));
#10186=IFCAXIS2PLACEMENT3D(#10187,#10188,#10189);
#10187=IFCCARTESIANPOINT((0.,-0.015692234039306641,0.));
#10188=IFCDIRECTION((0.,-1.,0.));
#10189=IFCDIRECTION((1.,0.,0.));
#10190=IFCDIRECTION((0.,0.,-1.));
#10191=IFCEXTRUDEDAREASOLID(#10192,#10195,#10199,1.9001360647380352);
#10192=IFCARBITRARYCLOSEDPROFILEDEF(.AREA.,$,#10193);
#10193=IFCINDEXEDPOLYCURVE(#10194,(IFCLINEINDEX((1,2,3,4,1))),$);
#10194=IFCCARTESIANPOINTLIST2D(((0.,0.),(0.73682935163378716,0.),(0.73682935163378716,0.094999991357326508),(0.,0.094999991357326508)));
#10195=IFCAXIS2PLACEMENT3D(#10196,#10197,#10198);
#10196=IFCCARTESIANPOINT((0.02500000037252903,0.0093077663332223892,0.02500000037252903));
#10197=IFCDIRECTION((0.,0.,1.));
#10198=IFCDIRECTION((1.,0.,0.));
#10199=IFCDIRECTION((0.,0.,1.));
#10200=IFCEXTRUDEDAREASOLID(#10201,#10204,#10208,0.02);
#10201=IFCARBITRARYCLOSEDPROFILEDEF(.AREA.,$,#10202);
#10202=IFCINDEXEDPOLYCURVE(#10203,(IFCLINEINDEX((1,2,3,4,5,6,1))),$);
#10203=IFCCARTESIANPOINTLIST2D(((0.,0.),(0.,-0.040000000000000001),(-0.11999999999999988,-0.040000000000000001),(-0.11999999999999988,-0.02),(-0.020000000000000018,-0.02),(-0.020000000000000018,0.)));
#10204=IFCAXIS2PLACEMENT3D(#10205,#10206,#10207);
#10205=IFCCARTESIANPOINT((0.71182935200631614,0.0093077663332223892,1.015000000372529));
#10206=IFCDIRECTION((0.,0.,1.));
#10207=IFCDIRECTION((1.,0.,0.));
#10208=IFCDIRECTION((0.,0.,1.));
#10209=IFCEXTRUDEDAREASOLID(#10210,#10213,#10217,0.02);
#10210=IFCARBITRARYCLOSEDPROFILEDEF(.AREA.,$,#10211);
#10211=IFCINDEXEDPOLYCURVE(#10212,(IFCLINEINDEX((1,2,3,4,5,6,1))),$);
#10212=IFCCARTESIANPOINTLIST2D(((0.,0.),(0.,0.040000000000000008),(-0.11999999999999988,0.040000000000000008),(-0.11999999999999988,0.020000000000000018),(-0.020000000000000018,0.020000000000000018),(-0.020000000000000018,0.)));
#10213=IFCAXIS2PLACEMENT3D(#10214,#10215,#10216);
#10214=IFCCARTESIANPOINT((0.71182935200631614,0.1043077576905489,1.015000000372529));
#10215=IFCDIRECTION((0.,0.,1.));
#10216=IFCDIRECTION((1.,0.,0.));
#10217=IFCDIRECTION((0.,0.,1.));
#10218=IFCEXTRUDEDAREASOLID(#10219,#10222,#10226,0.02500000037252903);
#10219=IFCARBITRARYCLOSEDPROFILEDEF(.AREA.,$,#10220);
#10220=IFCINDEXEDPOLYCURVE(#10221,(IFCLINEINDEX((1,2,3,4,1))),$);
#10221=IFCCARTESIANPOINTLIST2D(((0.,0.),(0.61407378315925598,0.),(0.61407378315925598,0.010999999940395355),(0.,0.010999999940395355)));
#10222=IFCAXIS2PLACEMENT3D(#10223,#10224,#10225);
#10223=IFCCARTESIANPOINT((0.086377784609794617,0.16501547396183014,0.));
#10224=IFCDIRECTION((0.,0.,1.));
#10225=IFCDIRECTION((1.,0.,0.));
#10226=IFCDIRECTION((0.,0.,1.));
#10227=IFCREPRESENTATIONMAP(#10228,#10232);
#10228=IFCAXIS2PLACEMENT3D(#10229,#10230,#10231);
#10229=IFCCARTESIANPOINT((0.,0.,0.));
#10230=IFCDIRECTION((0.,0.,1.));
#10231=IFCDIRECTION((1.,0.,0.));
#10232=IFCSHAPEREPRESENTATION(#24,'Body','Curve2D',(#10233,#10235,#10237,#10244));
#10233=IFCINDEXEDPOLYCURVE(#10234,(IFCLINEINDEX((1,2,3,4,5,6,1))),$);
#10234=IFCCARTESIANPOINTLIST2D(((0.,-0.015692234039306641),(0.,0.066211029887199402),(0.02500000037252903,0.066211029887199402),(0.02500000037252903,0.0093077663332223892),(0.086377784609794617,0.0093077663332223892),(0.086377784609794617,-0.015692234039306641)));
#10235=IFCINDEXEDPOLYCURVE(#10236,(IFCLINEINDEX((1,2,3,4,5,6,1))),$);
#10236=IFCCARTESIANPOINTLIST2D(((0.78682935237884521,-0.015692234039306641),(0.78682935237884521,0.066211029887199402),(0.76182935200631618,0.066211029887199402),(0.76182935200631618,0.0093077663332223892),(0.7004515677690506,0.0093077663332223892),(0.7004515677690506,-0.015692234039306641)));
#10237=IFCTRIMMEDCURVE(#10238,(#10242),(#10243),.T.,.CARTESIAN.);
#10238=IFCELLIPSE(#10239,0.64182936027646065,0.73682935163378716);
#10239=IFCAXIS2PLACEMENT2D(#10240,#10241);
#10240=IFCCARTESIANPOINT((0.11999999172985554,0.066211029887199402));
#10241=IFCDIRECTION((1.,0.));
#10242=IFCCARTESIANPOINT((0.76182935200631618,0.066211029887199402));
#10243=IFCCARTESIANPOINT((0.11999999172985554,0.80304038152098656));
#10244=IFCINDEXEDPOLYCURVE(#10245,(IFCLINEINDEX((1,2,3,4,1))),$);
#10245=IFCCARTESIANPOINTLIST2D(((0.02500000037252903,0.066211029887199402),(0.11999999172985554,0.066211029887199402),(0.11999999172985554,0.80304038152098656),(0.02500000037252903,0.80304038152098656)));
#10246=IFCDOOR('3a9BjvCXr45hZv6WnjP6PU',$,'Door',$,$,#10310,#10255,$,1.9501360654830933,0.78682935237884521,$,$,$);
#10247=IFCRELDEFINESBYTYPE('2_Iq5W2y54mgaY6NPW6VIs',$,$,$,(#10246),#10156);
#10248=IFCCARTESIANPOINT((0.,0.,0.));
#10249=IFCDIRECTION((1.,0.,0.));
#10250=IFCDIRECTION((0.,1.,0.));
#10251=IFCDIRECTION((0.,0.,1.));
#10252=IFCCARTESIANTRANSFORMATIONOPERATOR3D(#10249,#10250,#10248,1.,#10251);
#10253=IFCMAPPEDITEM(#10159,#10252);
#10254=IFCSHAPEREPRESENTATION(#18,'Profile','MappedRepresentation',(#10253));
#10255=IFCPRODUCTDEFINITIONSHAPE($,$,(#10254,#10262,#10269));
#10256=IFCCARTESIANPOINT((0.,0.,0.));
#10257=IFCDIRECTION((1.,0.,0.));
#10258=IFCDIRECTION((0.,1.,0.));
#10259=IFCDIRECTION((0.,0.,1.));
#10260=IFCCARTESIANTRANSFORMATIONOPERATOR3D(#10257,#10258,#10256,1.,#10259);
#10261=IFCMAPPEDITEM(#10167,#10260);
#10262=IFCSHAPEREPRESENTATION(#11,'Body','MappedRepresentation',(#10261));
#10263=IFCCARTESIANPOINT((0.,0.,0.));
#10264=IFCDIRECTION((1.,0.,0.));
#10265=IFCDIRECTION((0.,1.,0.));
#10266=IFCDIRECTION((0.,0.,1.));
#10267=IFCCARTESIANTRANSFORMATIONOPERATOR3D(#10264,#10265,#10263,1.,#10266);
#10268=IFCMAPPEDITEM(#10227,#10267);
#10269=IFCSHAPEREPRESENTATION(#24,'Body','MappedRepresentation',(#10268));
#10270=IFCOPENINGELEMENT('1Lm46Z9wbCYh45qNTMqooH',$,'Opening',$,$,#10304,#10298,$,.OPENING.);
#10276=IFCCARTESIANPOINTLIST2D(((0.,0.),(0.78682935237884521,0.),(0.78682935237884521,1.9501360654830933),(0.,1.9501360654830933)));
#10277=IFCINDEXEDPOLYCURVE(#10276,(IFCLINEINDEX((1,2,3,4,1))),$);
#10278=IFCARBITRARYCLOSEDPROFILEDEF(.AREA.,$,#10277);
#10279=IFCCARTESIANPOINT((0.,-0.60000002384185791,0.));
#10280=IFCDIRECTION((0.,-1.,0.));
#10281=IFCDIRECTION((1.,0.,0.));
#10282=IFCAXIS2PLACEMENT3D(#10279,#10280,#10281);
#10283=IFCDIRECTION((0.,0.,-1.));
#10284=IFCEXTRUDEDAREASOLID(#10278,#10282,#10283,1.2);
#10285=IFCSHAPEREPRESENTATION(#11,'Body','SweptSolid',(#10284));
#10286=IFCCARTESIANPOINT((0.,0.,0.));
#10287=IFCDIRECTION((1.,0.,0.));
#10288=IFCDIRECTION((0.,0.,1.));
#10289=IFCAXIS2PLACEMENT3D(#10286,#10288,#10287);
#10290=IFCREPRESENTATIONMAP(#10289,#10285);
#10291=IFCCARTESIANPOINT((0.,0.,0.));
#10292=IFCDIRECTION((1.,0.,0.));
#10293=IFCDIRECTION((0.,1.,0.));
#10294=IFCDIRECTION((0.,0.,1.));
#10295=IFCCARTESIANTRANSFORMATIONOPERATOR3D(#10292,#10293,#10291,1.,#10294);
#10296=IFCMAPPEDITEM(#10290,#10295);
#10297=IFCSHAPEREPRESENTATION(#11,'Body','MappedRepresentation',(#10296));
#10298=IFCPRODUCTDEFINITIONSHAPE($,$,(#10297));
#10299=IFCRELVOIDSELEMENT('3B$qUy4zL7Iwaadpow350H',$,$,$,#9580,#10270);
#10300=IFCCARTESIANPOINT((3.6731223823799382,0.099999967156804814,0.));
#10301=IFCDIRECTION((0.,0.,1.));
#10302=IFCDIRECTION((-0.99999999999999623,8.7427903996701445E-08,0.));
#10303=IFCAXIS2PLACEMENT3D(#10300,#10301,#10302);
#10304=IFCLOCALPLACEMENT(#9591,#10303);
#10305=IFCRELFILLSELEMENT('1J6fI2jHvDNvkc6rbf1oQc',$,$,$,#10270,#10246);
#10306=IFCCARTESIANPOINT((0.,-8.8817841970012523E-16,0.));
#10307=IFCDIRECTION((0.,0.,1.));
#10308=IFCDIRECTION((1.,0.,0.));
#10309=IFCAXIS2PLACEMENT3D(#10306,#10307,#10308);
#10310=IFCLOCALPLACEMENT(#10304,#10309);
#10311=IFCDOORTYPE('01F$ksyZPBGRlQCG9czoS3',$,'BEDROOM1 - 2F',$,$,(#10312),(#10314,#10322,#10382),$,$,.DOOR.,.SINGLE_SWING_LEFT.,$,$);
#10312=IFCPROPERTYSET('1dLa_Kwwv5$A86O7Pov2LX',$,'BBIM_Door',$,(#10313));
#10313=IFCPROPERTYSINGLEVALUE('Data',$,IFCTEXT('{"door_type": "SINGLE_SWING_RIGHT", "overall_height": 2.0, "overall_width": 0.8999999761581421, "lining_properties": {"lining_depth": 0.08600501716136932, "lining_thickness": 0.0947365015745163, "lining_offset": -0.01569223403930664, "lining_to_panel_offset_x": 0.02500000037252903, "lining_to_panel_offset_y": 0.02500000037252903, "transom_thickness": 0.0, "threshold_thickness": 0.02500000037252903, "threshold_depth": 0.010999999940395355, "threshold_offset": 0.23000003397464752}, "panel_properties": {"panel_depth": 0.09499999135732651, "panel_width_ratio": 1.0}}'),$);
#10314=IFCREPRESENTATIONMAP(#10315,#10319);
#10315=IFCAXIS2PLACEMENT3D(#10316,#10317,#10318);
#10316=IFCCARTESIANPOINT((0.,0.,0.));
#10317=IFCDIRECTION((0.,0.,1.));
#10318=IFCDIRECTION((1.,0.,0.));
#10319=IFCSHAPEREPRESENTATION(#18,'Profile','Curve3D',(#10320));
#10320=IFCINDEXEDPOLYCURVE(#10321,(IFCLINEINDEX((1,2,3,4,1))),$);
#10321=IFCCARTESIANPOINTLIST3D(((0.,0.,0.),(0.89999997615814209,0.,0.),(0.89999997615814209,0.,2.),(0.,0.,2.)));
#10322=IFCREPRESENTATIONMAP(#10323,#10327);
#10323=IFCAXIS2PLACEMENT3D(#10324,#10325,#10326);
#10324=IFCCARTESIANPOINT((0.,0.,0.));
#10325=IFCDIRECTION((0.,0.,1.));
#10326=IFCDIRECTION((1.,0.,0.));
#10327=IFCSHAPEREPRESENTATION(#11,'Body','SweptSolid',(#10328,#10337,#10346,#10355,#10364,#10373));
#10328=IFCEXTRUDEDAREASOLID(#10329,#10332,#10336,0.061005016788840294);
#10329=IFCARBITRARYCLOSEDPROFILEDEF(.AREA.,$,#10330);
#10330=IFCINDEXEDPOLYCURVE(#10331,(IFCLINEINDEX((1,2,3,4,5,6,7,8,1))),$);
#10331=IFCCARTESIANPOINTLIST2D(((0.,0.),(0.,2.),(0.89999997615814209,2.),(0.89999997615814209,0.),(0.87499997578561306,0.),(0.87499997578561306,1.974999999627471),(0.02500000037252903,1.974999999627471),(0.02500000037252903,0.)));
#10332=IFCAXIS2PLACEMENT3D(#10333,#10334,#10335);
#10333=IFCCARTESIANPOINT((0.,0.0093077663332223892,0.));
#10334=IFCDIRECTION((0.,-1.,0.));
#10335=IFCDIRECTION((1.,0.,0.));
#10336=IFCDIRECTION((0.,0.,-1.));
#10337=IFCEXTRUDEDAREASOLID(#10338,#10341,#10345,0.02500000037252903);
#10338=IFCARBITRARYCLOSEDPROFILEDEF(.AREA.,$,#10339);
#10339=IFCINDEXEDPOLYCURVE(#10340,(IFCLINEINDEX((1,2,3,4,5,6,7,8,1))),$);
#10340=IFCCARTESIANPOINTLIST2D(((0.,0.),(0.,2.),(0.89999997615814209,2.),(0.89999997615814209,0.),(0.80526347458362579,0.),(0.80526347458362579,1.9052634984254837),(0.094736501574516296,1.9052634984254837),(0.094736501574516296,0.)));
#10341=IFCAXIS2PLACEMENT3D(#10342,#10343,#10344);
#10342=IFCCARTESIANPOINT((0.,-0.015692234039306641,0.));
#10343=IFCDIRECTION((0.,-1.,0.));
#10344=IFCDIRECTION((1.,0.,0.));
#10345=IFCDIRECTION((0.,0.,-1.));
#10346=IFCEXTRUDEDAREASOLID(#10347,#10350,#10354,1.9499999992549419);
#10347=IFCARBITRARYCLOSEDPROFILEDEF(.AREA.,$,#10348);
#10348=IFCINDEXEDPOLYCURVE(#10349,(IFCLINEINDEX((1,2,3,4,1))),$);
#10349=IFCCARTESIANPOINTLIST2D(((0.,0.),(0.84999997541308403,0.),(0.84999997541308403,0.094999991357326508),(0.,0.094999991357326508)));
#10350=IFCAXIS2PLACEMENT3D(#10351,#10352,#10353);
#10351=IFCCARTESIANPOINT((0.02500000037252903,0.0093077663332223892,0.02500000037252903));
#10352=IFCDIRECTION((0.,0.,1.));
#10353=IFCDIRECTION((1.,0.,0.));
#10354=IFCDIRECTION((0.,0.,1.));
#10355=IFCEXTRUDEDAREASOLID(#10356,#10359,#10363,0.02);
#10356=IFCARBITRARYCLOSEDPROFILEDEF(.AREA.,$,#10357);
#10357=IFCINDEXEDPOLYCURVE(#10358,(IFCLINEINDEX((1,2,3,4,5,6,1))),$);
#10358=IFCCARTESIANPOINTLIST2D(((0.,0.),(0.,-0.040000000000000001),(0.12,-0.040000000000000001),(0.12,-0.02),(0.02,-0.02),(0.02,0.)));
#10359=IFCAXIS2PLACEMENT3D(#10360,#10361,#10362);
#10360=IFCCARTESIANPOINT((0.075000000372529033,0.0093077663332223892,1.015000000372529));
#10361=IFCDIRECTION((0.,0.,1.));
#10362=IFCDIRECTION((1.,0.,0.));
#10363=IFCDIRECTION((0.,0.,1.));
#10364=IFCEXTRUDEDAREASOLID(#10365,#10368,#10372,0.02);
#10365=IFCARBITRARYCLOSEDPROFILEDEF(.AREA.,$,#10366);
#10366=IFCINDEXEDPOLYCURVE(#10367,(IFCLINEINDEX((1,2,3,4,5,6,1))),$);
#10367=IFCCARTESIANPOINTLIST2D(((0.,0.),(0.,0.040000000000000008),(0.11999999999999998,0.040000000000000008),(0.11999999999999998,0.020000000000000018),(0.020000000000000004,0.020000000000000018),(0.020000000000000004,0.)));
#10368=IFCAXIS2PLACEMENT3D(#10369,#10370,#10371);
#10369=IFCCARTESIANPOINT((0.075000000372529033,0.1043077576905489,1.015000000372529));
#10370=IFCDIRECTION((0.,0.,1.));
#10371=IFCDIRECTION((1.,0.,0.));
#10372=IFCDIRECTION((0.,0.,1.));
#10373=IFCEXTRUDEDAREASOLID(#10374,#10377,#10381,0.02500000037252903);
#10374=IFCARBITRARYCLOSEDPROFILEDEF(.AREA.,$,#10375);
#10375=IFCINDEXEDPOLYCURVE(#10376,(IFCLINEINDEX((1,2,3,4,1))),$);
#10376=IFCCARTESIANPOINTLIST2D(((0.,0.),(0.7105269730091095,0.),(0.7105269730091095,0.010999999940395355),(0.,0.010999999940395355)));
#10377=IFCAXIS2PLACEMENT3D(#10378,#10379,#10380);
#10378=IFCCARTESIANPOINT((0.094736501574516296,0.23000003397464752,0.));
#10379=IFCDIRECTION((0.,0.,1.));
#10380=IFCDIRECTION((1.,0.,0.));
#10381=IFCDIRECTION((0.,0.,1.));
#10382=IFCREPRESENTATIONMAP(#10383,#10387);
#10383=IFCAXIS2PLACEMENT3D(#10384,#10385,#10386);
#10384=IFCCARTESIANPOINT((0.,0.,0.));
#10385=IFCDIRECTION((0.,0.,1.));
#10386=IFCDIRECTION((1.,0.,0.));
#10387=IFCSHAPEREPRESENTATION(#24,'Body','Curve2D',(#10388,#10390,#10392,#10399));
#10388=IFCINDEXEDPOLYCURVE(#10389,(IFCLINEINDEX((1,2,3,4,5,6,1))),$);
#10389=IFCCARTESIANPOINTLIST2D(((0.,-0.015692234039306641),(0.,0.070312783122062683),(0.02500000037252903,0.070312783122062683),(0.02500000037252903,0.0093077663332223892),(0.094736501574516296,0.0093077663332223892),(0.094736501574516296,-0.015692234039306641)));
#10390=IFCINDEXEDPOLYCURVE(#10391,(IFCLINEINDEX((1,2,3,4,5,6,1))),$);
#10391=IFCCARTESIANPOINTLIST2D(((0.89999997615814209,-0.015692234039306641),(0.89999997615814209,0.070312783122062683),(0.87499997578561306,0.070312783122062683),(0.87499997578561306,0.0093077663332223892),(0.80526347458362579,0.0093077663332223892),(0.80526347458362579,-0.015692234039306641)));
#10392=IFCTRIMMEDCURVE(#10393,(#10397),(#10398),.T.,.CARTESIAN.);
#10393=IFCELLIPSE(#10394,0.75499998405575752,0.84999997541308403);
#10394=IFCAXIS2PLACEMENT2D(#10395,#10396);
#10395=IFCCARTESIANPOINT((0.77999998442828655,0.070312783122062683));
#10396=IFCDIRECTION((1.,0.));
#10397=IFCCARTESIANPOINT((0.77999998442828655,0.92031275853514671));
#10398=IFCCARTESIANPOINT((0.02500000037252903,0.070312783122062683));
#10399=IFCINDEXEDPOLYCURVE(#10400,(IFCLINEINDEX((1,2,3,4,1))),$);
#10400=IFCCARTESIANPOINTLIST2D(((0.87499997578561306,0.070312783122062683),(0.77999998442828655,0.070312783122062683),(0.77999998442828655,0.92031275853514671),(0.87499997578561306,0.92031275853514671)));
#10401=IFCDOORTYPE('0XBhA4CNz6jxrMwbUSZSgK',$,'MASTER-2F',$,$,(#10402),(#10404,#10412,#10472),$,$,.DOOR.,.SINGLE_SWING_LEFT.,$,$);
#10402=IFCPROPERTYSET('1H_RR0KbH8he_PCCYU6oDF',$,'BBIM_Door',$,(#10403));
#10403=IFCPROPERTYSINGLEVALUE('Data',$,IFCTEXT('{"door_type": "SINGLE_SWING_RIGHT", "overall_height": 2.0, "overall_width": 0.8999999761581421, "lining_properties": {"lining_depth": 0.08600501716136932, "lining_thickness": 0.0947365015745163, "lining_offset": -0.01569223403930664, "lining_to_panel_offset_x": 0.02500000037252903, "lining_to_panel_offset_y": 0.02500000037252903, "transom_thickness": 0.0, "threshold_thickness": 0.02500000037252903, "threshold_depth": 0.010999999940395355, "threshold_offset": 0.23000003397464752}, "panel_properties": {"panel_depth": 0.09499999135732651, "panel_width_ratio": 1.0}}'),$);
#10404=IFCREPRESENTATIONMAP(#10405,#10409);
#10405=IFCAXIS2PLACEMENT3D(#10406,#10407,#10408);
#10406=IFCCARTESIANPOINT((0.,0.,0.));
#10407=IFCDIRECTION((0.,0.,1.));
#10408=IFCDIRECTION((1.,0.,0.));
#10409=IFCSHAPEREPRESENTATION(#18,'Profile','Curve3D',(#10410));
#10410=IFCINDEXEDPOLYCURVE(#10411,(IFCLINEINDEX((1,2,3,4,1))),$);
#10411=IFCCARTESIANPOINTLIST3D(((0.,0.,0.),(0.89999997615814209,0.,0.),(0.89999997615814209,0.,2.),(0.,0.,2.)));
#10412=IFCREPRESENTATIONMAP(#10413,#10417);
#10413=IFCAXIS2PLACEMENT3D(#10414,#10415,#10416);
#10414=IFCCARTESIANPOINT((0.,0.,0.));
#10415=IFCDIRECTION((0.,0.,1.));
#10416=IFCDIRECTION((1.,0.,0.));
#10417=IFCSHAPEREPRESENTATION(#11,'Body','SweptSolid',(#10418,#10427,#10436,#10445,#10454,#10463));
#10418=IFCEXTRUDEDAREASOLID(#10419,#10422,#10426,0.061005016788840294);
#10419=IFCARBITRARYCLOSEDPROFILEDEF(.AREA.,$,#10420);
#10420=IFCINDEXEDPOLYCURVE(#10421,(IFCLINEINDEX((1,2,3,4,5,6,7,8,1))),$);
#10421=IFCCARTESIANPOINTLIST2D(((0.,0.),(0.,2.),(0.89999997615814209,2.),(0.89999997615814209,0.),(0.87499997578561306,0.),(0.87499997578561306,1.974999999627471),(0.02500000037252903,1.974999999627471),(0.02500000037252903,0.)));
#10422=IFCAXIS2PLACEMENT3D(#10423,#10424,#10425);
#10423=IFCCARTESIANPOINT((0.,0.0093077663332223892,0.));
#10424=IFCDIRECTION((0.,-1.,0.));
#10425=IFCDIRECTION((1.,0.,0.));
#10426=IFCDIRECTION((0.,0.,-1.));
#10427=IFCEXTRUDEDAREASOLID(#10428,#10431,#10435,0.02500000037252903);
#10428=IFCARBITRARYCLOSEDPROFILEDEF(.AREA.,$,#10429);
#10429=IFCINDEXEDPOLYCURVE(#10430,(IFCLINEINDEX((1,2,3,4,5,6,7,8,1))),$);
#10430=IFCCARTESIANPOINTLIST2D(((0.,0.),(0.,2.),(0.89999997615814209,2.),(0.89999997615814209,0.),(0.80526347458362579,0.),(0.80526347458362579,1.9052634984254837),(0.094736501574516296,1.9052634984254837),(0.094736501574516296,0.)));
#10431=IFCAXIS2PLACEMENT3D(#10432,#10433,#10434);
#10432=IFCCARTESIANPOINT((0.,-0.015692234039306641,0.));
#10433=IFCDIRECTION((0.,-1.,0.));
#10434=IFCDIRECTION((1.,0.,0.));
#10435=IFCDIRECTION((0.,0.,-1.));
#10436=IFCEXTRUDEDAREASOLID(#10437,#10440,#10444,1.9499999992549419);
#10437=IFCARBITRARYCLOSEDPROFILEDEF(.AREA.,$,#10438);
#10438=IFCINDEXEDPOLYCURVE(#10439,(IFCLINEINDEX((1,2,3,4,1))),$);
#10439=IFCCARTESIANPOINTLIST2D(((0.,0.),(0.84999997541308403,0.),(0.84999997541308403,0.094999991357326508),(0.,0.094999991357326508)));
#10440=IFCAXIS2PLACEMENT3D(#10441,#10442,#10443);
#10441=IFCCARTESIANPOINT((0.02500000037252903,0.0093077663332223892,0.02500000037252903));
#10442=IFCDIRECTION((0.,0.,1.));
#10443=IFCDIRECTION((1.,0.,0.));
#10444=IFCDIRECTION((0.,0.,1.));
#10445=IFCEXTRUDEDAREASOLID(#10446,#10449,#10453,0.02);
#10446=IFCARBITRARYCLOSEDPROFILEDEF(.AREA.,$,#10447);
#10447=IFCINDEXEDPOLYCURVE(#10448,(IFCLINEINDEX((1,2,3,4,5,6,1))),$);
#10448=IFCCARTESIANPOINTLIST2D(((0.,0.),(0.,-0.040000000000000001),(0.12,-0.040000000000000001),(0.12,-0.02),(0.02,-0.02),(0.02,0.)));
#10449=IFCAXIS2PLACEMENT3D(#10450,#10451,#10452);
#10450=IFCCARTESIANPOINT((0.075000000372529033,0.0093077663332223892,1.015000000372529));
#10451=IFCDIRECTION((0.,0.,1.));
#10452=IFCDIRECTION((1.,0.,0.));
#10453=IFCDIRECTION((0.,0.,1.));
#10454=IFCEXTRUDEDAREASOLID(#10455,#10458,#10462,0.02);
#10455=IFCARBITRARYCLOSEDPROFILEDEF(.AREA.,$,#10456);
#10456=IFCINDEXEDPOLYCURVE(#10457,(IFCLINEINDEX((1,2,3,4,5,6,1))),$);
#10457=IFCCARTESIANPOINTLIST2D(((0.,0.),(0.,0.040000000000000008),(0.11999999999999998,0.040000000000000008),(0.11999999999999998,0.020000000000000018),(0.020000000000000004,0.020000000000000018),(0.020000000000000004,0.)));
#10458=IFCAXIS2PLACEMENT3D(#10459,#10460,#10461);
#10459=IFCCARTESIANPOINT((0.075000000372529033,0.1043077576905489,1.015000000372529));
#10460=IFCDIRECTION((0.,0.,1.));
#10461=IFCDIRECTION((1.,0.,0.));
#10462=IFCDIRECTION((0.,0.,1.));
#10463=IFCEXTRUDEDAREASOLID(#10464,#10467,#10471,0.02500000037252903);
#10464=IFCARBITRARYCLOSEDPROFILEDEF(.AREA.,$,#10465);
#10465=IFCINDEXEDPOLYCURVE(#10466,(IFCLINEINDEX((1,2,3,4,1))),$);
#10466=IFCCARTESIANPOINTLIST2D(((0.,0.),(0.7105269730091095,0.),(0.7105269730091095,0.010999999940395355),(0.,0.010999999940395355)));
#10467=IFCAXIS2PLACEMENT3D(#10468,#10469,#10470);
#10468=IFCCARTESIANPOINT((0.094736501574516296,0.23000003397464752,0.));
#10469=IFCDIRECTION((0.,0.,1.));
#10470=IFCDIRECTION((1.,0.,0.));
#10471=IFCDIRECTION((0.,0.,1.));
#10472=IFCREPRESENTATIONMAP(#10473,#10477);
#10473=IFCAXIS2PLACEMENT3D(#10474,#10475,#10476);
#10474=IFCCARTESIANPOINT((0.,0.,0.));
#10475=IFCDIRECTION((0.,0.,1.));
#10476=IFCDIRECTION((1.,0.,0.));
#10477=IFCSHAPEREPRESENTATION(#24,'Body','Curve2D',(#10478,#10480,#10482,#10489));
#10478=IFCINDEXEDPOLYCURVE(#10479,(IFCLINEINDEX((1,2,3,4,5,6,1))),$);
#10479=IFCCARTESIANPOINTLIST2D(((0.,-0.015692234039306641),(0.,0.070312783122062683),(0.02500000037252903,0.070312783122062683),(0.02500000037252903,0.0093077663332223892),(0.094736501574516296,0.0093077663332223892),(0.094736501574516296,-0.015692234039306641)));
#10480=IFCINDEXEDPOLYCURVE(#10481,(IFCLINEINDEX((1,2,3,4,5,6,1))),$);
#10481=IFCCARTESIANPOINTLIST2D(((0.89999997615814209,-0.015692234039306641),(0.89999997615814209,0.070312783122062683),(0.87499997578561306,0.070312783122062683),(0.87499997578561306,0.0093077663332223892),(0.80526347458362579,0.0093077663332223892),(0.80526347458362579,-0.015692234039306641)));
#10482=IFCTRIMMEDCURVE(#10483,(#10487),(#10488),.T.,.CARTESIAN.);
#10483=IFCELLIPSE(#10484,0.75499998405575752,0.84999997541308403);
#10484=IFCAXIS2PLACEMENT2D(#10485,#10486);
#10485=IFCCARTESIANPOINT((0.77999998442828655,0.070312783122062683));
#10486=IFCDIRECTION((1.,0.));
#10487=IFCCARTESIANPOINT((0.77999998442828655,0.92031275853514671));
#10488=IFCCARTESIANPOINT((0.02500000037252903,0.070312783122062683));
#10489=IFCINDEXEDPOLYCURVE(#10490,(IFCLINEINDEX((1,2,3,4,1))),$);
#10490=IFCCARTESIANPOINTLIST2D(((0.87499997578561306,0.070312783122062683),(0.77999998442828655,0.070312783122062683),(0.77999998442828655,0.92031275853514671),(0.87499997578561306,0.92031275853514671)));
#10491=IFCDOORTYPE('1tIa4kpZPBLAX8hBDUWvnn',$,'BEDROOM2-2F',$,$,(#10492),(#10494,#10502,#10562),$,$,.DOOR.,.SINGLE_SWING_LEFT.,$,$);
#10492=IFCPROPERTYSET('2wY$HicFfEMQvu9JMiHJKA',$,'BBIM_Door',$,(#10493));
#10493=IFCPROPERTYSINGLEVALUE('Data',$,IFCTEXT('{"door_type": "SINGLE_SWING_RIGHT", "overall_height": 2.0, "overall_width": 0.8999999761581421, "lining_properties": {"lining_depth": 0.08600501716136932, "lining_thickness": 0.0947365015745163, "lining_offset": -0.01569223403930664, "lining_to_panel_offset_x": 0.02500000037252903, "lining_to_panel_offset_y": 0.02500000037252903, "transom_thickness": 0.0, "threshold_thickness": 0.02500000037252903, "threshold_depth": 0.010999999940395355, "threshold_offset": 0.23000003397464752}, "panel_properties": {"panel_depth": 0.09499999135732651, "panel_width_ratio": 1.0}}'),$);
#10494=IFCREPRESENTATIONMAP(#10495,#10499);
#10495=IFCAXIS2PLACEMENT3D(#10496,#10497,#10498);
#10496=IFCCARTESIANPOINT((0.,0.,0.));
#10497=IFCDIRECTION((0.,0.,1.));
#10498=IFCDIRECTION((1.,0.,0.));
#10499=IFCSHAPEREPRESENTATION(#18,'Profile','Curve3D',(#10500));
#10500=IFCINDEXEDPOLYCURVE(#10501,(IFCLINEINDEX((1,2,3,4,1))),$);
#10501=IFCCARTESIANPOINTLIST3D(((0.,0.,0.),(0.89999997615814209,0.,0.),(0.89999997615814209,0.,2.),(0.,0.,2.)));
#10502=IFCREPRESENTATIONMAP(#10503,#10507);
#10503=IFCAXIS2PLACEMENT3D(#10504,#10505,#10506);
#10504=IFCCARTESIANPOINT((0.,0.,0.));
#10505=IFCDIRECTION((0.,0.,1.));
#10506=IFCDIRECTION((1.,0.,0.));
#10507=IFCSHAPEREPRESENTATION(#11,'Body','SweptSolid',(#10508,#10517,#10526,#10535,#10544,#10553));
#10508=IFCEXTRUDEDAREASOLID(#10509,#10512,#10516,0.061005016788840294);
#10509=IFCARBITRARYCLOSEDPROFILEDEF(.AREA.,$,#10510);
#10510=IFCINDEXEDPOLYCURVE(#10511,(IFCLINEINDEX((1,2,3,4,5,6,7,8,1))),$);
#10511=IFCCARTESIANPOINTLIST2D(((0.,0.),(0.,2.),(0.89999997615814209,2.),(0.89999997615814209,0.),(0.87499997578561306,0.),(0.87499997578561306,1.974999999627471),(0.02500000037252903,1.974999999627471),(0.02500000037252903,0.)));
#10512=IFCAXIS2PLACEMENT3D(#10513,#10514,#10515);
#10513=IFCCARTESIANPOINT((0.,0.0093077663332223892,0.));
#10514=IFCDIRECTION((0.,-1.,0.));
#10515=IFCDIRECTION((1.,0.,0.));
#10516=IFCDIRECTION((0.,0.,-1.));
#10517=IFCEXTRUDEDAREASOLID(#10518,#10521,#10525,0.02500000037252903);
#10518=IFCARBITRARYCLOSEDPROFILEDEF(.AREA.,$,#10519);
#10519=IFCINDEXEDPOLYCURVE(#10520,(IFCLINEINDEX((1,2,3,4,5,6,7,8,1))),$);
#10520=IFCCARTESIANPOINTLIST2D(((0.,0.),(0.,2.),(0.89999997615814209,2.),(0.89999997615814209,0.),(0.80526347458362579,0.),(0.80526347458362579,1.9052634984254837),(0.094736501574516296,1.9052634984254837),(0.094736501574516296,0.)));
#10521=IFCAXIS2PLACEMENT3D(#10522,#10523,#10524);
#10522=IFCCARTESIANPOINT((0.,-0.015692234039306641,0.));
#10523=IFCDIRECTION((0.,-1.,0.));
#10524=IFCDIRECTION((1.,0.,0.));
#10525=IFCDIRECTION((0.,0.,-1.));
#10526=IFCEXTRUDEDAREASOLID(#10527,#10530,#10534,1.9499999992549419);
#10527=IFCARBITRARYCLOSEDPROFILEDEF(.AREA.,$,#10528);
#10528=IFCINDEXEDPOLYCURVE(#10529,(IFCLINEINDEX((1,2,3,4,1))),$);
#10529=IFCCARTESIANPOINTLIST2D(((0.,0.),(0.84999997541308403,0.),(0.84999997541308403,0.094999991357326508),(0.,0.094999991357326508)));
#10530=IFCAXIS2PLACEMENT3D(#10531,#10532,#10533);
#10531=IFCCARTESIANPOINT((0.02500000037252903,0.0093077663332223892,0.02500000037252903));
#10532=IFCDIRECTION((0.,0.,1.));
#10533=IFCDIRECTION((1.,0.,0.));
#10534=IFCDIRECTION((0.,0.,1.));
#10535=IFCEXTRUDEDAREASOLID(#10536,#10539,#10543,0.02);
#10536=IFCARBITRARYCLOSEDPROFILEDEF(.AREA.,$,#10537);
#10537=IFCINDEXEDPOLYCURVE(#10538,(IFCLINEINDEX((1,2,3,4,5,6,1))),$);
#10538=IFCCARTESIANPOINTLIST2D(((0.,0.),(0.,-0.040000000000000001),(0.12,-0.040000000000000001),(0.12,-0.02),(0.02,-0.02),(0.02,0.)));
#10539=IFCAXIS2PLACEMENT3D(#10540,#10541,#10542);
#10540=IFCCARTESIANPOINT((0.075000000372529033,0.0093077663332223892,1.015000000372529));
#10541=IFCDIRECTION((0.,0.,1.));
#10542=IFCDIRECTION((1.,0.,0.));
#10543=IFCDIRECTION((0.,0.,1.));
#10544=IFCEXTRUDEDAREASOLID(#10545,#10548,#10552,0.02);
#10545=IFCARBITRARYCLOSEDPROFILEDEF(.AREA.,$,#10546);
#10546=IFCINDEXEDPOLYCURVE(#10547,(IFCLINEINDEX((1,2,3,4,5,6,1))),$);
#10547=IFCCARTESIANPOINTLIST2D(((0.,0.),(0.,0.040000000000000008),(0.11999999999999998,0.040000000000000008),(0.11999999999999998,0.020000000000000018),(0.020000000000000004,0.020000000000000018),(0.020000000000000004,0.)));
#10548=IFCAXIS2PLACEMENT3D(#10549,#10550,#10551);
#10549=IFCCARTESIANPOINT((0.075000000372529033,0.1043077576905489,1.015000000372529));
#10550=IFCDIRECTION((0.,0.,1.));
#10551=IFCDIRECTION((1.,0.,0.));
#10552=IFCDIRECTION((0.,0.,1.));
#10553=IFCEXTRUDEDAREASOLID(#10554,#10557,#10561,0.02500000037252903);
#10554=IFCARBITRARYCLOSEDPROFILEDEF(.AREA.,$,#10555);
#10555=IFCINDEXEDPOLYCURVE(#10556,(IFCLINEINDEX((1,2,3,4,1))),$);
#10556=IFCCARTESIANPOINTLIST2D(((0.,0.),(0.7105269730091095,0.),(0.7105269730091095,0.010999999940395355),(0.,0.010999999940395355)));
#10557=IFCAXIS2PLACEMENT3D(#10558,#10559,#10560);
#10558=IFCCARTESIANPOINT((0.094736501574516296,0.23000003397464752,0.));
#10559=IFCDIRECTION((0.,0.,1.));
#10560=IFCDIRECTION((1.,0.,0.));
#10561=IFCDIRECTION((0.,0.,1.));
#10562=IFCREPRESENTATIONMAP(#10563,#10567);
#10563=IFCAXIS2PLACEMENT3D(#10564,#10565,#10566);
#10564=IFCCARTESIANPOINT((0.,0.,0.));
#10565=IFCDIRECTION((0.,0.,1.));
#10566=IFCDIRECTION((1.,0.,0.));
#10567=IFCSHAPEREPRESENTATION(#24,'Body','Curve2D',(#10568,#10570,#10572,#10579));
#10568=IFCINDEXEDPOLYCURVE(#10569,(IFCLINEINDEX((1,2,3,4,5,6,1))),$);
#10569=IFCCARTESIANPOINTLIST2D(((0.,-0.015692234039306641),(0.,0.070312783122062683),(0.02500000037252903,0.070312783122062683),(0.02500000037252903,0.0093077663332223892),(0.094736501574516296,0.0093077663332223892),(0.094736501574516296,-0.015692234039306641)));
#10570=IFCINDEXEDPOLYCURVE(#10571,(IFCLINEINDEX((1,2,3,4,5,6,1))),$);
#10571=IFCCARTESIANPOINTLIST2D(((0.89999997615814209,-0.015692234039306641),(0.89999997615814209,0.070312783122062683),(0.87499997578561306,0.070312783122062683),(0.87499997578561306,0.0093077663332223892),(0.80526347458362579,0.0093077663332223892),(0.80526347458362579,-0.015692234039306641)));
#10572=IFCTRIMMEDCURVE(#10573,(#10577),(#10578),.T.,.CARTESIAN.);
#10573=IFCELLIPSE(#10574,0.75499998405575752,0.84999997541308403);
#10574=IFCAXIS2PLACEMENT2D(#10575,#10576);
#10575=IFCCARTESIANPOINT((0.77999998442828655,0.070312783122062683));
#10576=IFCDIRECTION((1.,0.));
#10577=IFCCARTESIANPOINT((0.77999998442828655,0.92031275853514671));
#10578=IFCCARTESIANPOINT((0.02500000037252903,0.070312783122062683));
#10579=IFCINDEXEDPOLYCURVE(#10580,(IFCLINEINDEX((1,2,3,4,1))),$);
#10580=IFCCARTESIANPOINTLIST2D(((0.87499997578561306,0.070312783122062683),(0.77999998442828655,0.070312783122062683),(0.77999998442828655,0.92031275853514671),(0.87499997578561306,0.92031275853514671)));
#10581=IFCDOOR('0UvIRkE5HDcAy4qHV34kVy',$,'Door',$,$,#10645,#10590,$,2.,0.89999997615814209,$,$,$);
#10582=IFCRELDEFINESBYTYPE('0MuUWkMOzCpxrxJXaSZFrx',$,$,$,(#10581),#10311);
#10583=IFCCARTESIANPOINT((0.,0.,0.));
#10584=IFCDIRECTION((1.,0.,0.));
#10585=IFCDIRECTION((0.,1.,0.));
#10586=IFCDIRECTION((0.,0.,1.));
#10587=IFCCARTESIANTRANSFORMATIONOPERATOR3D(#10584,#10585,#10583,1.,#10586);
#10588=IFCMAPPEDITEM(#10314,#10587);
#10589=IFCSHAPEREPRESENTATION(#18,'Profile','MappedRepresentation',(#10588));
#10590=IFCPRODUCTDEFINITIONSHAPE($,$,(#10589,#10597,#10604));
#10591=IFCCARTESIANPOINT((0.,0.,0.));
#10592=IFCDIRECTION((1.,0.,0.));
#10593=IFCDIRECTION((0.,1.,0.));
#10594=IFCDIRECTION((0.,0.,1.));
#10595=IFCCARTESIANTRANSFORMATIONOPERATOR3D(#10592,#10593,#10591,1.,#10594);
#10596=IFCMAPPEDITEM(#10322,#10595);
#10597=IFCSHAPEREPRESENTATION(#11,'Body','MappedRepresentation',(#10596));
#10598=IFCCARTESIANPOINT((0.,0.,0.));
#10599=IFCDIRECTION((1.,0.,0.));
#10600=IFCDIRECTION((0.,1.,0.));
#10601=IFCDIRECTION((0.,0.,1.));
#10602=IFCCARTESIANTRANSFORMATIONOPERATOR3D(#10599,#10600,#10598,1.,#10601);
#10603=IFCMAPPEDITEM(#10382,#10602);
#10604=IFCSHAPEREPRESENTATION(#24,'Body','MappedRepresentation',(#10603));
#10605=IFCOPENINGELEMENT('2btZeCsq9A6wo66R4Prd2F',$,'Opening',$,$,#10639,#10633,$,.OPENING.);
#10611=IFCCARTESIANPOINTLIST2D(((0.,0.),(0.89999997615814209,0.),(0.89999997615814209,2.),(0.,2.)));
#10612=IFCINDEXEDPOLYCURVE(#10611,(IFCLINEINDEX((1,2,3,4,1))),$);
#10613=IFCARBITRARYCLOSEDPROFILEDEF(.AREA.,$,#10612);
#10614=IFCCARTESIANPOINT((0.,-0.60000002384185791,0.));
#10615=IFCDIRECTION((0.,-1.,0.));
#10616=IFCDIRECTION((1.,0.,0.));
#10617=IFCAXIS2PLACEMENT3D(#10614,#10615,#10616);
#10618=IFCDIRECTION((0.,0.,-1.));
#10619=IFCEXTRUDEDAREASOLID(#10613,#10617,#10618,1.2);
#10620=IFCSHAPEREPRESENTATION(#11,'Body','SweptSolid',(#10619));
#10621=IFCCARTESIANPOINT((0.,0.,0.));
#10622=IFCDIRECTION((1.,0.,0.));
#10623=IFCDIRECTION((0.,0.,1.));
#10624=IFCAXIS2PLACEMENT3D(#10621,#10623,#10622);
#10625=IFCREPRESENTATIONMAP(#10624,#10620);
#10626=IFCCARTESIANPOINT((0.,0.,0.));
#10627=IFCDIRECTION((1.,0.,0.));
#10628=IFCDIRECTION((0.,1.,0.));
#10629=IFCDIRECTION((0.,0.,1.));
#10630=IFCCARTESIANTRANSFORMATIONOPERATOR3D(#10627,#10628,#10626,1.,#10629);
#10631=IFCMAPPEDITEM(#10625,#10630);
#10632=IFCSHAPEREPRESENTATION(#11,'Body','MappedRepresentation',(#10631));
#10633=IFCPRODUCTDEFINITIONSHAPE($,$,(#10632));
#10634=IFCRELVOIDSELEMENT('3mhxOdAQ9FGvvqQns$fR$i',$,$,$,#9542,#10605);
#10635=IFCCARTESIANPOINT((3.5608736185334617,0.10000043310539974,0.));
#10636=IFCDIRECTION((0.,0.,1.));
#10637=IFCDIRECTION((-0.99999999999999623,-8.7422783678901786E-08,0.));
#10638=IFCAXIS2PLACEMENT3D(#10635,#10636,#10637);
#10639=IFCLOCALPLACEMENT(#9716,#10638);
#10640=IFCRELFILLSELEMENT('2ccoxTaV1DEAmhgjOBObuu',$,$,$,#10605,#10581);
#10641=IFCCARTESIANPOINT((-4.4408920985006262E-16,0.,0.));
#10642=IFCDIRECTION((0.,0.,1.));
#10643=IFCDIRECTION((0.99999999999999978,2.6469779601696886E-23,0.));
#10644=IFCAXIS2PLACEMENT3D(#10641,#10642,#10643);
#10645=IFCLOCALPLACEMENT(#10639,#10644);
#10646=IFCDOOR('0z8$6Dxcv0UfntOaPmNEx3',$,'Door',$,$,#10710,#10655,$,2.,0.89999997615814209,$,$,$);
#10647=IFCRELDEFINESBYTYPE('2UNP$WDDfAbgoYLIAyep7c',$,$,$,(#10646),#10401);
#10648=IFCCARTESIANPOINT((0.,0.,0.));
#10649=IFCDIRECTION((1.,0.,0.));
#10650=IFCDIRECTION((0.,1.,0.));
#10651=IFCDIRECTION((0.,0.,1.));
#10652=IFCCARTESIANTRANSFORMATIONOPERATOR3D(#10649,#10650,#10648,1.,#10651);
#10653=IFCMAPPEDITEM(#10404,#10652);
#10654=IFCSHAPEREPRESENTATION(#18,'Profile','MappedRepresentation',(#10653));
#10655=IFCPRODUCTDEFINITIONSHAPE($,$,(#10654,#10662,#10669));
#10656=IFCCARTESIANPOINT((0.,0.,0.));
#10657=IFCDIRECTION((1.,0.,0.));
#10658=IFCDIRECTION((0.,1.,0.));
#10659=IFCDIRECTION((0.,0.,1.));
#10660=IFCCARTESIANTRANSFORMATIONOPERATOR3D(#10657,#10658,#10656,1.,#10659);
#10661=IFCMAPPEDITEM(#10412,#10660);
#10662=IFCSHAPEREPRESENTATION(#11,'Body','MappedRepresentation',(#10661));
#10663=IFCCARTESIANPOINT((0.,0.,0.));
#10664=IFCDIRECTION((1.,0.,0.));
#10665=IFCDIRECTION((0.,1.,0.));
#10666=IFCDIRECTION((0.,0.,1.));
#10667=IFCCARTESIANTRANSFORMATIONOPERATOR3D(#10664,#10665,#10663,1.,#10666);
#10668=IFCMAPPEDITEM(#10472,#10667);
#10669=IFCSHAPEREPRESENTATION(#24,'Body','MappedRepresentation',(#10668));
#10670=IFCOPENINGELEMENT('0tBKy8a9j7ou46qbahfRw3',$,'Opening',$,$,#10704,#10698,$,.OPENING.);
#10676=IFCCARTESIANPOINTLIST2D(((0.,0.),(0.89999997615814209,0.),(0.89999997615814209,2.),(0.,2.)));
#10677=IFCINDEXEDPOLYCURVE(#10676,(IFCLINEINDEX((1,2,3,4,1))),$);
#10678=IFCARBITRARYCLOSEDPROFILEDEF(.AREA.,$,#10677);
#10679=IFCCARTESIANPOINT((0.,-0.60000002384185791,0.));
#10680=IFCDIRECTION((0.,-1.,0.));
#10681=IFCDIRECTION((1.,0.,0.));
#10682=IFCAXIS2PLACEMENT3D(#10679,#10680,#10681);
#10683=IFCDIRECTION((0.,0.,-1.));
#10684=IFCEXTRUDEDAREASOLID(#10678,#10682,#10683,1.2);
#10685=IFCSHAPEREPRESENTATION(#11,'Body','SweptSolid',(#10684));
#10686=IFCCARTESIANPOINT((0.,0.,0.));
#10687=IFCDIRECTION((1.,0.,0.));
#10688=IFCDIRECTION((0.,0.,1.));
#10689=IFCAXIS2PLACEMENT3D(#10686,#10688,#10687);
#10690=IFCREPRESENTATIONMAP(#10689,#10685);
#10691=IFCCARTESIANPOINT((0.,0.,0.));
#10692=IFCDIRECTION((1.,0.,0.));
#10693=IFCDIRECTION((0.,1.,0.));
#10694=IFCDIRECTION((0.,0.,1.));
#10695=IFCCARTESIANTRANSFORMATIONOPERATOR3D(#10692,#10693,#10691,1.,#10694);
#10696=IFCMAPPEDITEM(#10690,#10695);
#10697=IFCSHAPEREPRESENTATION(#11,'Body','MappedRepresentation',(#10696));
#10698=IFCPRODUCTDEFINITIONSHAPE($,$,(#10697));
#10699=IFCRELVOIDSELEMENT('3IJBTAJAH2vxDca5$lvy3w',$,$,$,#9542,#10670);
#10700=IFCCARTESIANPOINT((4.7420872358583033,0.10000055254250739,0.));
#10701=IFCDIRECTION((0.,0.,1.));
#10702=IFCDIRECTION((-0.99999999999999623,-8.7422783678901786E-08,0.));
#10703=IFCAXIS2PLACEMENT3D(#10700,#10701,#10702);
#10704=IFCLOCALPLACEMENT(#9716,#10703);
#10705=IFCRELFILLSELEMENT('3GT9P7ivbAIRuHvtqQ8W6e',$,$,$,#10670,#10646);
#10706=IFCCARTESIANPOINT((2.2204460492503131E-16,0.,0.));
#10707=IFCDIRECTION((0.,0.,1.));
#10708=IFCDIRECTION((0.99999999999999978,2.6469779601696886E-23,0.));
#10709=IFCAXIS2PLACEMENT3D(#10706,#10707,#10708);
#10710=IFCLOCALPLACEMENT(#10704,#10709);
#10711=IFCDOOR('0Hjfegx_j3GObUu7hDwkC0',$,'Door',$,$,#10775,#10720,$,2.,0.89999997615814209,$,$,$);
#10712=IFCRELDEFINESBYTYPE('3K1V2uPLL2pQnPCXfEQKom',$,$,$,(#10711),#10491);
#10713=IFCCARTESIANPOINT((0.,0.,0.));
#10714=IFCDIRECTION((1.,0.,0.));
#10715=IFCDIRECTION((0.,1.,0.));
#10716=IFCDIRECTION((0.,0.,1.));
#10717=IFCCARTESIANTRANSFORMATIONOPERATOR3D(#10714,#10715,#10713,1.,#10716);
#10718=IFCMAPPEDITEM(#10494,#10717);
#10719=IFCSHAPEREPRESENTATION(#18,'Profile','MappedRepresentation',(#10718));
#10720=IFCPRODUCTDEFINITIONSHAPE($,$,(#10719,#10727,#10734));
#10721=IFCCARTESIANPOINT((0.,0.,0.));
#10722=IFCDIRECTION((1.,0.,0.));
#10723=IFCDIRECTION((0.,1.,0.));
#10724=IFCDIRECTION((0.,0.,1.));
#10725=IFCCARTESIANTRANSFORMATIONOPERATOR3D(#10722,#10723,#10721,1.,#10724);
#10726=IFCMAPPEDITEM(#10502,#10725);
#10727=IFCSHAPEREPRESENTATION(#11,'Body','MappedRepresentation',(#10726));
#10728=IFCCARTESIANPOINT((0.,0.,0.));
#10729=IFCDIRECTION((1.,0.,0.));
#10730=IFCDIRECTION((0.,1.,0.));
#10731=IFCDIRECTION((0.,0.,1.));
#10732=IFCCARTESIANTRANSFORMATIONOPERATOR3D(#10729,#10730,#10728,1.,#10731);
#10733=IFCMAPPEDITEM(#10562,#10732);
#10734=IFCSHAPEREPRESENTATION(#24,'Body','MappedRepresentation',(#10733));
#10735=IFCOPENINGELEMENT('3PckCqGATFXgot7RPDiHk9',$,'Opening',$,$,#10769,#10763,$,.OPENING.);
#10741=IFCCARTESIANPOINTLIST2D(((0.,0.),(0.89999997615814209,0.),(0.89999997615814209,2.),(0.,2.)));
#10742=IFCINDEXEDPOLYCURVE(#10741,(IFCLINEINDEX((1,2,3,4,1))),$);
#10743=IFCARBITRARYCLOSEDPROFILEDEF(.AREA.,$,#10742);
#10744=IFCCARTESIANPOINT((0.,-0.60000002384185791,0.));
#10745=IFCDIRECTION((0.,-1.,0.));
#10746=IFCDIRECTION((1.,0.,0.));
#10747=IFCAXIS2PLACEMENT3D(#10744,#10745,#10746);
#10748=IFCDIRECTION((0.,0.,-1.));
#10749=IFCEXTRUDEDAREASOLID(#10743,#10747,#10748,1.2);
#10750=IFCSHAPEREPRESENTATION(#11,'Body','SweptSolid',(#10749));
#10751=IFCCARTESIANPOINT((0.,0.,0.));
#10752=IFCDIRECTION((1.,0.,0.));
#10753=IFCDIRECTION((0.,0.,1.));
#10754=IFCAXIS2PLACEMENT3D(#10751,#10753,#10752);
#10755=IFCREPRESENTATIONMAP(#10754,#10750);
#10756=IFCCARTESIANPOINT((0.,0.,0.));
#10757=IFCDIRECTION((1.,0.,0.));
#10758=IFCDIRECTION((0.,1.,0.));
#10759=IFCDIRECTION((0.,0.,1.));
#10760=IFCCARTESIANTRANSFORMATIONOPERATOR3D(#10757,#10758,#10756,1.,#10759);
#10761=IFCMAPPEDITEM(#10755,#10760);
#10762=IFCSHAPEREPRESENTATION(#11,'Body','MappedRepresentation',(#10761));
#10763=IFCPRODUCTDEFINITIONSHAPE($,$,(#10762));
#10764=IFCRELVOIDSELEMENT('21nZ7ws89Ek9DwoWL_jKYx',$,$,$,#8819,#10735);
#10765=IFCCARTESIANPOINT((3.5550525339442238,0.09999999368332918,0.));
#10766=IFCDIRECTION((0.,0.,1.));
#10767=IFCDIRECTION((-0.99999999999999611,8.742277657347468E-08,0.));
#10768=IFCAXIS2PLACEMENT3D(#10765,#10766,#10767);
#10769=IFCLOCALPLACEMENT(#8830,#10768);
#10770=IFCRELFILLSELEMENT('3AJNGWBaHDruunZYGsNj8U',$,$,$,#10735,#10711);
#10771=IFCCARTESIANPOINT((-4.4408920985006262E-16,-5.5511151231257827E-17,0.));
#10772=IFCDIRECTION((0.,0.,1.));
#10773=IFCDIRECTION((0.99999999999999989,1.3234889800848443E-23,0.));
#10774=IFCAXIS2PLACEMENT3D(#10771,#10772,#10773);
#10775=IFCLOCALPLACEMENT(#10769,#10774);
#10776=IFCDOORTYPE('0mGKonjcPChhUcIl1hf4zC',$,'BEDROOM2-BALCONY-2F',$,$,(#10777),(#10779,#10787,#10847),$,$,.DOOR.,.SINGLE_SWING_LEFT.,$,$);
#10777=IFCPROPERTYSET('1e0xNJpxTDlvmFxSUM9mWx',$,'BBIM_Door',$,(#10778));
#10778=IFCPROPERTYSINGLEVALUE('Data',$,IFCTEXT('{"door_type": "SINGLE_SWING_RIGHT", "overall_height": 2.0, "overall_width": 0.8999999761581421, "lining_properties": {"lining_depth": 0.08600501716136932, "lining_thickness": 0.0947365015745163, "lining_offset": -0.01569223403930664, "lining_to_panel_offset_x": 0.02500000037252903, "lining_to_panel_offset_y": 0.02500000037252903, "transom_thickness": 0.0, "threshold_thickness": 0.02500000037252903, "threshold_depth": 0.010999999940395355, "threshold_offset": 0.23000003397464752}, "panel_properties": {"panel_depth": 0.09499999135732651, "panel_width_ratio": 1.0}}'),$);
#10779=IFCREPRESENTATIONMAP(#10780,#10784);
#10780=IFCAXIS2PLACEMENT3D(#10781,#10782,#10783);
#10781=IFCCARTESIANPOINT((0.,0.,0.));
#10782=IFCDIRECTION((0.,0.,1.));
#10783=IFCDIRECTION((1.,0.,0.));
#10784=IFCSHAPEREPRESENTATION(#18,'Profile','Curve3D',(#10785));
#10785=IFCINDEXEDPOLYCURVE(#10786,(IFCLINEINDEX((1,2,3,4,1))),$);
#10786=IFCCARTESIANPOINTLIST3D(((0.,0.,0.),(0.89999997615814209,0.,0.),(0.89999997615814209,0.,2.),(0.,0.,2.)));
#10787=IFCREPRESENTATIONMAP(#10788,#10792);
#10788=IFCAXIS2PLACEMENT3D(#10789,#10790,#10791);
#10789=IFCCARTESIANPOINT((0.,0.,0.));
#10790=IFCDIRECTION((0.,0.,1.));
#10791=IFCDIRECTION((1.,0.,0.));
#10792=IFCSHAPEREPRESENTATION(#11,'Body','SweptSolid',(#10793,#10802,#10811,#10820,#10829,#10838));
#10793=IFCEXTRUDEDAREASOLID(#10794,#10797,#10801,0.061005016788840294);
#10794=IFCARBITRARYCLOSEDPROFILEDEF(.AREA.,$,#10795);
#10795=IFCINDEXEDPOLYCURVE(#10796,(IFCLINEINDEX((1,2,3,4,5,6,7,8,1))),$);
#10796=IFCCARTESIANPOINTLIST2D(((0.,0.),(0.,2.),(0.89999997615814209,2.),(0.89999997615814209,0.),(0.87499997578561306,0.),(0.87499997578561306,1.974999999627471),(0.02500000037252903,1.974999999627471),(0.02500000037252903,0.)));
#10797=IFCAXIS2PLACEMENT3D(#10798,#10799,#10800);
#10798=IFCCARTESIANPOINT((0.,0.0093077663332223892,0.));
#10799=IFCDIRECTION((0.,-1.,0.));
#10800=IFCDIRECTION((1.,0.,0.));
#10801=IFCDIRECTION((0.,0.,-1.));
#10802=IFCEXTRUDEDAREASOLID(#10803,#10806,#10810,0.02500000037252903);
#10803=IFCARBITRARYCLOSEDPROFILEDEF(.AREA.,$,#10804);
#10804=IFCINDEXEDPOLYCURVE(#10805,(IFCLINEINDEX((1,2,3,4,5,6,7,8,1))),$);
#10805=IFCCARTESIANPOINTLIST2D(((0.,0.),(0.,2.),(0.89999997615814209,2.),(0.89999997615814209,0.),(0.80526347458362579,0.),(0.80526347458362579,1.9052634984254837),(0.094736501574516296,1.9052634984254837),(0.094736501574516296,0.)));
#10806=IFCAXIS2PLACEMENT3D(#10807,#10808,#10809);
#10807=IFCCARTESIANPOINT((0.,-0.015692234039306641,0.));
#10808=IFCDIRECTION((0.,-1.,0.));
#10809=IFCDIRECTION((1.,0.,0.));
#10810=IFCDIRECTION((0.,0.,-1.));
#10811=IFCEXTRUDEDAREASOLID(#10812,#10815,#10819,1.9499999992549419);
#10812=IFCARBITRARYCLOSEDPROFILEDEF(.AREA.,$,#10813);
#10813=IFCINDEXEDPOLYCURVE(#10814,(IFCLINEINDEX((1,2,3,4,1))),$);
#10814=IFCCARTESIANPOINTLIST2D(((0.,0.),(0.84999997541308403,0.),(0.84999997541308403,0.094999991357326508),(0.,0.094999991357326508)));
#10815=IFCAXIS2PLACEMENT3D(#10816,#10817,#10818);
#10816=IFCCARTESIANPOINT((0.02500000037252903,0.0093077663332223892,0.02500000037252903));
#10817=IFCDIRECTION((0.,0.,1.));
#10818=IFCDIRECTION((1.,0.,0.));
#10819=IFCDIRECTION((0.,0.,1.));
#10820=IFCEXTRUDEDAREASOLID(#10821,#10824,#10828,0.02);
#10821=IFCARBITRARYCLOSEDPROFILEDEF(.AREA.,$,#10822);
#10822=IFCINDEXEDPOLYCURVE(#10823,(IFCLINEINDEX((1,2,3,4,5,6,1))),$);
#10823=IFCCARTESIANPOINTLIST2D(((0.,0.),(0.,-0.040000000000000001),(0.12,-0.040000000000000001),(0.12,-0.02),(0.02,-0.02),(0.02,0.)));
#10824=IFCAXIS2PLACEMENT3D(#10825,#10826,#10827);
#10825=IFCCARTESIANPOINT((0.075000000372529033,0.0093077663332223892,1.015000000372529));
#10826=IFCDIRECTION((0.,0.,1.));
#10827=IFCDIRECTION((1.,0.,0.));
#10828=IFCDIRECTION((0.,0.,1.));
#10829=IFCEXTRUDEDAREASOLID(#10830,#10833,#10837,0.02);
#10830=IFCARBITRARYCLOSEDPROFILEDEF(.AREA.,$,#10831);
#10831=IFCINDEXEDPOLYCURVE(#10832,(IFCLINEINDEX((1,2,3,4,5,6,1))),$);
#10832=IFCCARTESIANPOINTLIST2D(((0.,0.),(0.,0.040000000000000008),(0.11999999999999998,0.040000000000000008),(0.11999999999999998,0.020000000000000018),(0.020000000000000004,0.020000000000000018),(0.020000000000000004,0.)));
#10833=IFCAXIS2PLACEMENT3D(#10834,#10835,#10836);
#10834=IFCCARTESIANPOINT((0.075000000372529033,0.1043077576905489,1.015000000372529));
#10835=IFCDIRECTION((0.,0.,1.));
#10836=IFCDIRECTION((1.,0.,0.));
#10837=IFCDIRECTION((0.,0.,1.));
#10838=IFCEXTRUDEDAREASOLID(#10839,#10842,#10846,0.02500000037252903);
#10839=IFCARBITRARYCLOSEDPROFILEDEF(.AREA.,$,#10840);
#10840=IFCINDEXEDPOLYCURVE(#10841,(IFCLINEINDEX((1,2,3,4,1))),$);
#10841=IFCCARTESIANPOINTLIST2D(((0.,0.),(0.7105269730091095,0.),(0.7105269730091095,0.010999999940395355),(0.,0.010999999940395355)));
#10842=IFCAXIS2PLACEMENT3D(#10843,#10844,#10845);
#10843=IFCCARTESIANPOINT((0.094736501574516296,0.23000003397464752,0.));
#10844=IFCDIRECTION((0.,0.,1.));
#10845=IFCDIRECTION((1.,0.,0.));
#10846=IFCDIRECTION((0.,0.,1.));
#10847=IFCREPRESENTATIONMAP(#10848,#10852);
#10848=IFCAXIS2PLACEMENT3D(#10849,#10850,#10851);
#10849=IFCCARTESIANPOINT((0.,0.,0.));
#10850=IFCDIRECTION((0.,0.,1.));
#10851=IFCDIRECTION((1.,0.,0.));
#10852=IFCSHAPEREPRESENTATION(#24,'Body','Curve2D',(#10853,#10855,#10857,#10864));
#10853=IFCINDEXEDPOLYCURVE(#10854,(IFCLINEINDEX((1,2,3,4,5,6,1))),$);
#10854=IFCCARTESIANPOINTLIST2D(((0.,-0.015692234039306641),(0.,0.070312783122062683),(0.02500000037252903,0.070312783122062683),(0.02500000037252903,0.0093077663332223892),(0.094736501574516296,0.0093077663332223892),(0.094736501574516296,-0.015692234039306641)));
#10855=IFCINDEXEDPOLYCURVE(#10856,(IFCLINEINDEX((1,2,3,4,5,6,1))),$);
#10856=IFCCARTESIANPOINTLIST2D(((0.89999997615814209,-0.015692234039306641),(0.89999997615814209,0.070312783122062683),(0.87499997578561306,0.070312783122062683),(0.87499997578561306,0.0093077663332223892),(0.80526347458362579,0.0093077663332223892),(0.80526347458362579,-0.015692234039306641)));
#10857=IFCTRIMMEDCURVE(#10858,(#10862),(#10863),.T.,.CARTESIAN.);
#10858=IFCELLIPSE(#10859,0.75499998405575752,0.84999997541308403);
#10859=IFCAXIS2PLACEMENT2D(#10860,#10861);
#10860=IFCCARTESIANPOINT((0.77999998442828655,0.070312783122062683));
#10861=IFCDIRECTION((1.,0.));
#10862=IFCCARTESIANPOINT((0.77999998442828655,0.92031275853514671));
#10863=IFCCARTESIANPOINT((0.02500000037252903,0.070312783122062683));
#10864=IFCINDEXEDPOLYCURVE(#10865,(IFCLINEINDEX((1,2,3,4,1))),$);
#10865=IFCCARTESIANPOINTLIST2D(((0.87499997578561306,0.070312783122062683),(0.77999998442828655,0.070312783122062683),(0.77999998442828655,0.92031275853514671),(0.87499997578561306,0.92031275853514671)));
#10866=IFCDOOR('2n99N8e5rAlRJch5Lwc9Kl',$,'Door',$,$,#10930,#10875,$,2.,0.89999997615814209,$,$,$);
#10867=IFCRELDEFINESBYTYPE('0IZGU19JDAcPA7Np7AUp56',$,$,$,(#10866),#10776);
#10868=IFCCARTESIANPOINT((0.,0.,0.));
#10869=IFCDIRECTION((1.,0.,0.));
#10870=IFCDIRECTION((0.,1.,0.));
#10871=IFCDIRECTION((0.,0.,1.));
#10872=IFCCARTESIANTRANSFORMATIONOPERATOR3D(#10869,#10870,#10868,1.,#10871);
#10873=IFCMAPPEDITEM(#10779,#10872);
#10874=IFCSHAPEREPRESENTATION(#18,'Profile','MappedRepresentation',(#10873));
#10875=IFCPRODUCTDEFINITIONSHAPE($,$,(#10874,#10882,#10889));
#10876=IFCCARTESIANPOINT((0.,0.,0.));
#10877=IFCDIRECTION((1.,0.,0.));
#10878=IFCDIRECTION((0.,1.,0.));
#10879=IFCDIRECTION((0.,0.,1.));
#10880=IFCCARTESIANTRANSFORMATIONOPERATOR3D(#10877,#10878,#10876,1.,#10879);
#10881=IFCMAPPEDITEM(#10787,#10880);
#10882=IFCSHAPEREPRESENTATION(#11,'Body','MappedRepresentation',(#10881));
#10883=IFCCARTESIANPOINT((0.,0.,0.));
#10884=IFCDIRECTION((1.,0.,0.));
#10885=IFCDIRECTION((0.,1.,0.));
#10886=IFCDIRECTION((0.,0.,1.));
#10887=IFCCARTESIANTRANSFORMATIONOPERATOR3D(#10884,#10885,#10883,1.,#10886);
#10888=IFCMAPPEDITEM(#10847,#10887);
#10889=IFCSHAPEREPRESENTATION(#24,'Body','MappedRepresentation',(#10888));
#10890=IFCOPENINGELEMENT('2EognxkRbA4e1P6ejT9pmE',$,'Opening',$,$,#10924,#10918,$,.OPENING.);
#10896=IFCCARTESIANPOINTLIST2D(((0.,0.),(0.89999997615814209,0.),(0.89999997615814209,2.),(0.,2.)));
#10897=IFCINDEXEDPOLYCURVE(#10896,(IFCLINEINDEX((1,2,3,4,1))),$);
#10898=IFCARBITRARYCLOSEDPROFILEDEF(.AREA.,$,#10897);
#10899=IFCCARTESIANPOINT((0.,-0.60000002384185791,0.));
#10900=IFCDIRECTION((0.,-1.,0.));
#10901=IFCDIRECTION((1.,0.,0.));
#10902=IFCAXIS2PLACEMENT3D(#10899,#10900,#10901);
#10903=IFCDIRECTION((0.,0.,-1.));
#10904=IFCEXTRUDEDAREASOLID(#10898,#10902,#10903,1.2);
#10905=IFCSHAPEREPRESENTATION(#11,'Body','SweptSolid',(#10904));
#10906=IFCCARTESIANPOINT((0.,0.,0.));
#10907=IFCDIRECTION((1.,0.,0.));
#10908=IFCDIRECTION((0.,0.,1.));
#10909=IFCAXIS2PLACEMENT3D(#10906,#10908,#10907);
#10910=IFCREPRESENTATIONMAP(#10909,#10905);
#10911=IFCCARTESIANPOINT((0.,0.,0.));
#10912=IFCDIRECTION((1.,0.,0.));
#10913=IFCDIRECTION((0.,1.,0.));
#10914=IFCDIRECTION((0.,0.,1.));
#10915=IFCCARTESIANTRANSFORMATIONOPERATOR3D(#10912,#10913,#10911,1.,#10914);
#10916=IFCMAPPEDITEM(#10910,#10915);
#10917=IFCSHAPEREPRESENTATION(#11,'Body','MappedRepresentation',(#10916));
#10918=IFCPRODUCTDEFINITIONSHAPE($,$,(#10917));
#10919=IFCRELVOIDSELEMENT('1N8bivIpX0cBcxF8fSSzEQ',$,$,$,#9301,#10890);
#10920=IFCCARTESIANPOINT((1.4977159421795114,0.10000004048012867,0.));
#10921=IFCDIRECTION((0.,0.,1.));
#10922=IFCDIRECTION((-0.99999999999999623,8.7600702434152689E-08,0.));
#10923=IFCAXIS2PLACEMENT3D(#10920,#10921,#10922);
#10924=IFCLOCALPLACEMENT(#9415,#10923);
#10925=IFCRELFILLSELEMENT('39BXdAuFbFyA8FpVSfHhWe',$,$,$,#10890,#10866);
#10926=IFCCARTESIANPOINT((2.2204460492503131E-16,0.,0.));
#10927=IFCDIRECTION((0.,0.,1.));
#10928=IFCDIRECTION((0.99999999999999989,1.0842021724855044E-19,0.));
#10929=IFCAXIS2PLACEMENT3D(#10926,#10927,#10928);
#10930=IFCLOCALPLACEMENT(#10924,#10929);
#10931=IFCDOORTYPE('0lV5jpxxP9OOx1z1EKCjXL',$,'BALCONY-2F',$,$,(#10932),(#10934,#10942,#11002,#11155),$,$,.DOOR.,.SINGLE_SWING_LEFT.,$,$);
#10932=IFCPROPERTYSET('0UMxaJbCb8XxM3S7UyZtfa',$,'BBIM_Door',$,(#10933));
#10933=IFCPROPERTYSINGLEVALUE('Data',$,IFCTEXT('{"door_type": "SLIDING_TO_LEFT", "overall_height": 2.0, "overall_width": 0.8999999761581421, "lining_properties": {"lining_depth": 0.08600501716136932, "lining_thickness": 0.0947365015745163, "lining_offset": -0.01569223403930664, "transom_thickness": 0.0, "threshold_thickness": 0.02500000037252903, "threshold_depth": 0.010999999940395355, "threshold_offset": 0.23000003397464752}, "panel_properties": {"panel_depth": 0.09499999135732651, "panel_width_ratio": 1.0}}'),$);
#10934=IFCREPRESENTATIONMAP(#10935,#11088);
#10935=IFCAXIS2PLACEMENT3D(#10936,#10937,#10938);
#10936=IFCCARTESIANPOINT((0.,0.,0.));
#10937=IFCDIRECTION((0.,0.,1.));
#10938=IFCDIRECTION((1.,0.,0.));
#10942=IFCREPRESENTATIONMAP(#10943,#11134);
#10943=IFCAXIS2PLACEMENT3D(#10944,#10945,#10946);
#10944=IFCCARTESIANPOINT((0.,0.,0.));
#10945=IFCDIRECTION((0.,0.,1.));
#10946=IFCDIRECTION((1.,0.,0.));
#11002=IFCREPRESENTATIONMAP(#11003,#11145);
#11003=IFCAXIS2PLACEMENT3D(#11004,#11005,#11006);
#11004=IFCCARTESIANPOINT((0.,0.,0.));
#11005=IFCDIRECTION((0.,0.,1.));
#11006=IFCDIRECTION((1.,0.,0.));
#11021=IFCDOOR('3t7hvan61ANhqZWtPZ9PJo',$,'Door',$,$,#11187,#11030,$,2.,0.89999997615814209,$,.SLIDING_TO_LEFT.,$);
#11022=IFCRELDEFINESBYTYPE('2TUFupj714tAVyRPfMHw4b',$,$,$,(#11021),#10931);
#11023=IFCCARTESIANPOINT((0.,0.,0.));
#11024=IFCDIRECTION((1.,0.,0.));
#11025=IFCDIRECTION((0.,1.,0.));
#11026=IFCDIRECTION((0.,0.,1.));
#11027=IFCCARTESIANTRANSFORMATIONOPERATOR3D(#11024,#11025,#11023,1.,#11026);
#11028=IFCMAPPEDITEM(#10934,#11027);
#11029=IFCSHAPEREPRESENTATION(#18,'Profile','MappedRepresentation',(#11028));
#11030=IFCPRODUCTDEFINITIONSHAPE($,$,(#11029,#11037,#11044,#11162));
#11031=IFCCARTESIANPOINT((0.,0.,0.));
#11032=IFCDIRECTION((1.,0.,0.));
#11033=IFCDIRECTION((0.,1.,0.));
#11034=IFCDIRECTION((0.,0.,1.));
#11035=IFCCARTESIANTRANSFORMATIONOPERATOR3D(#11032,#11033,#11031,1.,#11034);
#11036=IFCMAPPEDITEM(#10942,#11035);
#11037=IFCSHAPEREPRESENTATION(#11,'Body','MappedRepresentation',(#11036));
#11038=IFCCARTESIANPOINT((0.,0.,0.));
#11039=IFCDIRECTION((1.,0.,0.));
#11040=IFCDIRECTION((0.,1.,0.));
#11041=IFCDIRECTION((0.,0.,1.));
#11042=IFCCARTESIANTRANSFORMATIONOPERATOR3D(#11039,#11040,#11038,1.,#11041);
#11043=IFCMAPPEDITEM(#11002,#11042);
#11044=IFCSHAPEREPRESENTATION(#24,'Body','MappedRepresentation',(#11043));
#11045=IFCOPENINGELEMENT('0JcZ5MBGj56gTwQgqciOmp',$,'Opening',$,$,#11182,#11073,$,.OPENING.);
#11061=IFCCARTESIANPOINT((0.,0.,0.));
#11062=IFCDIRECTION((1.,0.,0.));
#11063=IFCDIRECTION((0.,0.,1.));
#11064=IFCAXIS2PLACEMENT3D(#11061,#11063,#11062);
#11065=IFCREPRESENTATIONMAP(#11064,#11172);
#11066=IFCCARTESIANPOINT((0.,0.,0.));
#11067=IFCDIRECTION((1.,0.,0.));
#11068=IFCDIRECTION((0.,1.,0.));
#11069=IFCDIRECTION((0.,0.,1.));
#11070=IFCCARTESIANTRANSFORMATIONOPERATOR3D(#11067,#11068,#11066,1.,#11069);
#11071=IFCMAPPEDITEM(#11065,#11070);
#11072=IFCSHAPEREPRESENTATION(#11,'Body','MappedRepresentation',(#11071));
#11073=IFCPRODUCTDEFINITIONSHAPE($,$,(#11072));
#11074=IFCRELVOIDSELEMENT('1MDXRIupn0f9375Nyfc9ev',$,$,$,#9835,#11045);
#11080=IFCRELFILLSELEMENT('28CJtoi8b93ORwJepJtcAo',$,$,$,#11045,#11021);
#11086=IFCCARTESIANPOINTLIST3D(((0.,0.,0.),(0.89999997615814209,0.,0.),(0.89999997615814209,0.,2.),(0.,0.,2.)));
#11087=IFCINDEXEDPOLYCURVE(#11086,(IFCLINEINDEX((1,2,3,4,1))),$);
#11088=IFCSHAPEREPRESENTATION(#18,'Profile','Curve3D',(#11087));
#11089=IFCCARTESIANPOINTLIST2D(((0.,0.),(0.,2.),(0.89999997615814209,2.),(0.89999997615814209,0.),(0.80526347458362579,0.),(0.80526347458362579,1.9052634984254837),(0.094736501574516296,1.9052634984254837),(0.094736501574516296,0.)));
#11090=IFCINDEXEDPOLYCURVE(#11089,(IFCLINEINDEX((1,2,3,4,5,6,7,8,1))),$);
#11091=IFCARBITRARYCLOSEDPROFILEDEF(.AREA.,$,#11090);
#11092=IFCCARTESIANPOINT((0.,-0.015692234039306641,0.));
#11093=IFCDIRECTION((0.,-1.,0.));
#11094=IFCDIRECTION((1.,0.,0.));
#11095=IFCAXIS2PLACEMENT3D(#11092,#11093,#11094);
#11096=IFCDIRECTION((0.,0.,-1.));
#11097=IFCEXTRUDEDAREASOLID(#11091,#11095,#11096,0.086005017161369324);
#11098=IFCCARTESIANPOINTLIST2D(((0.,0.),(0.7105269730091095,0.),(0.7105269730091095,0.010999999940395355),(0.,0.010999999940395355)));
#11099=IFCINDEXEDPOLYCURVE(#11098,(IFCLINEINDEX((1,2,3,4,1))),$);
#11100=IFCARBITRARYCLOSEDPROFILEDEF(.AREA.,$,#11099);
#11101=IFCCARTESIANPOINT((0.094736501574516296,0.23000003397464752,0.));
#11102=IFCDIRECTION((0.,0.,1.));
#11103=IFCDIRECTION((1.,0.,0.));
#11104=IFCAXIS2PLACEMENT3D(#11101,#11102,#11103);
#11105=IFCDIRECTION((0.,0.,1.));
#11106=IFCEXTRUDEDAREASOLID(#11100,#11104,#11105,0.02500000037252903);
#11107=IFCCARTESIANPOINTLIST2D(((0.,0.),(0.7105269730091095,0.),(0.7105269730091095,0.094999991357326508),(0.,0.094999991357326508)));
#11108=IFCINDEXEDPOLYCURVE(#11107,(IFCLINEINDEX((1,2,3,4,1))),$);
#11109=IFCARBITRARYCLOSEDPROFILEDEF(.AREA.,$,#11108);
#11110=IFCCARTESIANPOINT((0.094736501574516296,-0.11069222539663315,0.02500000037252903));
#11111=IFCDIRECTION((0.,0.,1.));
#11112=IFCDIRECTION((1.,0.,0.));
#11113=IFCAXIS2PLACEMENT3D(#11110,#11111,#11112);
#11114=IFCDIRECTION((0.,0.,1.));
#11115=IFCEXTRUDEDAREASOLID(#11109,#11113,#11114,1.8802634980529547);
#11116=IFCCARTESIANPOINTLIST2D(((0.,0.),(0.,-0.040000000000000008),(-0.11999999999999988,-0.040000000000000008),(-0.11999999999999988,-0.020000000000000004),(-0.019999999999999907,-0.020000000000000004),(-0.019999999999999907,0.)));
#11117=IFCINDEXEDPOLYCURVE(#11116,(IFCLINEINDEX((1,2,3,4,5,6,1))),$);
#11118=IFCARBITRARYCLOSEDPROFILEDEF(.AREA.,$,#11117);
#11119=IFCCARTESIANPOINT((0.75526347458362575,-0.11069222539663315,1.015000000372529));
#11120=IFCDIRECTION((0.,0.,1.));
#11121=IFCDIRECTION((1.,0.,0.));
#11122=IFCAXIS2PLACEMENT3D(#11119,#11120,#11121);
#11123=IFCDIRECTION((0.,0.,1.));
#11124=IFCEXTRUDEDAREASOLID(#11118,#11122,#11123,0.02);
#11125=IFCEXTRUDEDAREASOLID(#11126,#11129,#11133,0.02);
#11126=IFCARBITRARYCLOSEDPROFILEDEF(.AREA.,$,#11127);
#11127=IFCINDEXEDPOLYCURVE(#11128,(IFCLINEINDEX((1,2,3,4,5,6,1))),$);
#11128=IFCCARTESIANPOINTLIST2D(((0.,0.),(0.,0.040000000000000008),(-0.11999999999999988,0.040000000000000008),(-0.11999999999999988,0.020000000000000004),(-0.019999999999999796,0.020000000000000004),(-0.019999999999999796,0.)));
#11129=IFCAXIS2PLACEMENT3D(#11130,#11131,#11132);
#11130=IFCCARTESIANPOINT((0.75526347458362575,-0.015692234039306641,1.015000000372529));
#11131=IFCDIRECTION((0.,0.,1.));
#11132=IFCDIRECTION((1.,0.,0.));
#11133=IFCDIRECTION((0.,0.,1.));
#11134=IFCSHAPEREPRESENTATION(#11,'Body','SweptSolid',(#11097,#11115,#11124,#11125,#11106));
#11135=IFCSHAPEREPRESENTATION(#11,'Body','SweptSolid',(#11097,#11106));
#11136=IFCSHAPEASPECT((#11135),'Lining',$,.T.,#11030);
#11137=IFCSHAPEREPRESENTATION(#11,'Body','SweptSolid',(#11115,#11124,#11125));
#11138=IFCSHAPEASPECT((#11137),'Framing',$,.T.,#11030);
#11139=IFCCARTESIANPOINTLIST2D(((0.,-0.015692234039306641),(0.094736501574516296,-0.015692234039306641),(0.094736501574516296,0.070312783122062683),(0.,0.070312783122062683)));
#11140=IFCINDEXEDPOLYCURVE(#11139,(IFCLINEINDEX((1,2,3,4,1))),$);
#11141=IFCINDEXEDPOLYCURVE(#11142,(IFCLINEINDEX((1,2,3,4,1))),$);
#11142=IFCCARTESIANPOINTLIST2D(((0.89999997615814209,-0.015692234039306641),(0.80526347458362579,-0.015692234039306641),(0.80526347458362579,0.070312783122062683),(0.89999997615814209,0.070312783122062683)));
#11143=IFCCARTESIANPOINTLIST2D(((-0.26052698493003845,-0.11069222539663315),(0.44999998807907104,-0.11069222539663315),(0.44999998807907104,-0.015692234039306641),(-0.26052698493003845,-0.015692234039306641)));
#11144=IFCINDEXEDPOLYCURVE(#11143,(IFCLINEINDEX((1,2,3,4,1))),$);
#11145=IFCSHAPEREPRESENTATION(#24,'Body','Curve2D',(#11140,#11141,#11144));
#11146=IFCCARTESIANPOINTLIST2D(((0.34342094212770458,-0.14158741947578024),(0.55657903403043751,-0.14158741947578024)));
#11147=IFCINDEXEDPOLYCURVE(#11146,$,$);
#11148=IFCCARTESIANPOINTLIST2D(((0.3734209421277046,-0.11052913406347775),(0.34342094212770458,-0.14158741947578024),(0.3734209421277046,-0.17264570488808273)));
#11149=IFCINDEXEDPOLYCURVE(#11148,$,$);
#11150=IFCSHAPEREPRESENTATION(#25,'Annotation','Curve2D',(#11147,#11149));
#11151=IFCCARTESIANPOINT((0.,0.,0.));
#11152=IFCDIRECTION((1.,0.,0.));
#11153=IFCDIRECTION((0.,0.,1.));
#11154=IFCAXIS2PLACEMENT3D(#11151,#11153,#11152);
#11155=IFCREPRESENTATIONMAP(#11154,#11150);
#11156=IFCCARTESIANPOINT((0.,0.,0.));
#11157=IFCDIRECTION((1.,0.,0.));
#11158=IFCDIRECTION((0.,1.,0.));
#11159=IFCDIRECTION((0.,0.,1.));
#11160=IFCCARTESIANTRANSFORMATIONOPERATOR3D(#11157,#11158,#11156,1.,#11159);
#11161=IFCMAPPEDITEM(#11155,#11160);
#11162=IFCSHAPEREPRESENTATION(#25,'Annotation','MappedRepresentation',(#11161));
#11163=IFCCARTESIANPOINTLIST2D(((0.,0.),(0.89999997615814209,0.),(0.89999997615814209,2.),(0.,2.)));
#11164=IFCINDEXEDPOLYCURVE(#11163,(IFCLINEINDEX((1,2,3,4,1))),$);
#11165=IFCARBITRARYCLOSEDPROFILEDEF(.AREA.,$,#11164);
#11166=IFCCARTESIANPOINT((0.,-0.60000002384185791,0.));
#11167=IFCDIRECTION((0.,-1.,0.));
#11168=IFCDIRECTION((1.,0.,0.));
#11169=IFCAXIS2PLACEMENT3D(#11166,#11167,#11168);
#11170=IFCDIRECTION((0.,0.,-1.));
#11171=IFCEXTRUDEDAREASOLID(#11165,#11169,#11170,1.2);
#11172=IFCSHAPEREPRESENTATION(#11,'Body','SweptSolid',(#11171));
#11178=IFCCARTESIANPOINT((2.4034867011327714,0.10000005398597578,0.));
#11179=IFCDIRECTION((0.,0.,1.));
#11180=IFCDIRECTION((-0.999999999999996,8.742790375454489E-08,0.));
#11181=IFCAXIS2PLACEMENT3D(#11178,#11179,#11180);
#11182=IFCLOCALPLACEMENT(#9904,#11181);
#11183=IFCCARTESIANPOINT((6.6613381477509392E-16,-4.4408920985006262E-16,0.));
#11184=IFCDIRECTION((0.,0.,1.));
#11185=IFCDIRECTION((0.99999999999999978,-2.7105054312137611E-20,0.));
#11186=IFCAXIS2PLACEMENT3D(#11183,#11184,#11185);
#11187=IFCLOCALPLACEMENT(#11182,#11186);
ENDSEC;
END-ISO-10303-21;
